Timestamp,Building,Building_Type,Energy_kWh,Temperature,Humidity,Occupancy,Holiday,Exam_Day,Weekend,Solar_Output,Equipment_Load,Carbon_Emission,Cost,Year,Month,Day,Hour,DayOfWeek,Lag_1,Lag_24,Lag_168,RollingMean_3,RollingMean_24,RollingStd_24,Hour_Sin,Hour_Cos,Day_Sin,Day_Cos,Anomaly
2025-01-08 21:00:00,AI_Lab,Lab,784.86,18.99,55.33,301,1,0,0,0.0,91,643.58,6278.84,2025,1,8,21,2,702.64,646.84,802.82,770.7266666666666,722.5679166666665,64.32892445516222,-0.7071067811865477,0.7071067811865474,0.9749279121818236,-0.2225209339563143,-1
2025-01-09 20:00:00,AI_Lab,Lab,871.7,19.69,62.65,399,0,0,0,0.0,98,714.79,6973.59,2025,1,9,20,3,676.63,702.64,760.94,737.8433333333334,712.7604166666666,59.25073270353538,-0.8660254037844386,0.5000000000000001,0.4338837391175582,-0.900968867902419,-1
2025-01-10 19:00:00,AI_Lab,Lab,848.79,33.81,43.15,236,0,0,0,0.0,99,696.01,6790.34,2025,1,10,19,4,811.86,676.63,789.87,764.34,736.3633333333333,66.40652571826814,-0.9659258262890684,0.2588190451025203,-0.433883739117558,-0.9009688679024191,-1
2025-01-11 11:00:00,AI_Lab,Lab,678.12,27.26,70.89,66,0,1,1,60.85,84,556.06,5424.93,2025,1,11,11,5,607.92,702.66,673.79,680.7566666666667,727.125,75.0693001571678,0.258819045102521,-0.9659258262890682,-0.9749279121818236,-0.2225209339563146,-1
2025-01-11 13:00:00,AI_Lab,Lab,689.8,23.85,75.22,85,1,0,1,36.46,94,565.64,5518.39,2025,1,11,13,5,668.41,742.53,585.38,678.7766666666666,722.5262499999999,76.2458178931517,-0.2588190451025208,-0.9659258262890684,-0.9749279121818236,-0.2225209339563146,-1
2025-01-12 08:00:00,AI_Lab,Lab,761.89,26.67,73.85,299,0,1,1,50.92,91,624.75,6095.14,2025,1,12,8,6,653.97,829.8,703.23,685.7666666666668,697.4187499999999,72.05488543992611,0.8660254037844387,-0.4999999999999998,-0.7818314824680299,0.6234898018587334,-1
2025-01-12 17:00:00,AI_Lab,Lab,734.85,24.82,78.99,212,1,0,1,36.39,80,602.58,5878.81,2025,1,12,17,6,668.89,654.25,721.49,708.6733333333333,710.5008333333334,63.72384011714422,-0.9659258262890684,-0.2588190451025206,-0.7818314824680299,0.6234898018587334,-1
2025-01-12 20:00:00,AI_Lab,Lab,835.54,33.07,72.1,326,0,0,1,0.0,87,685.14,6684.29,2025,1,12,20,6,736.61,698.94,805.1,809.6233333333333,718.5333333333333,72.52196906525249,-0.8660254037844386,0.5000000000000001,-0.7818314824680299,0.6234898018587334,-1
2025-01-12 23:00:00,AI_Lab,Lab,687.94,30.45,76.38,29,0,0,1,0.0,90,564.11,5503.49,2025,1,12,23,6,749.25,588.14,786.18,726.02,723.8433333333332,64.57444020304179,-0.2588190451025215,0.965925826289068,-0.7818314824680299,0.6234898018587334,-1
2025-01-14 09:00:00,AI_Lab,Lab,743.09,30.01,54.75,209,1,0,0,62.45,98,609.33,5944.71,2025,1,14,9,1,603.74,706.58,591.04,683.7033333333333,728.48875,66.56458206378278,0.7071067811865476,-0.7071067811865475,0.7818314824680298,0.6234898018587336,-1
2025-01-17 02:00:00,AI_Lab,Lab,680.79,27.67,75.97,21,1,0,0,0.0,52,558.25,5446.35,2025,1,17,2,4,639.74,804.78,672.11,684.0633333333334,711.3337499999999,55.07725213477328,0.4999999999999999,0.8660254037844387,-0.433883739117558,-0.9009688679024191,-1
2025-01-17 03:00:00,AI_Lab,Lab,833.52,28.41,57.46,343,1,0,0,0.0,79,683.49,6668.19,2025,1,17,3,4,680.79,638.85,761.36,718.0166666666668,719.445,58.18529389877611,0.7071067811865476,0.7071067811865476,-0.433883739117558,-0.9009688679024191,-1
2025-01-17 08:00:00,AI_Lab,Lab,800.46,25.95,60.56,282,1,0,0,17.77,91,656.38,6403.69,2025,1,17,8,4,762.19,713.63,730.11,806.4366666666666,729.5770833333332,61.89796038496614,0.8660254037844387,-0.4999999999999998,-0.433883739117558,-0.9009688679024191,-1
2025-01-18 00:00:00,AI_Lab,Lab,742.79,32.67,62.55,317,1,0,1,0.0,20,609.09,5942.3,2025,1,18,0,5,645.04,731.66,755.15,688.1233333333333,724.7824999999999,60.97844752897103,0.0,1.0,-0.9749279121818236,-0.2225209339563146,-1
2025-01-19 23:00:00,AI_Lab,Lab,874.29,33.26,61.96,353,1,0,1,0.0,77,716.91,6994.29,2025,1,19,23,6,763.07,762.53,687.94,777.88,704.2595833333334,69.5737612009363,-0.2588190451025215,0.965925826289068,-0.7818314824680299,0.6234898018587334,-1
2025-01-20 06:00:00,AI_Lab,Lab,784.95,35.2,79.5,237,0,0,0,0.0,85,643.66,6279.6,2025,1,20,6,0,831.56,755.36,786.28,817.2733333333332,726.4454166666668,78.0197308366213,1.0,6.123233995736766e-17,0.0,1.0,-1
2025-01-20 15:00:00,AI_Lab,Lab,709.57,21.58,77.93,121,1,0,0,39.79,87,581.84,5676.53,2025,1,20,15,0,807.56,609.78,732.55,785.8966666666666,750.5475,65.95406730049538,-0.7071067811865471,-0.7071067811865479,0.0,1.0,-1
2025-01-22 05:00:00,AI_Lab,Lab,632.83,22.66,83.48,34,1,0,0,0.0,68,518.92,5062.63,2025,1,22,5,2,842.53,676.88,775.09,781.5833333333334,723.36875,71.92002365626267,0.9659258262890684,0.2588190451025207,0.9749279121818236,-0.2225209339563143,-1
2025-01-23 06:00:00,AI_Lab,Lab,802.68,20.55,64.71,392,0,1,0,0.0,69,658.2,6421.42,2025,1,23,6,3,781.86,682.97,825.1,802.0666666666666,728.61,78.98657684530409,1.0,6.123233995736766e-17,0.4338837391175582,-0.900968867902419,-1
2025-01-23 11:00:00,AI_Lab,Lab,657.76,28.03,71.42,84,1,0,0,32.51,84,539.36,5262.07,2025,1,23,11,3,597.22,773.7,718.39,640.7766666666666,721.7458333333334,87.2727003441644,0.258819045102521,-0.9659258262890682,0.4338837391175582,-0.900968867902419,-1
2025-01-23 20:00:00,AI_Lab,Lab,804.0,23.57,68.8,328,0,1,0,0.0,68,659.28,6432.02,2025,1,23,20,3,686.88,828.52,753.44,729.5433333333334,731.6991666666667,80.924481162682,-0.8660254037844386,0.5000000000000001,0.4338837391175582,-0.900968867902419,-1
2025-01-23 21:00:00,AI_Lab,Lab,648.08,23.96,67.0,31,0,1,0,0.0,64,531.43,5184.65,2025,1,23,21,3,804.0,871.1,687.95,712.9866666666667,722.4066666666668,76.92709912449666,-0.7071067811865477,0.7071067811865474,0.4338837391175582,-0.900968867902419,-1
2025-01-25 04:00:00,AI_Lab,Lab,676.55,23.53,50.42,122,1,0,1,0.0,82,554.77,5412.37,2025,1,25,4,5,747.1,660.13,723.88,702.4966666666668,729.685,73.6911115517951,0.8660254037844386,0.5000000000000001,-0.9749279121818236,-0.2225209339563146,-1
2025-01-25 05:00:00,AI_Lab,Lab,671.49,22.47,48.88,101,1,1,1,0.0,40,550.62,5371.93,2025,1,25,5,5,676.55,675.48,656.29,698.38,729.5187500000001,73.82309961996977,0.9659258262890684,0.2588190451025207,-0.9749279121818236,-0.2225209339563146,-1
2025-01-25 08:00:00,AI_Lab,Lab,730.4,24.63,74.77,278,0,1,1,41.55,65,598.93,5843.22,2025,1,25,8,5,645.39,713.95,788.34,723.8033333333333,730.9166666666666,70.98624831103093,0.8660254037844387,-0.4999999999999998,-0.9749279121818236,-0.2225209339563146,-1
2025-01-25 22:00:00,AI_Lab,Lab,817.83,25.07,56.1,394,0,0,1,0.0,63,670.62,6542.68,2025,1,25,22,5,676.83,798.89,645.06,750.07,695.5104166666666,60.02811134787383,-0.5000000000000004,0.8660254037844384,-0.9749279121818236,-0.2225209339563146,-1
2025-01-26 22:00:00,AI_Lab,Lab,849.53,28.06,65.65,371,0,0,1,0.0,98,696.62,6796.26,2025,1,26,22,6,727.82,817.83,763.07,798.9133333333333,717.5670833333334,63.24813813923448,-0.5000000000000004,0.8660254037844384,-0.7818314824680299,0.6234898018587334,-1
2025-01-27 04:00:00,AI_Lab,Lab,757.56,24.74,57.5,190,0,1,0,0.0,87,621.2,6060.47,2025,1,27,4,0,785.09,787.7,835.31,761.3433333333332,707.3233333333334,60.18099791582817,0.8660254037844386,0.5000000000000001,0.0,1.0,-1
2025-01-27 20:00:00,AI_Lab,Lab,838.97,27.76,59.9,388,0,1,0,0.0,59,687.95,6711.72,2025,1,27,20,0,753.27,819.39,801.82,815.5,734.8433333333332,70.59970480703528,-0.8660254037844386,0.5000000000000001,0.0,1.0,-1
2025-01-28 11:00:00,AI_Lab,Lab,625.5,21.06,49.34,61,0,0,0,68.1,93,512.91,5003.99,2025,1,28,11,1,658.13,762.9,791.86,633.7199999999999,722.32375,81.72394374342339,0.258819045102521,-0.9659258262890682,0.7818314824680298,0.6234898018587336,-1
2025-01-28 23:00:00,AI_Lab,Lab,862.14,30.19,65.95,295,0,0,0,0.0,95,706.95,6897.11,2025,1,28,23,1,742.92,802.0,705.17,791.5066666666667,704.4116666666667,79.38902895766263,-0.2588190451025215,0.965925826289068,0.7818314824680298,0.6234898018587336,-1
2025-01-29 03:00:00,AI_Lab,Lab,806.46,24.65,64.6,340,0,1,0,0.0,41,661.3,6451.72,2025,1,29,3,2,745.63,806.61,869.39,781.8666666666667,712.32875,78.88052128060512,0.7071067811865476,0.7071067811865476,0.9749279121818236,-0.2225209339563143,-1
2025-01-30 20:00:00,AI_Lab,Lab,721.31,32.06,58.61,119,0,1,0,0.0,87,591.47,5770.47,2025,1,30,20,3,749.0,688.7,804.0,747.4866666666667,718.9766666666668,51.51959548405407,-0.8660254037844386,0.5000000000000001,0.4338837391175582,-0.900968867902419,-1
2025-01-30 23:00:00,AI_Lab,Lab,765.54,26.53,77.47,390,1,0,0,0.0,22,627.74,6124.32,2025,1,30,23,3,672.87,667.48,685.52,733.9466666666666,721.05375,50.35385273567525,-0.2588190451025215,0.965925826289068,0.4338837391175582,-0.900968867902419,-1
2025-01-31 13:00:00,AI_Lab,Lab,678.67,26.8,61.08,143,1,0,0,42.66,80,556.51,5429.32,2025,1,31,13,4,641.04,667.65,782.38,649.94,697.0216666666666,43.80057183135448,-0.2588190451025208,-0.9659258262890684,-0.433883739117558,-0.9009688679024191,-1
2025-02-01 00:00:00,AI_Lab,Lab,691.6,29.14,43.78,135,0,1,1,0.0,46,567.11,5532.78,2025,2,1,0,5,745.98,722.24,639.26,707.8633333333333,695.4695833333334,51.66805164401331,0.0,1.0,-0.9749279121818236,-0.2225209339563146,-1
2025-02-01 14:00:00,AI_Lab,Lab,819.98,36.39,51.34,391,0,0,1,50.76,85,672.39,6559.88,2025,2,1,14,5,650.16,786.0,781.4,751.3966666666666,728.0004166666666,59.48570456542418,-0.4999999999999997,-0.8660254037844388,-0.9749279121818236,-0.2225209339563146,-1
2025-02-02 01:00:00,AI_Lab,Lab,750.19,34.09,59.24,158,0,0,1,0.0,89,615.16,6001.55,2025,2,2,1,6,720.21,812.88,740.07,742.9566666666666,737.475,55.866134721274975,0.2588190451025207,0.9659258262890684,-0.7818314824680299,0.6234898018587334,-1
2025-02-02 16:00:00,AI_Lab,Lab,698.62,24.9,60.31,285,0,1,1,67.89,53,572.87,5588.98,2025,2,2,16,6,717.49,792.2,626.34,709.2066666666666,725.1279166666667,40.04208220915741,-0.8660254037844385,-0.5000000000000004,-0.7818314824680299,0.6234898018587334,-1
2025-02-02 17:00:00,AI_Lab,Lab,844.28,26.3,76.11,397,0,0,1,14.77,82,692.31,6754.23,2025,2,2,17,6,698.62,803.48,681.35,753.4633333333333,726.8279166666666,44.16681913905856,-0.9659258262890684,-0.2588190451025206,-0.7818314824680299,0.6234898018587334,-1
2025-02-02 20:00:00,AI_Lab,Lab,680.75,26.82,62.88,60,0,0,1,0.0,86,558.21,5445.99,2025,2,2,20,6,784.84,674.8,819.39,716.5833333333334,727.8158333333332,45.70667318005541,-0.8660254037844386,0.5000000000000001,-0.7818314824680299,0.6234898018587334,-1
2025-02-02 22:00:00,AI_Lab,Lab,652.21,32.42,72.88,25,0,0,1,0.0,42,534.81,5217.64,2025,2,2,22,6,809.69,759.8,849.53,714.2166666666667,728.0629166666668,50.40833682594538,-0.5000000000000004,0.8660254037844384,-0.7818314824680299,0.6234898018587334,-1
2025-02-03 11:00:00,AI_Lab,Lab,852.34,32.78,83.45,383,0,1,0,57.5,93,698.92,6818.74,2025,2,3,11,0,706.16,805.54,762.9,744.84,713.4391666666667,78.07669317194895,0.258819045102521,-0.9659258262890682,0.0,1.0,-1
2025-02-03 17:00:00,AI_Lab,Lab,759.33,28.87,57.0,227,0,0,0,22.9,99,622.65,6074.63,2025,2,3,17,0,533.4,844.28,721.78,668.23,702.8333333333334,83.04154642035547,-0.9659258262890684,-0.2588190451025206,0.0,1.0,-1
2025-02-03 22:00:00,AI_Lab,Lab,784.78,33.14,57.99,334,0,1,0,0.0,43,643.52,6278.25,2025,2,3,22,0,649.92,652.21,775.48,707.46,697.3070833333335,80.1531251108541,-0.5000000000000004,0.8660254037844384,0.0,1.0,-1
2025-02-04 19:00:00,AI_Lab,Lab,716.95,20.81,49.88,208,1,0,0,0.0,58,587.9,5735.6,2025,2,4,19,1,721.13,662.71,741.5,668.6666666666666,690.81,65.92983048534316,-0.9659258262890684,0.2588190451025203,0.7818314824680298,0.6234898018587336,-1
2025-02-04 20:00:00,AI_Lab,Lab,719.35,25.45,62.87,125,1,0,0,0.0,88,589.87,5754.8,2025,2,4,20,1,716.95,687.68,853.35,719.1433333333334,692.1295833333334,66.18091873166058,-0.8660254037844386,0.5000000000000001,0.7818314824680298,0.6234898018587336,-1
2025-02-04 22:00:00,AI_Lab,Lab,689.93,29.21,68.31,38,0,1,0,0.0,81,565.74,5519.42,2025,2,4,22,1,703.03,784.78,742.92,704.1033333333334,690.3904166666666,62.70127170745328,-0.5000000000000004,0.8660254037844384,0.7818314824680298,0.6234898018587336,-1
2025-02-07 20:00:00,AI_Lab,Lab,724.43,28.88,73.1,62,0,1,0,0.0,86,594.03,5795.42,2025,2,7,20,4,796.54,753.5,744.44,728.0033333333332,701.1933333333333,68.91087998066878,-0.8660254037844386,0.5000000000000001,-0.433883739117558,-0.9009688679024191,-1
2025-02-08 14:00:00,AI_Lab,Lab,809.91,24.59,74.37,338,0,0,1,69.14,99,664.13,6479.28,2025,2,8,14,5,712.86,735.56,819.98,785.7633333333333,732.3833333333333,61.772148196040966,-0.4999999999999997,-0.8660254037844388,-0.9749279121818236,-0.2225209339563146,-1
2025-02-08 16:00:00,AI_Lab,Lab,729.34,31.55,92.4,305,0,1,1,60.92,23,598.06,5834.75,2025,2,8,16,5,738.52,609.39,792.2,759.2566666666667,738.2624999999999,55.80555163671703,-0.8660254037844385,-0.5000000000000004,-0.9749279121818236,-0.2225209339563146,-1
2025-02-09 03:00:00,AI_Lab,Lab,746.05,29.84,61.64,163,0,1,1,0.0,87,611.76,5968.41,2025,2,9,3,6,674.03,827.21,708.76,714.1599999999999,725.4654166666666,65.5176637967508,0.7071067811865476,0.7071067811865476,-0.7818314824680299,0.6234898018587334,-1
2025-02-09 04:00:00,AI_Lab,Lab,691.16,25.09,73.36,130,1,0,1,0.0,53,566.75,5529.24,2025,2,9,4,6,746.05,798.99,782.97,703.7466666666666,720.9725,63.93458078039788,0.8660254037844386,0.5000000000000001,-0.7818314824680299,0.6234898018587334,-1
2025-02-12 00:00:00,AI_Lab,Lab,809.55,29.4,38.07,370,0,1,0,0.0,56,663.83,6476.36,2025,2,12,0,2,762.09,749.96,814.36,777.6166666666667,729.14,68.34276769089901,0.0,1.0,0.9749279121818236,-0.2225209339563143,-1
2025-02-12 11:00:00,AI_Lab,Lab,776.21,28.38,76.14,307,1,0,0,67.02,72,636.49,6209.68,2025,2,12,11,2,718.29,702.67,736.46,714.43,725.8233333333334,63.62193774413706,0.258819045102521,-0.9659258262890682,0.9749279121818236,-0.2225209339563143,-1
2025-02-13 21:00:00,AI_Lab,Lab,748.06,30.1,67.47,225,1,0,0,0.0,77,613.41,5984.45,2025,2,13,21,3,673.58,669.97,600.94,722.0799999999999,732.0354166666666,76.83633634178265,-0.7071067811865477,0.7071067811865474,0.4338837391175582,-0.900968867902419,-1
2025-02-15 06:00:00,AI_Lab,Lab,681.8,23.51,68.54,157,1,0,1,0.0,41,559.08,5454.4,2025,2,15,6,5,611.12,827.11,736.65,636.1633333333333,713.2854166666667,82.33493056487755,1.0,6.123233995736766e-17,-0.9749279121818236,-0.2225209339563146,-1
2025-02-15 07:00:00,AI_Lab,Lab,860.03,31.81,44.33,324,0,0,1,40.99,91,705.22,6880.22,2025,2,15,7,5,681.8,659.23,706.85,717.65,721.6520833333334,86.69032747705897,0.9659258262890684,-0.2588190451025206,-0.9749279121818236,-0.2225209339563146,-1
2025-02-15 11:00:00,AI_Lab,Lab,742.04,30.52,71.07,271,0,0,1,69.71,58,608.48,5936.35,2025,2,15,11,5,755.51,692.25,824.43,773.4900000000001,723.0804166666667,85.42313979749477,0.258819045102521,-0.9659258262890682,-0.9749279121818236,-0.2225209339563146,-1
2025-02-15 12:00:00,AI_Lab,Lab,605.15,31.0,63.53,85,0,1,1,37.14,50,496.23,4841.23,2025,2,15,12,5,742.04,764.09,834.52,700.9,716.4579166666667,88.22077340790219,1.2246467991473532e-16,-1.0,-0.9749279121818236,-0.2225209339563146,-1
2025-02-15 15:00:00,AI_Lab,Lab,726.22,29.28,57.68,151,1,0,1,53.13,81,595.5,5809.76,2025,2,15,15,5,736.7,720.0,738.52,699.9133333333333,716.2524999999999,88.70428626720317,-0.7071067811865471,-0.7071067811865479,-0.9749279121818236,-0.2225209339563146,-1
2025-02-16 20:00:00,AI_Lab,Lab,749.51,23.08,46.7,242,1,0,1,0.0,40,614.6,5996.06,2025,2,16,20,6,663.88,736.24,781.02,696.17,702.28875,50.906935575360826,-0.8660254037844386,0.5000000000000001,-0.7818314824680299,0.6234898018587334,-1
2025-02-17 08:00:00,AI_Lab,Lab,844.08,32.44,39.81,370,1,0,0,11.62,77,692.14,6752.62,2025,2,17,8,0,667.22,659.77,790.91,748.7233333333334,717.6687499999999,54.96664026341652,0.8660254037844387,-0.4999999999999998,0.0,1.0,-1
2025-02-17 19:00:00,AI_Lab,Lab,818.16,28.52,64.87,356,1,0,0,0.0,93,670.89,6545.28,2025,2,17,19,0,611.84,663.88,679.03,740.4699999999999,730.7437500000001,61.58267986405873,-0.9659258262890684,0.2588190451025203,0.0,1.0,-1
2025-02-18 17:00:00,AI_Lab,Lab,795.52,31.8,98.37,289,1,0,0,43.03,98,652.32,6364.14,2025,2,18,17,1,735.06,791.41,666.21,723.5933333333332,704.9895833333334,65.61751678107385,-0.9659258262890684,-0.2588190451025206,0.7818314824680298,0.6234898018587336,-1
2025-02-19 00:00:00,AI_Lab,Lab,862.83,27.99,73.24,369,0,0,0,0.0,96,707.52,6902.63,2025,2,19,0,2,749.19,817.73,809.55,796.8766666666667,723.1129166666668,78.30196990576424,0.0,1.0,0.9749279121818236,-0.2225209339563143,-1
2025-02-19 01:00:00,AI_Lab,Lab,819.4,17.11,54.29,390,0,0,0,0.0,85,671.91,6555.22,2025,2,19,1,2,862.83,702.16,830.54,810.4733333333334,727.9979166666667,80.56243206785919,0.2588190451025207,0.9659258262890684,0.9749279121818236,-0.2225209339563143,-1
2025-02-21 21:00:00,AI_Lab,Lab,655.25,20.75,69.07,78,0,0,0,0.0,92,537.3,5241.97,2025,2,21,21,4,792.41,666.6,830.83,763.4733333333334,706.49125,77.93229705620462,-0.7071067811865477,0.7071067811865474,-0.433883739117558,-0.9009688679024191,-1
2025-02-22 00:00:00,AI_Lab,Lab,606.85,31.36,51.51,30,1,0,1,0.0,24,497.62,4854.83,2025,2,22,0,5,659.81,702.77,672.49,650.1366666666667,696.3920833333333,78.2309790177759,0.0,1.0,-0.9749279121818236,-0.2225209339563146,-1
2025-02-22 07:00:00,AI_Lab,Lab,793.58,29.94,79.83,334,0,0,1,36.77,89,650.73,6348.6,2025,2,22,7,5,647.25,748.13,860.03,738.1766666666667,703.53625,78.87695331075452,0.9659258262890684,-0.2588190451025206,-0.9749279121818236,-0.2225209339563146,-1
2025-02-22 08:00:00,AI_Lab,Lab,800.01,28.12,76.37,324,0,1,1,28.02,87,656.01,6400.12,2025,2,22,8,5,793.58,604.79,625.08,746.9466666666667,711.6704166666667,78.31502912452605,0.8660254037844387,-0.4999999999999998,-0.9749279121818236,-0.2225209339563146,-1
2025-02-22 13:00:00,AI_Lab,Lab,799.45,26.76,56.44,250,1,0,1,13.89,82,655.55,6395.63,2025,2,22,13,5,645.36,805.94,636.82,729.5099999999999,720.815,78.37208814367531,-0.2588190451025208,-0.9659258262890684,-0.9749279121818236,-0.2225209339563146,-1
2025-02-22 18:00:00,AI_Lab,Lab,672.07,29.33,68.06,93,1,0,1,0.0,45,551.1,5376.57,2025,2,22,18,5,786.08,651.53,820.95,747.1866666666666,735.2795833333333,72.28293258644898,-1.0,-1.8369701987210292e-16,-0.9749279121818236,-0.2225209339563146,-1
2025-02-23 15:00:00,AI_Lab,Lab,832.71,36.0,70.01,347,1,0,1,58.23,99,682.82,6661.67,2025,2,23,15,6,672.24,598.53,761.04,745.5133333333333,738.7416666666668,55.62234534294018,-0.7071067811865471,-0.7071067811865479,-0.7818314824680299,0.6234898018587334,-1
2025-02-24 06:00:00,AI_Lab,Lab,832.18,25.49,53.57,360,1,0,0,0.0,67,682.39,6657.44,2025,2,24,6,0,829.31,712.87,734.87,763.7833333333333,731.5320833333332,68.33026676620396,1.0,6.123233995736766e-17,0.0,1.0,-1
2025-02-24 09:00:00,AI_Lab,Lab,703.71,36.62,55.28,21,0,0,0,61.48,98,577.04,5629.69,2025,2,24,9,0,738.22,683.46,734.71,685.0266666666666,729.4883333333333,71.90087897307977,0.7071067811865476,-0.7071067811865475,0.0,1.0,-1
2025-02-24 10:00:00,AI_Lab,Lab,745.28,29.16,57.59,272,1,1,0,55.88,50,611.13,5962.28,2025,2,24,10,0,703.71,809.53,678.31,729.07,726.8112499999999,69.96105838017266,0.4999999999999999,-0.8660254037844387,0.0,1.0,-1
2025-02-28 00:00:00,AI_Lab,Lab,751.48,33.77,53.91,147,1,0,0,0.0,91,616.21,6011.84,2025,2,28,0,4,750.0,635.47,702.77,726.93,732.0129166666667,70.90717474454641,0.0,1.0,-0.433883739117558,-0.9009688679024191,-1
2025-03-01 01:00:00,AI_Lab,Lab,828.03,20.79,52.99,308,0,0,1,0.0,95,678.98,6624.24,2025,3,1,1,5,669.27,822.42,795.43,734.8566666666666,701.8554166666667,64.55582626042884,0.2588190451025207,0.9659258262890684,-0.9749279121818236,-0.2225209339563146,-1
2025-03-01 05:00:00,AI_Lab,Lab,690.29,30.49,63.19,190,1,0,1,0.0,25,566.04,5522.29,2025,3,1,5,5,637.09,790.32,773.7,687.25,692.6979166666666,63.24047719886835,0.9659258262890684,0.2588190451025207,-0.9749279121818236,-0.2225209339563146,-1
2025-03-01 07:00:00,AI_Lab,Lab,746.73,28.55,80.3,285,0,1,1,31.46,81,612.32,5973.88,2025,3,1,7,5,826.1,675.93,793.58,754.3733333333333,704.1833333333334,67.29199575546585,0.9659258262890684,-0.2588190451025206,-0.9749279121818236,-0.2225209339563146,-1
2025-03-01 10:00:00,AI_Lab,Lab,712.57,31.07,75.76,284,0,1,1,44.16,52,584.31,5700.54,2025,3,1,10,5,730.56,747.24,789.19,714.3033333333333,707.1720833333334,65.66164176913985,0.4999999999999999,-0.8660254037844387,-0.9749279121818236,-0.2225209339563146,-1
2025-03-01 16:00:00,AI_Lab,Lab,761.69,19.57,53.38,327,1,0,1,47.33,91,624.58,6093.5,2025,3,1,16,5,662.58,625.92,783.41,712.2166666666667,713.2787500000001,59.378313806839365,-0.8660254037844385,-0.5000000000000004,-0.9749279121818236,-0.2225209339563146,-1
2025-03-02 16:00:00,AI_Lab,Lab,616.0,22.19,52.95,25,0,0,1,49.75,91,505.12,4928.01,2025,3,2,16,6,701.92,761.69,704.43,676.5,702.9900000000001,46.68933040763221,-0.8660254037844385,-0.5000000000000004,-0.7818314824680299,0.6234898018587334,-1
2025-03-02 22:00:00,AI_Lab,Lab,666.3,31.0,75.68,95,0,1,1,0.0,50,546.37,5330.44,2025,3,2,22,6,730.28,700.59,743.45,736.1733333333333,699.1887499999999,58.24038702634336,-0.5000000000000004,0.8660254037844384,-0.7818314824680299,0.6234898018587334,-1
2025-03-03 00:00:00,AI_Lab,Lab,762.66,33.07,53.16,241,0,0,0,0.0,68,625.38,6101.25,2025,3,3,0,0,783.0,809.66,787.53,737.32,698.1120833333333,56.303027023356,0.0,1.0,0.0,1.0,-1
2025-03-03 01:00:00,AI_Lab,Lab,654.03,24.13,71.11,42,1,0,0,0.0,47,536.3,5232.24,2025,3,3,1,0,762.66,755.58,632.96,733.2299999999999,693.8808333333333,55.60798143500052,0.2588190451025207,0.9659258262890684,0.0,1.0,-1
2025-03-04 01:00:00,AI_Lab,Lab,833.07,28.02,79.24,356,1,0,0,0.0,82,683.12,6664.56,2025,3,4,1,1,785.11,654.03,662.86,787.3766666666667,720.9608333333334,62.22390865231014,0.2588190451025207,0.9659258262890684,0.7818314824680298,0.6234898018587336,-1
2025-03-06 02:00:00,AI_Lab,Lab,854.36,26.86,76.62,366,0,0,0,0.0,98,700.58,6834.88,2025,3,6,2,3,806.93,746.77,822.21,808.7399999999999,737.7158333333333,58.328778109927335,0.4999999999999999,0.8660254037844387,0.4338837391175582,-0.900968867902419,-1
2025-03-07 02:00:00,AI_Lab,Lab,645.74,23.74,73.45,53,1,0,0,0.0,45,529.51,5165.94,2025,3,7,2,4,760.74,854.36,753.36,690.36,703.5845833333333,71.3514836979988,0.4999999999999999,0.8660254037844387,-0.433883739117558,-0.9009688679024191,-1
2025-03-08 16:00:00,AI_Lab,Lab,750.35,30.01,82.88,241,1,0,1,50.16,94,615.28,6002.77,2025,3,8,16,5,648.25,672.12,761.69,660.5133333333333,711.3866666666667,81.95524742022404,-0.8660254037844385,-0.5000000000000004,-0.9749279121818236,-0.2225209339563146,-1
2025-03-09 00:00:00,AI_Lab,Lab,692.92,23.39,63.63,184,1,0,1,0.0,31,568.2,5543.4,2025,3,9,0,6,678.37,636.5,809.66,667.4399999999999,704.6916666666666,76.02843882485624,0.0,1.0,-0.7818314824680299,0.6234898018587334,-1
2025-03-09 14:00:00,AI_Lab,Lab,789.2,30.02,51.42,334,1,0,1,32.73,66,647.14,6313.59,2025,3,9,14,6,711.88,582.94,711.58,730.8733333333333,721.13875,61.07033858503912,-0.4999999999999997,-0.8660254037844388,-0.7818314824680299,0.6234898018587334,-1
2025-03-10 00:00:00,AI_Lab,Lab,850.91,24.76,77.2,342,0,0,0,0.0,86,697.75,6807.27,2025,3,10,0,0,773.34,692.92,762.66,792.08,730.6333333333333,58.77058423237361,0.0,1.0,0.0,1.0,-1
2025-03-11 00:00:00,AI_Lab,Lab,868.11,26.37,63.81,392,0,0,0,0.0,94,711.85,6944.86,2025,3,11,0,1,790.3,850.91,785.11,800.5566666666667,714.5883333333333,77.32684862866576,0.0,1.0,0.7818314824680298,0.6234898018587336,-1
2025-03-11 14:00:00,AI_Lab,Lab,813.37,33.2,74.33,366,0,0,0,74.44,99,666.97,6506.99,2025,3,11,14,1,792.69,606.83,732.37,784.7966666666666,719.3841666666666,78.56963463216498,-0.4999999999999997,-0.8660254037844388,0.7818314824680298,0.6234898018587336,-1
2025-03-12 00:00:00,AI_Lab,Lab,663.04,33.12,69.52,72,1,0,0,0.0,63,543.69,5304.29,2025,3,12,0,2,785.85,868.11,707.48,744.4666666666667,726.5041666666666,79.26157394111738,0.0,1.0,0.9749279121818236,-0.2225209339563143,-1
2025-03-13 00:00:00,AI_Lab,Lab,837.68,31.85,57.04,360,1,0,0,0.0,64,686.89,6701.41,2025,3,13,0,3,838.57,663.04,764.93,819.32,722.4591666666665,82.95161769089407,0.0,1.0,0.4338837391175582,-0.900968867902419,-1
2025-03-13 21:00:00,AI_Lab,Lab,832.4,25.16,85.89,372,1,0,0,0.0,46,682.56,6659.17,2025,3,13,21,3,828.54,776.68,633.06,819.9166666666666,744.6329166666666,76.36784797391317,-0.7071067811865477,0.7071067811865474,0.4338837391175582,-0.900968867902419,-1
2025-03-16 08:00:00,AI_Lab,Lab,677.37,36.8,78.49,67,0,1,1,49.39,71,555.44,5418.93,2025,3,16,8,6,744.0,835.53,648.2,730.48,740.79,55.70577145963486,0.8660254037844387,-0.4999999999999998,-0.7818314824680299,0.6234898018587334,-1
2025-03-16 18:00:00,AI_Lab,Lab,793.24,35.23,46.08,366,1,0,1,0.0,24,650.46,6345.94,2025,3,16,18,6,567.7,785.56,735.32,677.1533333333333,707.2075,74.82317835781392,-1.0,-1.8369701987210292e-16,-0.7818314824680299,0.6234898018587334,-1
2025-03-17 02:00:00,AI_Lab,Lab,803.5,23.68,70.39,343,1,0,0,0.0,81,658.87,6428.03,2025,3,17,2,0,696.5,714.66,771.11,757.9433333333333,710.42375,72.60281296577632,0.4999999999999999,0.8660254037844387,0.0,1.0,-1
2025-03-18 00:00:00,AI_Lab,Lab,713.46,33.66,69.97,40,0,1,0,0.0,95,585.04,5707.71,2025,3,18,0,1,659.14,773.83,868.11,686.2233333333334,704.895,51.92811260060285,0.0,1.0,0.7818314824680298,0.6234898018587336,-1
2025-03-18 23:00:00,AI_Lab,Lab,841.64,26.11,80.59,353,0,0,0,0.0,94,690.14,6733.1,2025,3,18,23,1,800.88,659.14,785.85,804.8866666666667,739.5016666666667,62.090775459012406,-0.2588190451025215,0.965925826289068,0.7818314824680298,0.6234898018587336,-1
2025-03-19 21:00:00,AI_Lab,Lab,666.01,17.57,86.89,75,0,0,0,0.0,64,546.13,5328.06,2025,3,19,21,2,861.24,772.14,776.68,781.0366666666667,722.6170833333332,83.22161505800254,-0.7071067811865477,0.7071067811865474,0.9749279121818236,-0.2225209339563143,-1
2025-03-21 03:00:00,AI_Lab,Lab,689.52,27.77,54.32,116,1,1,0,0.0,77,565.4,5516.13,2025,3,21,3,4,710.44,745.77,724.0,697.6500000000001,734.3341666666666,58.17530403251367,0.7071067811865476,0.7071067811865476,-0.433883739117558,-0.9009688679024191,-1
2025-03-21 23:00:00,AI_Lab,Lab,731.73,29.44,44.3,342,1,0,0,0.0,21,600.02,5853.83,2025,3,21,23,4,803.81,862.0,680.39,766.7800000000001,716.6075,51.57599553297467,-0.2588190451025215,0.965925826289068,-0.433883739117558,-0.9009688679024191,-1
2025-03-22 10:00:00,AI_Lab,Lab,725.1,32.17,59.86,137,1,0,1,52.65,97,594.59,5800.83,2025,3,22,10,5,759.14,666.86,810.81,701.0033333333334,731.9929166666667,57.548235834341234,0.4999999999999999,-0.8660254037844387,-0.9749279121818236,-0.2225209339563146,-1
2025-03-22 22:00:00,AI_Lab,Lab,674.38,20.85,52.68,41,0,0,1,0.0,88,552.99,5395.01,2025,3,22,22,5,758.06,803.81,809.5,711.0233333333334,708.3683333333333,64.26169578316126,-0.5000000000000004,0.8660254037844384,-0.9749279121818236,-0.2225209339563146,-1
2025-03-25 20:00:00,AI_Lab,Lab,847.17,23.26,61.5,362,0,1,0,0.0,94,694.68,6777.39,2025,3,25,20,1,797.75,696.37,786.79,835.6633333333333,736.13125,70.76899507260927,-0.8660254037844386,0.5000000000000001,0.7818314824680298,0.6234898018587336,-1
2025-03-27 21:00:00,AI_Lab,Lab,638.22,18.72,73.18,35,1,0,0,0.0,53,523.34,5105.75,2025,3,27,21,3,689.53,610.86,703.32,704.1633333333334,733.5491666666667,59.95153919166162,-0.7071067811865477,0.7071067811865474,0.4338837391175582,-0.900968867902419,-1
2025-03-29 01:00:00,AI_Lab,Lab,851.82,26.13,50.37,325,0,0,1,0.0,92,698.49,6814.55,2025,3,29,1,5,759.64,706.99,813.4,786.3966666666666,704.1345833333334,72.04054607011106,0.2588190451025207,0.9659258262890684,-0.9749279121818236,-0.2225209339563146,-1
2025-03-30 03:00:00,AI_Lab,Lab,853.84,20.15,75.06,370,1,0,1,0.0,90,700.15,6830.71,2025,3,30,3,6,660.14,761.26,739.43,735.64,725.2191666666668,69.3442017209723,0.7071067811865476,0.7071067811865476,-0.7818314824680299,0.6234898018587334,-1
2025-03-30 10:00:00,AI_Lab,Lab,810.49,32.98,63.61,312,0,1,1,26.02,68,664.6,6483.94,2025,3,30,10,6,840.36,571.82,651.66,794.29,741.37,62.99376808376645,0.4999999999999999,-0.8660254037844387,-0.7818314824680299,0.6234898018587334,-1
2025-03-30 11:00:00,AI_Lab,Lab,680.57,32.36,84.55,82,1,0,1,51.03,75,558.07,5444.58,2025,3,30,11,6,810.49,715.81,626.21,777.14,739.9016666666666,64.01783825226218,0.258819045102521,-0.9659258262890682,-0.7818314824680299,0.6234898018587334,-1
2025-04-01 19:00:00,AI_Lab,Lab,818.74,29.7,68.2,378,1,0,0,0.0,53,671.37,6549.92,2025,4,1,19,1,638.75,762.8,797.75,727.1333333333333,718.6558333333334,88.17870589427181,-0.9659258262890684,0.2588190451025203,0.7818314824680298,0.6234898018587336,-1
2025-04-01 20:00:00,AI_Lab,Lab,704.69,27.97,80.41,162,0,1,0,0.0,68,577.85,5637.51,2025,4,1,20,1,818.74,624.75,847.17,720.7266666666668,721.9866666666667,85.95919358811433,-0.8660254037844386,0.5000000000000001,0.7818314824680298,0.6234898018587336,-1
2025-04-02 05:00:00,AI_Lab,Lab,832.26,32.24,70.98,313,0,0,0,0.0,92,682.45,6658.09,2025,4,2,5,2,700.65,841.55,808.25,785.2233333333334,730.015,80.66040977051811,0.9659258262890684,0.2588190451025207,0.9749279121818236,-0.2225209339563143,-1
2025-04-02 20:00:00,AI_Lab,Lab,879.08,31.84,70.87,367,0,0,0,0.0,94,720.85,7032.67,2025,4,2,20,2,724.29,704.69,806.13,758.2133333333333,748.2166666666667,63.84255052839811,-0.8660254037844386,0.5000000000000001,0.9749279121818236,-0.2225209339563143,-1
2025-04-03 02:00:00,AI_Lab,Lab,680.14,23.84,64.16,167,0,1,0,0.0,75,557.71,5441.08,2025,4,3,2,3,788.27,802.82,741.04,739.4899999999999,747.8075,63.763419406018976,0.4999999999999999,0.8660254037844387,0.4338837391175582,-0.900968867902419,-1
2025-04-03 03:00:00,AI_Lab,Lab,715.51,28.41,83.86,94,1,0,0,0.0,76,586.72,5724.1,2025,4,3,3,3,680.14,822.76,706.84,727.9733333333334,743.3387499999999,62.01639750291197,0.7071067811865476,0.7071067811865476,0.4338837391175582,-0.900968867902419,-1
2025-04-03 17:00:00,AI_Lab,Lab,596.97,28.96,65.06,42,1,0,0,59.3,47,489.51,4775.75,2025,4,3,17,3,634.3,823.27,733.39,646.5533333333333,725.9420833333334,68.49293997125449,-0.9659258262890684,-0.2588190451025206,0.4338837391175582,-0.900968867902419,-1
2025-04-03 23:00:00,AI_Lab,Lab,726.55,19.74,55.18,314,1,0,0,0.0,26,595.77,5812.38,2025,4,3,23,3,811.72,727.06,741.09,748.2199999999999,723.9370833333334,63.24884061347963,-0.2588190451025215,0.965925826289068,0.4338837391175582,-0.900968867902419,-1
2025-04-04 00:00:00,AI_Lab,Lab,798.77,23.79,51.79,360,1,0,0,0.0,58,654.99,6390.16,2025,4,4,0,4,726.55,750.06,764.71,779.0133333333333,725.9666666666667,64.88393045958398,0.0,1.0,-0.433883739117558,-0.9009688679024191,-1
2025-04-04 19:00:00,AI_Lab,Lab,813.56,25.44,51.41,251,1,0,0,0.0,75,667.12,6508.49,2025,4,4,19,4,753.96,808.55,721.48,774.56,747.2691666666668,65.75815650625788,-0.9659258262890684,0.2588190451025203,-0.433883739117558,-0.9009688679024191,-1
2025-04-05 05:00:00,AI_Lab,Lab,844.68,33.32,52.59,387,0,0,1,0.0,91,692.64,6757.47,2025,4,5,5,5,685.83,843.93,737.07,795.3466666666667,736.8979166666667,69.44721498652139,0.9659258262890684,0.2588190451025207,-0.9749279121818236,-0.2225209339563146,-1
2025-04-05 12:00:00,AI_Lab,Lab,796.17,29.98,43.11,365,0,0,1,56.27,42,652.86,6369.37,2025,4,5,12,5,764.66,769.27,778.92,777.1366666666667,744.9954166666666,66.0538821542306,1.2246467991473532e-16,-1.0,-0.9749279121818236,-0.2225209339563146,-1
2025-04-06 07:00:00,AI_Lab,Lab,790.32,36.57,59.01,346,0,1,1,39.51,68,648.06,6322.54,2025,4,6,7,6,704.15,683.83,759.42,741.1733333333333,741.4912499999999,50.67751120416125,0.9659258262890684,-0.2588190451025206,-0.7818314824680299,0.6234898018587334,-1
2025-04-06 21:00:00,AI_Lab,Lab,744.04,28.59,64.31,129,0,1,1,0.0,87,610.12,5952.35,2025,4,6,21,6,762.67,813.83,801.99,731.92,719.8825,72.55976189081827,-0.7071067811865477,0.7071067811865474,-0.7818314824680299,0.6234898018587334,-1
2025-04-07 10:00:00,AI_Lab,Lab,691.34,22.77,82.25,277,1,0,0,62.87,32,566.9,5530.73,2025,4,7,10,0,620.14,820.02,679.69,677.4466666666666,700.1079166666667,66.77884896720029,0.4999999999999999,-0.8660254037844387,0.0,1.0,-1
2025-04-08 00:00:00,AI_Lab,Lab,737.07,28.45,83.09,92,0,1,0,0.0,98,604.4,5896.59,2025,4,8,0,1,741.68,761.8,610.8,732.9566666666666,707.49375,57.33284238341012,0.0,1.0,0.7818314824680298,0.6234898018587336,-1
2025-04-09 13:00:00,AI_Lab,Lab,778.43,36.93,60.26,258,1,0,0,12.46,76,638.31,6227.42,2025,4,9,13,2,766.93,794.11,719.35,768.88,727.7000000000002,68.32176857246613,-0.2588190451025208,-0.9659258262890684,0.9749279121818236,-0.2225209339563143,-1
2025-04-11 15:00:00,AI_Lab,Lab,607.87,19.11,63.12,50,0,1,0,74.62,74,498.46,4862.98,2025,4,11,15,4,887.34,580.11,733.8,767.9499999999999,717.9579166666667,74.7833813193683,-0.7071067811865471,-0.7071067811865479,-0.433883739117558,-0.9009688679024191,-1
2025-04-15 20:00:00,AI_Lab,Lab,880.11,26.97,52.73,395,0,0,0,0.0,93,721.69,7040.88,2025,4,15,20,1,890.8,678.73,833.56,875.4899999999999,734.1204166666666,78.29075093794658,-0.8660254037844386,0.5000000000000001,0.7818314824680298,0.6234898018587336,-1
2025-04-16 18:00:00,AI_Lab,Lab,722.66,30.95,77.27,70,0,0,0,0.0,98,592.58,5781.27,2025,4,16,18,2,727.62,855.56,622.39,754.2599999999999,741.02875,84.46248641505345,-1.0,-1.8369701987210292e-16,0.9749279121818236,-0.2225209339563143,-1
2025-04-19 12:00:00,AI_Lab,Lab,727.74,29.08,61.0,159,0,1,1,39.33,88,596.75,5821.92,2025,4,19,12,5,729.07,768.6,831.2,749.6766666666667,719.6825,69.34715355745875,1.2246467991473532e-16,-1.0,-0.9749279121818236,-0.2225209339563146,-1
2025-04-19 13:00:00,AI_Lab,Lab,787.07,23.95,65.97,348,1,0,1,40.26,86,645.4,6296.55,2025,4,19,13,5,727.74,725.35,706.75,747.96,722.2541666666666,70.69772414494958,-0.2588190451025208,-0.9659258262890684,-0.9749279121818236,-0.2225209339563146,-1
2025-04-20 11:00:00,AI_Lab,Lab,825.47,34.54,67.81,362,1,0,1,57.98,94,676.88,6603.73,2025,4,20,11,6,816.0,729.07,789.74,803.8233333333334,722.6733333333333,63.43617262336588,0.258819045102521,-0.9659258262890682,-0.7818314824680299,0.6234898018587334,-1
2025-04-23 05:00:00,AI_Lab,Lab,731.28,38.36,56.57,82,0,0,0,0.0,98,599.65,5850.26,2025,4,23,5,2,801.44,757.66,874.12,776.9833333333332,728.4020833333334,56.67471347651396,0.9659258262890684,0.2588190451025207,0.9749279121818236,-0.2225209339563143,-1
2025-04-25 03:00:00,AI_Lab,Lab,734.7,30.84,65.82,128,0,1,0,0.0,93,602.46,5877.62,2025,4,25,3,4,779.21,819.89,758.58,742.58,727.9295833333334,66.09608371475242,0.7071067811865476,0.7071067811865476,-0.433883739117558,-0.9009688679024191,-1
2025-04-25 09:00:00,AI_Lab,Lab,735.54,31.91,60.91,237,1,1,0,51.09,99,603.14,5884.33,2025,4,25,9,4,693.19,583.44,619.36,728.9766666666668,733.0370833333333,56.06295455763906,0.7071067811865476,-0.7071067811865475,-0.433883739117558,-0.9009688679024191,-1
2025-04-25 15:00:00,AI_Lab,Lab,712.87,33.39,54.02,56,1,0,0,33.98,90,584.56,5702.98,2025,4,25,15,4,794.33,768.18,776.2,756.5300000000001,723.01375,66.28726363419091,-0.7071067811865471,-0.7071067811865479,-0.433883739117558,-0.9009688679024191,-1
2025-04-26 16:00:00,AI_Lab,Lab,642.28,31.53,62.8,37,1,0,1,43.09,52,526.67,5138.22,2025,4,26,16,5,749.87,732.59,634.06,739.5733333333334,706.9229166666665,63.708145099294896,-0.8660254037844385,-0.5000000000000004,-0.9749279121818236,-0.2225209339563146,-1
2025-04-27 12:00:00,AI_Lab,Lab,844.72,33.87,46.53,352,0,0,1,37.97,98,692.67,6757.8,2025,4,27,12,6,683.06,701.62,628.73,787.9766666666666,738.9683333333332,65.65481337145492,1.2246467991473532e-16,-1.0,-0.7818314824680299,0.6234898018587334,-1
2025-04-27 20:00:00,AI_Lab,Lab,768.37,31.44,75.01,229,0,1,1,0.0,59,630.07,6146.99,2025,4,27,20,6,716.65,688.33,759.77,748.8066666666667,741.6687499999999,55.11094883032093,-0.8660254037844386,0.5000000000000001,-0.7818314824680299,0.6234898018587334,-1
2025-04-27 23:00:00,AI_Lab,Lab,824.25,28.99,57.37,398,0,0,1,0.0,61,675.89,6594.0,2025,4,27,23,6,640.94,779.45,829.12,753.9633333333335,745.4749999999999,59.56143894077472,-0.2588190451025215,0.965925826289068,-0.7818314824680299,0.6234898018587334,-1
2025-04-28 02:00:00,AI_Lab,Lab,682.15,32.73,69.88,63,0,1,0,0.0,98,559.37,5457.22,2025,4,28,2,0,577.88,822.4,701.82,667.31,734.5370833333333,66.58941301667858,0.4999999999999999,0.8660254037844387,0.0,1.0,-1
2025-04-30 08:00:00,AI_Lab,Lab,758.32,32.89,45.58,188,1,1,0,23.04,98,621.82,6066.56,2025,4,30,8,2,782.87,743.73,708.12,764.7566666666667,700.46125,62.61724483354042,0.8660254037844387,-0.4999999999999998,0.9749279121818236,-0.2225209339563143,-1
2025-04-30 12:00:00,AI_Lab,Lab,811.42,28.71,74.41,340,1,0,0,67.83,79,665.36,6491.34,2025,4,30,12,2,658.92,684.98,602.78,709.91,694.0520833333334,68.81991420456195,1.2246467991473532e-16,-1.0,0.9749279121818236,-0.2225209339563143,-1
2025-05-01 00:00:00,AI_Lab,Lab,680.14,26.67,53.57,113,1,0,0,0.0,36,557.72,5441.15,2025,5,1,0,3,796.29,711.09,849.79,743.54,713.2291666666666,70.59542126528619,0.0,1.0,0.4338837391175582,-0.900968867902419,-1
2025-05-01 02:00:00,AI_Lab,Lab,791.4,26.73,68.04,276,1,0,0,0.0,85,648.95,6331.23,2025,5,1,2,3,690.53,687.87,818.41,720.6899999999999,714.7666666666665,71.81546482761097,0.4999999999999999,0.8660254037844387,0.4338837391175582,-0.900968867902419,-1
2025-05-02 09:00:00,AI_Lab,Lab,611.75,28.3,62.59,26,0,1,0,46.89,64,501.63,4893.99,2025,5,2,9,4,820.53,824.76,735.54,713.4833333333332,726.6804166666667,61.46660786498256,0.7071067811865476,-0.7071067811865475,-0.433883739117558,-0.9009688679024191,-1
2025-05-02 11:00:00,AI_Lab,Lab,800.14,21.73,42.04,325,1,1,0,33.47,88,656.12,6401.13,2025,5,2,11,4,685.48,721.5,753.07,699.1233333333333,724.6195833333333,61.25882044593691,0.258819045102521,-0.9659258262890682,-0.433883739117558,-0.9009688679024191,-1
2025-05-03 11:00:00,AI_Lab,Lab,828.2,25.8,71.85,381,0,1,1,12.18,79,679.12,6625.56,2025,5,3,11,5,782.57,800.14,636.71,763.9366666666666,726.3650000000001,58.44357933269827,0.258819045102521,-0.9659258262890682,-0.9749279121818236,-0.2225209339563146,-1
2025-05-03 13:00:00,AI_Lab,Lab,796.11,27.87,72.61,347,0,1,1,30.17,59,652.81,6368.92,2025,5,3,13,5,676.75,805.38,661.39,767.02,726.0633333333334,57.85034971647835,-0.2588190451025208,-0.9659258262890684,-0.9749279121818236,-0.2225209339563146,-1
2025-05-03 23:00:00,AI_Lab,Lab,649.06,23.03,75.85,109,1,0,1,0.0,33,532.23,5192.49,2025,5,3,23,5,623.77,655.76,779.45,661.3333333333334,709.3625000000001,65.17849640393891,-0.2588190451025215,0.965925826289068,-0.9749279121818236,-0.2225209339563146,-1
2025-05-04 10:00:00,AI_Lab,Lab,789.67,28.57,76.14,376,1,0,1,53.3,79,647.53,6317.36,2025,5,4,10,6,612.22,782.57,836.15,703.4233333333333,702.7791666666667,64.27854878618518,0.4999999999999999,-0.8660254037844387,-0.7818314824680299,0.6234898018587334,-1
2025-05-05 01:00:00,AI_Lab,Lab,785.0,24.64,75.19,295,1,0,0,0.0,67,643.7,6280.02,2025,5,5,1,0,824.48,643.58,577.88,798.5433333333334,732.7129166666667,66.31484996519103,0.2588190451025207,0.9659258262890684,0.0,1.0,-1
2025-05-05 13:00:00,AI_Lab,Lab,728.57,27.47,48.27,145,1,0,0,52.69,99,597.43,5828.58,2025,5,5,13,0,630.52,789.68,628.46,676.4833333333335,720.1966666666666,78.20381357690314,-0.2588190451025208,-0.9659258262890684,0.0,1.0,-1
2025-05-05 20:00:00,AI_Lab,Lab,823.81,34.66,47.88,358,0,1,0,0.0,46,675.52,6590.48,2025,5,5,20,0,814.75,781.82,775.85,743.1066666666666,729.3629166666666,78.67135910416894,-0.8660254037844386,0.5000000000000001,0.0,1.0,-1
2025-05-05 22:00:00,AI_Lab,Lab,684.02,29.76,57.91,51,0,0,0,0.0,87,560.9,5472.17,2025,5,5,22,0,796.91,748.36,787.03,768.2466666666666,728.9370833333334,80.33199154157846,-0.5000000000000004,0.8660254037844384,0.0,1.0,-1
2025-05-06 00:00:00,AI_Lab,Lab,814.34,28.83,56.4,374,0,0,0,0.0,77,667.76,6514.74,2025,5,6,0,1,797.5,824.48,767.73,765.2866666666667,728.9875000000001,80.22169495407306,0.0,1.0,0.7818314824680298,0.6234898018587336,-1
2025-05-06 05:00:00,AI_Lab,Lab,724.95,23.56,58.44,116,1,0,0,0.0,98,594.46,5799.61,2025,5,6,5,1,768.13,651.13,798.7,708.3933333333334,716.5725000000001,73.90400067125869,0.9659258262890684,0.2588190451025207,0.7818314824680298,0.6234898018587336,-1
2025-05-06 08:00:00,AI_Lab,Lab,805.07,28.8,77.06,398,0,1,0,60.93,63,660.16,6440.57,2025,5,6,8,1,803.78,694.86,743.73,799.3566666666667,729.9908333333333,72.95198122390347,0.8660254037844387,-0.4999999999999998,0.7818314824680298,0.6234898018587336,-1
2025-05-06 22:00:00,AI_Lab,Lab,643.71,15.59,56.8,66,0,1,0,0.0,64,527.84,5149.69,2025,5,6,22,1,807.12,684.02,702.16,736.1566666666668,742.0333333333333,69.97248419863013,-0.5000000000000004,0.8660254037844384,0.7818314824680298,0.6234898018587336,-1
2025-05-10 07:00:00,AI_Lab,Lab,807.63,22.97,72.87,349,0,1,1,30.92,75,662.26,6461.08,2025,5,10,7,5,789.86,803.81,714.83,759.33,719.6091666666666,68.73816235900374,0.9659258262890684,-0.2588190451025206,-0.9749279121818236,-0.2225209339563146,-1
2025-05-10 13:00:00,AI_Lab,Lab,769.66,32.91,52.61,246,0,0,1,54.38,84,631.12,6157.25,2025,5,10,13,5,730.15,686.63,796.11,777.38,735.3924999999999,63.901701225908205,-0.2588190451025208,-0.9659258262890684,-0.9749279121818236,-0.2225209339563146,-1
2025-05-11 00:00:00,AI_Lab,Lab,867.21,30.97,73.03,393,0,0,1,0.0,99,711.12,6937.71,2025,5,11,0,6,776.89,698.56,706.66,818.4266666666667,750.2091666666666,62.19383779881218,0.0,1.0,-0.7818314824680299,0.6234898018587334,-1
2025-05-11 10:00:00,AI_Lab,Lab,716.66,27.21,75.65,302,1,0,1,56.56,26,587.66,5733.27,2025,5,11,10,6,726.9,650.22,789.67,751.75,750.3195833333333,62.701441109516594,0.4999999999999999,-0.8660254037844387,-0.7818314824680299,0.6234898018587334,-1
2025-05-13 15:00:00,AI_Lab,Lab,764.87,26.24,54.25,293,1,0,0,38.36,59,627.19,6118.95,2025,5,13,15,1,751.5,778.71,791.38,785.1466666666666,732.0066666666667,67.39305187168581,-0.7071067811865471,-0.7071067811865479,0.7818314824680298,0.6234898018587336,-1
2025-05-15 21:00:00,AI_Lab,Lab,794.0,26.14,61.33,293,1,1,0,0.0,75,651.08,6352.04,2025,5,15,21,3,784.78,702.67,665.84,755.0799999999999,718.04,75.31997009858807,-0.7071067811865477,0.7071067811865474,0.4338837391175582,-0.900968867902419,-1
2025-05-17 04:00:00,AI_Lab,Lab,840.22,21.64,75.96,374,0,1,1,0.0,53,688.98,6721.76,2025,5,17,4,5,788.64,637.26,852.39,777.3566666666667,730.8745833333334,71.87805766527019,0.8660254037844386,0.5000000000000001,-0.9749279121818236,-0.2225209339563146,-1
2025-05-17 11:00:00,AI_Lab,Lab,856.15,34.58,70.85,377,0,0,1,33.9,95,702.05,6849.23,2025,5,17,11,5,827.65,729.65,832.33,808.89,749.5812500000001,68.08190401928634,0.258819045102521,-0.9659258262890682,-0.9749279121818236,-0.2225209339563146,-1
2025-05-19 17:00:00,AI_Lab,Lab,735.21,28.43,75.15,318,1,0,0,38.73,44,602.87,5881.7,2025,5,19,17,0,637.1,694.97,739.22,729.8299999999999,719.2516666666667,81.07536004111928,-0.9659258262890684,-0.2588190451025206,0.0,1.0,-1
2025-05-19 18:00:00,AI_Lab,Lab,837.25,26.82,78.64,345,0,1,0,0.0,79,686.54,6697.99,2025,5,19,18,0,735.21,865.83,759.39,736.52,718.0608333333333,79.01246103796149,-1.0,-1.8369701987210292e-16,0.0,1.0,-1
2025-05-21 18:00:00,AI_Lab,Lab,739.42,27.73,83.48,156,1,0,0,0.0,99,606.32,5915.35,2025,5,21,18,2,698.39,691.4,752.78,756.5799999999999,747.6266666666666,61.28922890451577,-1.0,-1.8369701987210292e-16,0.9749279121818236,-0.2225209339563143,-1
2025-05-22 21:00:00,AI_Lab,Lab,765.84,18.42,65.04,309,0,1,0,0.0,66,627.99,6126.72,2025,5,22,21,3,883.91,629.54,794.0,772.8866666666667,719.0566666666665,77.22046133814123,-0.7071067811865477,0.7071067811865474,0.4338837391175582,-0.900968867902419,-1
2025-05-24 00:00:00,AI_Lab,Lab,837.08,37.31,84.39,356,0,1,1,0.0,40,686.4,6696.63,2025,5,24,0,5,784.74,691.72,770.53,752.7800000000001,736.5458333333332,73.51017249432161,0.0,1.0,-0.9749279121818236,-0.2225209339563146,-1
2025-05-24 04:00:00,AI_Lab,Lab,675.54,30.68,58.54,34,1,0,1,0.0,85,553.94,5404.31,2025,5,24,4,5,831.05,807.16,840.22,721.9766666666668,722.15,71.5912438172738,0.8660254037844386,0.5000000000000001,-0.9749279121818236,-0.2225209339563146,-1
2025-05-24 13:00:00,AI_Lab,Lab,807.57,24.64,55.23,354,0,0,1,30.07,90,662.21,6460.54,2025,5,24,13,5,727.29,681.69,826.87,795.3366666666667,742.8549999999999,72.66827918700142,-0.2588190451025208,-0.9659258262890684,-0.9749279121818236,-0.2225209339563146,-1
2025-05-24 22:00:00,AI_Lab,Lab,745.18,27.15,68.66,139,1,1,1,0.0,90,611.05,5961.45,2025,5,24,22,5,788.99,636.52,680.16,733.8766666666667,746.16375,65.07653152167289,-0.5000000000000004,0.8660254037844384,-0.9749279121818236,-0.2225209339563146,-1
2025-05-25 07:00:00,AI_Lab,Lab,662.07,17.24,44.64,56,0,1,1,26.64,67,542.9,5296.6,2025,5,25,7,6,736.31,739.98,733.02,696.0933333333332,736.6408333333333,57.763334911905176,0.9659258262890684,-0.2588190451025206,-0.7818314824680299,0.6234898018587334,-1
2025-05-25 20:00:00,AI_Lab,Lab,788.95,31.71,94.38,205,0,0,1,0.0,91,646.94,6311.61,2025,5,25,20,6,757.59,667.46,837.61,756.0300000000001,736.0804166666667,58.59973441690569,-0.8660254037844386,0.5000000000000001,-0.7818314824680299,0.6234898018587334,-1
2025-05-25 21:00:00,AI_Lab,Lab,687.16,30.43,47.34,318,0,1,1,0.0,20,563.47,5497.24,2025,5,25,21,6,788.95,788.99,821.95,744.5666666666666,731.8375000000001,58.2879251609218,-0.7071067811865477,0.7071067811865474,-0.7818314824680299,0.6234898018587334,-1
2025-05-28 22:00:00,AI_Lab,Lab,792.16,22.46,65.67,336,1,0,0,0.0,85,649.57,6337.29,2025,5,28,22,2,627.68,793.77,626.18,707.4099999999999,745.9375,60.53395355177683,-0.5000000000000004,0.8660254037844384,0.9749279121818236,-0.2225209339563143,-1
2025-05-31 05:00:00,AI_Lab,Lab,633.84,31.46,59.55,20,0,1,1,0.0,81,519.75,5070.71,2025,5,31,5,5,715.4,801.03,784.85,706.69,718.8245833333334,60.835330908735735,0.9659258262890684,0.2588190451025207,-0.9749279121818236,-0.2225209339563146,-1
2025-05-31 06:00:00,AI_Lab,Lab,700.93,29.52,51.68,120,0,1,1,0.0,94,574.76,5607.43,2025,5,31,6,5,633.84,631.29,823.93,683.39,721.72625,58.07693658920869,1.0,6.123233995736766e-17,-0.9749279121818236,-0.2225209339563146,-1
2025-05-31 18:00:00,AI_Lab,Lab,818.36,24.63,59.99,396,0,1,1,0.0,59,671.05,6546.85,2025,5,31,18,5,764.22,724.89,704.07,756.4333333333334,706.3054166666667,60.00952786517722,-1.0,-1.8369701987210292e-16,-0.9749279121818236,-0.2225209339563146,-1
2025-06-01 05:00:00,AI_Lab,Lab,726.23,23.63,66.01,245,1,0,1,0.0,67,595.51,5809.81,2025,6,1,5,6,820.17,633.84,689.9,728.3633333333333,715.4191666666667,66.74373280571443,0.9659258262890684,0.2588190451025207,-0.7818314824680299,0.6234898018587334,-1
2025-06-01 09:00:00,AI_Lab,Lab,789.25,26.8,69.6,364,1,0,1,63.89,82,647.18,6313.97,2025,6,1,9,6,727.2,594.62,764.73,753.7166666666667,734.3850000000001,57.98882621003287,0.7071067811865476,-0.7071067811865475,-0.7818314824680299,0.6234898018587334,-1
2025-06-01 11:00:00,AI_Lab,Lab,749.82,27.45,73.23,202,0,1,1,43.15,98,614.85,5998.56,2025,6,1,11,6,803.04,671.89,712.52,780.7033333333334,743.2508333333334,55.99691931873042,0.258819045102521,-0.9659258262890682,-0.7818314824680299,0.6234898018587334,-1
2025-06-01 12:00:00,AI_Lab,Lab,765.58,29.36,44.46,186,0,0,1,21.21,78,627.78,6124.64,2025,6,1,12,6,749.82,719.46,791.88,772.8133333333334,745.1725,55.93630890886369,1.2246467991473532e-16,-1.0,-0.7818314824680299,0.6234898018587334,-1
2025-06-01 13:00:00,AI_Lab,Lab,785.71,21.94,72.41,309,0,0,1,66.06,84,644.28,6285.7,2025,6,1,13,6,765.58,773.51,595.44,767.0366666666667,745.6808333333333,56.25952996887583,-0.2588190451025208,-0.9659258262890684,-0.7818314824680299,0.6234898018587334,-1
2025-06-05 08:00:00,AI_Lab,Lab,747.03,34.89,63.19,303,0,1,0,41.89,34,612.56,5976.2,2025,6,5,8,3,852.68,802.51,796.05,741.0033333333334,712.0837499999999,77.52744814425978,0.8660254037844387,-0.4999999999999998,0.4338837391175582,-0.900968867902419,-1
2025-06-07 02:00:00,AI_Lab,Lab,849.09,30.35,71.94,344,0,1,1,0.0,77,696.25,6792.68,2025,6,7,2,5,775.67,645.88,772.5,785.3000000000001,723.73875,58.129836110173805,0.4999999999999999,0.8660254037844387,-0.9749279121818236,-0.2225209339563146,-1
2025-06-07 13:00:00,AI_Lab,Lab,644.53,37.55,79.08,61,0,1,1,50.71,31,528.52,5156.27,2025,6,7,13,5,643.01,766.76,773.51,685.0566666666667,721.72125,70.33576987889262,-0.2588190451025208,-0.9659258262890684,-0.9749279121818236,-0.2225209339563146,-1
2025-06-08 16:00:00,AI_Lab,Lab,807.37,30.1,48.86,286,1,0,1,47.11,82,662.04,6458.96,2025,6,8,16,6,830.19,658.16,713.54,821.0766666666667,715.7329166666667,71.66867003814335,-0.8660254037844385,-0.5000000000000004,-0.7818314824680299,0.6234898018587334,-1
2025-06-08 19:00:00,AI_Lab,Lab,749.69,24.77,42.03,154,0,1,1,0.0,92,614.74,5997.51,2025,6,8,19,6,617.43,610.47,819.51,705.4033333333333,720.8141666666667,64.89397981836757,-0.9659258262890684,0.2588190451025203,-0.7818314824680299,0.6234898018587334,-1
2025-06-09 16:00:00,AI_Lab,Lab,821.03,33.31,50.79,332,1,0,0,12.77,86,673.25,6568.26,2025,6,9,16,0,638.21,807.37,606.72,702.3333333333334,718.8070833333333,75.1763015664523,-0.8660254037844385,-0.5000000000000004,0.0,1.0,-1
2025-06-14 01:00:00,AI_Lab,Lab,737.01,25.94,72.42,206,1,0,1,0.0,59,604.34,5896.05,2025,6,14,1,5,721.6,719.4,775.67,719.1133333333333,708.6075000000001,60.72989574300763,0.2588190451025207,0.9659258262890684,-0.9749279121818236,-0.2225209339563146,-1
2025-06-15 13:00:00,AI_Lab,Lab,822.57,31.45,53.29,315,0,0,1,36.68,84,674.51,6580.6,2025,6,15,13,6,809.41,843.26,720.17,806.7466666666666,729.1266666666667,77.62015239595333,-0.2588190451025208,-0.9659258262890684,-0.7818314824680299,0.6234898018587334,-1
2025-06-17 21:00:00,AI_Lab,Lab,666.96,26.13,74.46,37,0,1,0,0.0,84,546.91,5335.7,2025,6,17,21,1,775.58,750.3,797.54,739.7866666666667,725.3491666666667,55.668454881023976,-0.7071067811865477,0.7071067811865474,0.7818314824680298,0.6234898018587336,-1
2025-06-18 10:00:00,AI_Lab,Lab,773.97,29.72,66.98,184,1,0,0,37.88,98,634.66,6191.78,2025,6,18,10,2,706.43,781.24,751.13,731.5833333333334,749.8874999999999,61.76919798382672,0.4999999999999999,-0.8660254037844387,0.9749279121818236,-0.2225209339563143,-1
2025-06-18 11:00:00,AI_Lab,Lab,711.03,35.67,72.45,86,0,1,0,21.75,86,583.05,5688.26,2025,6,18,11,2,773.97,856.8,590.04,730.4766666666668,743.8137499999999,57.841323411741904,0.258819045102521,-0.9659258262890682,0.9749279121818236,-0.2225209339563143,-1
2025-06-19 04:00:00,AI_Lab,Lab,853.31,26.93,75.67,377,0,1,0,0.0,81,699.71,6826.45,2025,6,19,4,3,683.99,824.45,827.09,760.5433333333334,732.1558333333334,60.94605019242821,0.8660254037844386,0.5000000000000001,0.4338837391175582,-0.900968867902419,-1
2025-06-19 08:00:00,AI_Lab,Lab,775.85,23.32,85.82,318,1,0,0,62.22,89,636.2,6206.84,2025,6,19,8,3,749.32,714.35,775.08,740.7366666666667,731.1862500000001,57.84266800423227,0.8660254037844387,-0.4999999999999998,0.4338837391175582,-0.900968867902419,-1
2025-06-21 13:00:00,AI_Lab,Lab,795.1,30.25,64.87,299,0,1,1,47.84,70,651.98,6360.76,2025,6,21,13,5,729.22,672.99,843.26,751.79,736.6579166666667,52.33635156820742,-0.2588190451025208,-0.9659258262890684,-0.9749279121818236,-0.2225209339563146,-1
2025-06-21 17:00:00,AI_Lab,Lab,649.35,38.78,62.92,30,1,0,1,50.5,66,532.47,5194.79,2025,6,21,17,5,764.47,714.57,660.67,678.59,728.4125,62.08141269473432,-0.9659258262890684,-0.2588190451025206,-0.9749279121818236,-0.2225209339563146,-1
2025-06-22 13:00:00,AI_Lab,Lab,809.89,28.17,68.07,335,0,1,1,45.08,87,664.11,6479.08,2025,6,22,13,6,766.08,795.1,822.57,746.61,731.6766666666666,65.46397706184392,-0.2588190451025208,-0.9659258262890684,-0.7818314824680299,0.6234898018587334,-1
2025-06-25 17:00:00,AI_Lab,Lab,676.35,28.28,78.35,196,1,0,0,43.73,82,554.6,5410.77,2025,6,25,17,2,727.71,829.83,768.03,678.5066666666667,713.4291666666667,73.55641750246629,-0.9659258262890684,-0.2588190451025206,0.9749279121818236,-0.2225209339563143,-1
2025-06-25 22:00:00,AI_Lab,Lab,673.65,30.44,72.54,24,1,0,0,0.0,45,552.39,5389.16,2025,6,25,22,2,643.35,717.85,698.46,626.6366666666667,698.1133333333333,77.79671149117175,-0.5000000000000004,0.8660254037844384,0.9749279121818236,-0.2225209339563143,-1
2025-06-27 12:00:00,AI_Lab,Lab,774.1,30.81,48.37,211,0,1,0,36.13,96,634.76,6192.8,2025,6,27,12,4,820.25,727.46,651.76,802.7766666666666,740.4516666666667,65.49008917164613,1.2246467991473532e-16,-1.0,-0.433883739117558,-0.9009688679024191,-1
2025-06-28 00:00:00,AI_Lab,Lab,752.57,29.94,47.24,200,0,1,1,0.0,96,617.11,6020.56,2025,6,28,0,5,767.06,623.59,789.0,757.7766666666666,745.6762500000001,56.661559840750726,0.0,1.0,-0.9749279121818236,-0.2225209339563146,-1
2025-06-28 13:00:00,AI_Lab,Lab,757.8,28.91,69.77,341,0,1,1,33.93,93,621.4,6062.42,2025,6,28,13,5,726.48,788.27,795.1,733.3033333333333,713.3058333333333,51.43639769629125,-0.2588190451025208,-0.9659258262890684,-0.9749279121818236,-0.2225209339563146,-1
2025-06-28 16:00:00,AI_Lab,Lab,852.18,32.37,85.34,396,0,1,1,29.9,75,698.79,6817.46,2025,6,28,16,5,667.45,659.3,764.47,712.4,711.1495833333333,58.509617602517054,-0.8660254037844385,-0.5000000000000004,-0.9749279121818236,-0.2225209339563146,-1
2025-06-28 23:00:00,AI_Lab,Lab,698.74,24.38,76.21,136,1,0,1,0.0,91,572.97,5589.91,2025,6,28,23,5,722.96,767.06,845.35,712.17,713.85875,63.673665248638486,-0.2588190451025215,0.965925826289068,-0.9749279121818236,-0.2225209339563146,-1
2025-06-29 20:00:00,AI_Lab,Lab,772.9,24.39,64.96,217,0,1,1,0.0,99,633.78,6183.21,2025,6,29,20,6,782.6,659.09,699.56,727.7833333333333,704.1354166666666,66.76292612046514,-0.8660254037844386,0.5000000000000001,-0.7818314824680299,0.6234898018587334,-1
2025-06-30 20:00:00,AI_Lab,Lab,745.15,28.24,52.73,127,1,0,0,0.0,91,611.02,5961.16,2025,6,30,20,0,870.42,772.9,679.6,766.1899999999999,717.4379166666668,72.71878364955668,-0.8660254037844386,0.5000000000000001,0.0,1.0,-1
2025-07-01 13:00:00,AI_Lab,Lab,774.43,20.2,53.27,288,0,1,0,26.99,86,635.04,6195.47,2025,7,1,13,1,629.22,582.56,754.92,697.6666666666666,733.3104166666667,69.98130014070945,-0.2588190451025208,-0.9659258262890684,0.7818314824680298,0.6234898018587336,-1
2025-07-02 00:00:00,AI_Lab,Lab,840.53,16.4,76.38,372,0,0,0,0.0,61,689.23,6724.23,2025,7,2,0,2,802.83,742.69,635.42,789.4833333333332,742.74375,68.23000530892931,0.0,1.0,0.9749279121818236,-0.2225209339563143,-1
2025-07-02 04:00:00,AI_Lab,Lab,741.74,34.71,63.42,92,0,0,0,0.0,79,608.22,5933.89,2025,7,2,4,2,749.56,837.63,834.56,734.7366666666667,736.9325,60.33494850308208,0.8660254037844386,0.5000000000000001,0.9749279121818236,-0.2225209339563143,-1
2025-07-04 09:00:00,AI_Lab,Lab,537.07,25.89,54.15,28,1,0,0,77.01,54,440.4,4296.56,2025,7,4,9,4,757.29,667.0,677.99,690.29,720.5229166666667,71.093741880713,0.7071067811865476,-0.7071067811865475,-0.433883739117558,-0.9009688679024191,-1
2025-07-05 11:00:00,AI_Lab,Lab,771.82,30.72,58.34,380,1,0,1,52.94,20,632.89,6174.54,2025,7,5,11,5,792.46,660.9,715.63,775.0466666666667,729.1966666666666,53.81979849595239,0.258819045102521,-0.9659258262890682,-0.9749279121818236,-0.2225209339563146,-1
2025-07-05 13:00:00,AI_Lab,Lab,799.52,33.39,64.47,318,0,0,1,43.69,86,655.61,6396.19,2025,7,5,13,5,726.15,777.01,757.8,765.8299999999999,734.1283333333334,50.61594616123547,-0.2588190451025208,-0.9659258262890684,-0.9749279121818236,-0.2225209339563146,-1
2025-07-06 02:00:00,AI_Lab,Lab,852.09,22.83,74.69,396,0,0,1,0.0,91,698.71,6816.68,2025,7,6,2,6,837.25,684.5,563.68,831.2266666666666,753.0745833333334,44.329184025205606,0.4999999999999999,0.8660254037844387,-0.7818314824680299,0.6234898018587334,-1
2025-07-06 08:00:00,AI_Lab,Lab,829.42,21.93,56.87,360,1,0,1,53.71,77,680.13,6635.37,2025,7,6,8,6,767.95,733.42,650.39,763.2000000000002,759.22125,49.43435764486907,0.8660254037844387,-0.4999999999999998,-0.7818314824680299,0.6234898018587334,-1
2025-07-06 14:00:00,AI_Lab,Lab,826.97,32.44,58.34,355,1,0,1,15.08,68,678.11,6615.73,2025,7,6,14,6,708.22,764.69,707.09,721.4366666666666,744.5754166666667,59.900880517529416,-0.4999999999999997,-0.8660254037844388,-0.7818314824680299,0.6234898018587334,-1
2025-07-07 00:00:00,AI_Lab,Lab,697.39,34.53,58.79,25,0,0,0,0.0,99,571.86,5579.16,2025,7,7,0,0,778.13,804.34,660.93,739.7733333333334,732.7491666666666,66.92164671670407,0.0,1.0,0.0,1.0,-1
2025-07-07 02:00:00,AI_Lab,Lab,745.93,28.26,74.36,118,0,0,0,0.0,98,611.66,5967.43,2025,7,7,2,0,715.6,852.09,817.61,719.64,723.2570833333333,57.5395646474566,0.4999999999999999,0.8660254037844387,0.0,1.0,-1
2025-07-07 08:00:00,AI_Lab,Lab,731.53,36.08,89.68,23,0,0,0,24.69,87,599.86,5852.27,2025,7,7,8,0,837.74,829.42,736.55,755.7199999999999,722.0245833333333,55.49088432614045,0.8660254037844387,-0.4999999999999998,0.0,1.0,-1
2025-07-09 01:00:00,AI_Lab,Lab,747.88,27.6,65.06,205,1,1,0,0.0,75,613.26,5983.01,2025,7,9,1,2,755.3,760.06,652.35,762.4966666666666,722.1716666666667,61.41078447044429,0.2588190451025207,0.9659258262890684,0.9749279121818236,-0.2225209339563143,-1
2025-07-12 01:00:00,AI_Lab,Lab,753.42,25.56,50.19,197,1,1,1,0.0,90,617.8,6027.32,2025,7,12,1,5,755.31,666.63,731.52,768.85,738.27375,66.7676222504458,0.2588190451025207,0.9659258262890684,-0.9749279121818236,-0.2225209339563146,-1
2025-07-12 13:00:00,AI_Lab,Lab,762.6,27.99,73.33,327,1,0,1,23.63,60,625.33,6100.79,2025,7,12,13,5,714.56,736.52,799.52,707.9466666666667,730.7570833333334,65.90447246676933,-0.2588190451025208,-0.9659258262890684,-0.9749279121818236,-0.2225209339563146,-1
2025-07-12 14:00:00,AI_Lab,Lab,652.5,27.29,55.9,200,1,0,1,61.11,35,535.05,5220.02,2025,7,12,14,5,762.6,777.46,764.69,709.8866666666667,725.5504166666666,66.9816885735694,-0.4999999999999997,-0.8660254037844388,-0.9749279121818236,-0.2225209339563146,-1
2025-07-13 02:00:00,AI_Lab,Lab,850.41,32.43,58.31,383,0,1,1,0.0,55,697.34,6803.31,2025,7,13,2,6,616.04,646.18,852.09,721.3933333333333,727.3583333333332,70.0243707679637,0.4999999999999999,0.8660254037844387,-0.7818314824680299,0.6234898018587334,-1
2025-07-13 05:00:00,AI_Lab,Lab,792.01,33.44,64.61,306,0,1,1,0.0,80,649.45,6336.06,2025,7,13,5,6,822.12,752.62,812.39,791.43,729.60125,70.48538450490517,0.9659258262890684,0.2588190451025207,-0.7818314824680299,0.6234898018587334,-1
2025-07-13 18:00:00,AI_Lab,Lab,644.92,27.83,84.08,51,1,0,1,0.0,64,528.84,5159.38,2025,7,13,18,6,715.45,770.87,790.26,706.8966666666666,726.9145833333333,78.63925151016944,-1.0,-1.8369701987210292e-16,-0.7818314824680299,0.6234898018587334,-1
2025-07-13 20:00:00,AI_Lab,Lab,795.19,34.61,79.43,267,0,1,1,0.0,74,652.05,6361.5,2025,7,13,20,6,673.9,692.48,663.33,704.6700000000001,728.5758333333333,80.3142194306438,-0.8660254037844386,0.5000000000000001,-0.7818314824680299,0.6234898018587334,-1
2025-07-13 22:00:00,AI_Lab,Lab,877.43,33.94,57.34,365,0,0,1,0.0,80,719.49,7019.45,2025,7,13,22,6,784.95,816.34,743.8,819.19,732.3745833333332,84.68713361437389,-0.5000000000000004,0.8660254037844384,-0.7818314824680299,0.6234898018587334,-1
2025-07-14 00:00:00,AI_Lab,Lab,610.76,22.7,77.75,61,1,0,0,0.0,46,500.82,4886.05,2025,7,14,0,0,602.7,697.73,697.39,696.9633333333333,721.1070833333333,90.75062541306424,0.0,1.0,0.0,1.0,-1
2025-07-14 02:00:00,AI_Lab,Lab,674.24,25.5,42.0,57,0,0,0,0.0,87,552.88,5393.93,2025,7,14,2,0,746.79,850.41,745.93,677.2633333333333,719.2145833333334,84.5531452107857,0.4999999999999999,0.8660254037844387,0.0,1.0,-1
2025-07-14 15:00:00,AI_Lab,Lab,681.29,34.5,67.96,102,1,0,0,64.28,90,558.66,5450.35,2025,7,14,15,0,804.8,734.21,585.24,733.3733333333333,733.6425,70.99197188231294,-0.7071067811865471,-0.7071067811865479,0.0,1.0,-1
2025-07-15 00:00:00,AI_Lab,Lab,785.82,40.26,75.59,347,1,1,0,0.0,22,644.37,6286.52,2025,7,15,0,1,777.65,610.76,656.58,741.2966666666666,740.4104166666666,59.7978049967348,0.0,1.0,0.7818314824680298,0.6234898018587336,-1
2025-07-15 06:00:00,AI_Lab,Lab,686.1,27.87,56.66,72,1,0,0,0.0,94,562.6,5488.79,2025,7,15,6,1,666.03,735.94,717.81,729.6999999999999,737.8004166666666,61.7422267932089,1.0,6.123233995736766e-17,0.7818314824680298,0.6234898018587336,-1
2025-07-17 05:00:00,AI_Lab,Lab,669.62,27.43,70.59,61,1,0,0,0.0,91,549.09,5356.93,2025,7,17,5,3,629.28,679.42,716.18,694.6999999999999,720.4387500000001,70.66009477789937,0.9659258262890684,0.2588190451025207,0.4338837391175582,-0.900968867902419,-1
2025-07-18 17:00:00,AI_Lab,Lab,739.2,18.72,46.13,304,0,1,0,54.87,75,606.15,5913.62,2025,7,18,17,4,805.69,807.21,705.16,771.9833333333332,727.3625000000001,71.3200729260276,-0.9659258262890684,-0.2588190451025206,-0.433883739117558,-0.9009688679024191,-1
2025-07-19 13:00:00,AI_Lab,Lab,861.88,25.25,40.76,368,0,0,1,23.49,91,706.74,6895.01,2025,7,19,13,5,671.49,706.07,762.6,725.8033333333333,727.6283333333332,67.00727206911883,-0.2588190451025208,-0.9659258262890684,-0.9749279121818236,-0.2225209339563146,-1
2025-07-20 10:00:00,AI_Lab,Lab,659.74,26.23,68.62,87,0,1,1,68.19,82,540.99,5277.91,2025,7,20,10,6,762.59,716.03,663.87,735.07,723.46375,69.49452032276565,0.4999999999999999,-0.8660254037844387,-0.7818314824680299,0.6234898018587334,-1
2025-07-22 23:00:00,AI_Lab,Lab,826.08,24.54,72.43,291,0,0,0,0.0,98,677.38,6608.62,2025,7,22,23,1,821.11,825.52,831.33,806.7000000000002,708.4754166666667,78.24032675196115,-0.2588190451025215,0.965925826289068,0.7818314824680298,0.6234898018587336,-1
2025-07-23 21:00:00,AI_Lab,Lab,837.9,29.68,70.42,334,0,1,0,0.0,76,687.08,6703.18,2025,7,23,21,2,785.27,772.91,771.93,796.3466666666667,740.5704166666666,79.6299995620593,-0.7071067811865477,0.7071067811865474,0.9749279121818236,-0.2225209339563143,-1
2025-07-24 03:00:00,AI_Lab,Lab,682.06,19.66,70.16,161,1,0,0,0.0,47,559.29,5456.47,2025,7,24,3,3,860.47,811.45,785.2,759.4433333333333,736.8358333333332,75.6311604701258,0.7071067811865476,0.7071067811865476,0.4338837391175582,-0.900968867902419,-1
2025-07-26 02:00:00,AI_Lab,Lab,773.78,19.96,61.99,312,0,0,1,0.0,98,634.5,6190.24,2025,7,26,2,5,795.79,662.8,790.04,748.6933333333333,711.95375,53.16879616209203,0.4999999999999999,0.8660254037844387,-0.9749279121818236,-0.2225209339563146,-1
2025-07-26 22:00:00,AI_Lab,Lab,740.57,33.98,64.28,124,0,1,1,0.0,72,607.27,5924.55,2025,7,26,22,5,854.37,692.1,767.9,770.2200000000001,714.3495833333335,66.98700032739424,-0.5000000000000004,0.8660254037844384,-0.9749279121818236,-0.2225209339563146,-1
2025-07-27 20:00:00,AI_Lab,Lab,642.61,29.27,72.28,65,1,0,1,0.0,22,526.94,5140.85,2025,7,27,20,6,811.27,715.72,680.0,687.8966666666666,716.1625,70.1374899595507,-0.8660254037844386,0.5000000000000001,-0.7818314824680299,0.6234898018587334,-1
2025-07-28 09:00:00,AI_Lab,Lab,844.32,29.0,75.14,395,1,0,0,46.58,93,692.35,6754.59,2025,7,28,9,0,695.9,730.65,788.17,736.1233333333333,700.7079166666666,71.45493861163678,0.7071067811865476,-0.7071067811865475,0.0,1.0,-1
2025-07-28 10:00:00,AI_Lab,Lab,614.98,27.21,95.68,22,0,0,0,61.57,80,504.29,4919.87,2025,7,28,10,0,844.32,755.98,801.48,718.4,694.8329166666667,72.50172030817593,0.4999999999999999,-0.8660254037844387,0.0,1.0,-1
2025-07-28 13:00:00,AI_Lab,Lab,670.31,31.96,52.15,149,1,0,0,69.2,75,549.65,5362.48,2025,7,28,13,0,620.56,601.4,815.56,683.63,702.4391666666667,70.27868548897307,-0.2588190451025208,-0.9659258262890684,0.0,1.0,-1
2025-07-29 20:00:00,AI_Lab,Lab,834.19,26.24,45.57,360,0,0,0,0.0,77,684.03,6673.48,2025,7,29,20,1,802.78,841.89,831.58,809.0466666666667,705.6937499999999,80.5493942336816,-0.8660254037844386,0.5000000000000001,0.7818314824680298,0.6234898018587336,-1
2025-07-29 21:00:00,AI_Lab,Lab,848.89,34.42,77.39,348,0,1,0,0.0,73,696.09,6791.09,2025,7,29,21,1,834.19,708.3,772.91,828.62,711.5516666666667,85.69499045105144,-0.7071067811865477,0.7071067811865474,0.7818314824680298,0.6234898018587336,-1
2025-07-29 23:00:00,AI_Lab,Lab,824.74,28.23,77.6,341,0,0,0,0.0,60,676.29,6597.91,2025,7,29,23,1,789.24,754.15,826.08,820.9566666666666,717.2754166666667,89.69288581061612,-0.2588190451025215,0.965925826289068,0.7818314824680298,0.6234898018587336,-1
2025-07-30 00:00:00,AI_Lab,Lab,692.69,32.33,75.42,47,0,1,0,0.0,83,568.01,5541.54,2025,7,30,0,2,824.74,659.74,763.76,768.89,718.6483333333334,89.02359177630169,0.0,1.0,0.9749279121818236,-0.2225209339563143,-1
2025-08-01 04:00:00,AI_Lab,Lab,707.23,32.26,49.11,80,0,1,0,0.0,81,579.93,5657.84,2025,8,1,4,4,796.15,770.82,788.12,730.9333333333334,735.3762500000001,58.22552591376681,0.8660254037844386,0.5000000000000001,-0.433883739117558,-0.9009688679024191,-1
2025-08-02 01:00:00,AI_Lab,Lab,833.26,31.72,65.38,387,0,0,1,0.0,91,683.27,6666.06,2025,8,2,1,5,723.84,690.54,795.79,761.7700000000001,732.5908333333333,57.23439638635232,0.2588190451025207,0.9659258262890684,-0.9749279121818236,-0.2225209339563146,-1
2025-08-02 09:00:00,AI_Lab,Lab,557.85,26.9,91.05,108,1,0,1,42.11,30,457.43,4462.77,2025,8,2,9,5,583.6,782.73,712.93,593.08,714.0508333333333,72.34475978839497,0.7071067811865476,-0.7071067811865475,-0.9749279121818236,-0.2225209339563146,-1
2025-08-02 21:00:00,AI_Lab,Lab,822.27,26.3,76.52,353,0,0,1,0.0,67,674.26,6578.13,2025,8,2,21,5,730.91,693.36,854.37,795.7733333333332,708.6229166666667,82.1808731306409,-0.7071067811865477,0.7071067811865474,-0.9749279121818236,-0.2225209339563146,-1
2025-08-02 23:00:00,AI_Lab,Lab,714.84,34.03,59.17,94,0,0,1,0.0,92,586.17,5718.73,2025,8,2,23,5,679.75,728.21,765.3,738.9533333333334,704.7795833333333,81.55271224019405,-0.2588190451025215,0.965925826289068,-0.9749279121818236,-0.2225209339563146,-1
2025-08-03 01:00:00,AI_Lab,Lab,831.13,24.0,64.62,332,0,0,1,0.0,94,681.52,6649.0,2025,8,3,1,6,583.42,833.26,766.48,709.7966666666667,698.84,84.9411058885228,0.2588190451025207,0.9659258262890684,-0.7818314824680299,0.6234898018587334,-1
2025-08-03 02:00:00,AI_Lab,Lab,731.89,27.75,81.75,218,0,0,1,0.0,85,600.15,5855.13,2025,8,3,2,6,831.13,736.5,770.86,715.48,698.6479166666667,84.85741114308061,0.4999999999999999,0.8660254037844387,-0.7818314824680299,0.6234898018587334,-1
2025-08-03 03:00:00,AI_Lab,Lab,858.05,23.61,49.08,338,0,0,1,0.0,89,703.6,6864.41,2025,8,3,3,6,731.89,815.59,673.91,807.0233333333332,700.4170833333333,87.7933343255214,0.7071067811865476,0.7071067811865476,-0.7818314824680299,0.6234898018587334,-1
2025-08-03 07:00:00,AI_Lab,Lab,652.5,29.25,54.85,120,0,1,1,58.47,33,535.05,5219.96,2025,8,3,7,6,669.82,637.79,740.77,672.6233333333333,691.4229166666668,84.65695002051162,0.9659258262890684,-0.2588190451025206,-0.7818314824680299,0.6234898018587334,-1
2025-08-03 10:00:00,AI_Lab,Lab,634.74,33.32,64.03,130,0,1,1,40.02,56,520.49,5077.94,2025,8,3,10,6,620.72,683.84,755.98,628.79,693.9679166666666,79.95368093759693,0.4999999999999999,-0.8660254037844387,-0.7818314824680299,0.6234898018587334,-1
2025-08-03 16:00:00,AI_Lab,Lab,776.31,19.48,55.86,350,0,1,1,56.05,90,636.57,6210.46,2025,8,3,16,6,690.8,620.79,752.65,733.92,712.6525,75.8845196019411,-0.8660254037844385,-0.5000000000000004,-0.7818314824680299,0.6234898018587334,-1
2025-08-06 00:00:00,AI_Lab,Lab,708.89,28.9,80.94,95,1,0,0,0.0,94,581.29,5671.1,2025,8,6,0,2,855.79,836.18,692.69,759.7133333333333,700.47375,61.36819356130888,0.0,1.0,0.9749279121818236,-0.2225209339563143,-1
2025-08-06 03:00:00,AI_Lab,Lab,665.62,33.71,73.76,58,1,0,0,0.0,56,545.81,5324.95,2025,8,6,3,2,665.63,662.94,599.38,652.8366666666667,694.7179166666666,63.10765377540395,0.7071067811865476,0.7071067811865476,0.9749279121818236,-0.2225209339563143,-1
2025-08-08 16:00:00,AI_Lab,Lab,738.48,23.61,88.03,288,1,0,0,17.35,58,605.55,5907.83,2025,8,8,16,4,627.64,794.13,652.08,690.4699999999999,703.1295833333334,55.80675216114437,-0.8660254037844385,-0.5000000000000004,-0.433883739117558,-0.9009688679024191,-1
2025-08-09 00:00:00,AI_Lab,Lab,754.37,33.0,62.94,222,1,0,1,0.0,45,618.58,6034.93,2025,8,9,0,5,704.35,685.73,723.84,716.6199999999999,702.2575,57.2958404477038,0.0,1.0,-0.9749279121818236,-0.2225209339563146,-1
2025-08-09 01:00:00,AI_Lab,Lab,766.1,23.85,55.14,328,1,0,1,0.0,31,628.2,6128.82,2025,8,9,1,5,754.37,768.51,833.26,741.6066666666667,702.1570833333334,57.176665845519366,0.2588190451025207,0.9659258262890684,-0.9749279121818236,-0.2225209339563146,-1
2025-08-09 05:00:00,AI_Lab,Lab,827.98,28.94,55.32,379,1,0,1,0.0,71,678.94,6623.83,2025,8,9,5,5,792.11,782.5,764.29,791.8066666666667,712.395,61.724454036361934,0.9659258262890684,0.2588190451025207,-0.9749279121818236,-0.2225209339563146,-1
2025-08-09 19:00:00,AI_Lab,Lab,755.75,34.91,44.82,258,0,0,1,0.0,61,619.72,6046.02,2025,8,9,19,5,817.74,718.72,834.14,796.1966666666667,737.7941666666667,72.21244924084924,-0.9659258262890684,0.2588190451025203,-0.9749279121818236,-0.2225209339563146,-1
2025-08-10 11:00:00,AI_Lab,Lab,807.08,27.21,51.21,399,1,0,1,29.65,76,661.81,6456.65,2025,8,10,11,6,753.58,778.0,756.48,743.9933333333333,727.6070833333333,68.26885829470311,0.258819045102521,-0.9659258262890682,-0.7818314824680299,0.6234898018587334,-1
2025-08-10 13:00:00,AI_Lab,Lab,787.85,32.93,62.87,253,0,1,1,47.52,97,646.04,6302.78,2025,8,10,13,6,697.33,610.4,785.47,764.0866666666667,735.0912500000001,64.47309599410536,-0.2588190451025208,-0.9659258262890684,-0.7818314824680299,0.6234898018587334,-1
2025-08-10 18:00:00,AI_Lab,Lab,642.97,17.81,73.71,189,1,0,1,0.0,27,527.24,5143.78,2025,8,10,18,6,677.98,817.74,749.03,690.4900000000001,724.7566666666667,60.17306364483815,-1.0,-1.8369701987210292e-16,-0.7818314824680299,0.6234898018587334,-1
2025-08-13 12:00:00,AI_Lab,Lab,714.48,28.34,65.62,153,1,0,0,46.11,85,585.88,5715.87,2025,8,13,12,2,667.72,786.78,738.33,700.2466666666666,725.9937500000001,77.00297395795504,1.2246467991473532e-16,-1.0,0.9749279121818236,-0.2225209339563143,-1
2025-08-14 12:00:00,AI_Lab,Lab,861.61,31.28,57.07,371,1,0,0,0.0,97,706.52,6892.9,2025,8,14,12,3,682.52,714.48,760.76,744.1,710.90125,74.73365677451682,1.2246467991473532e-16,-1.0,0.4338837391175582,-0.900968867902419,-1
2025-08-15 21:00:00,AI_Lab,Lab,704.79,29.14,64.09,134,1,1,0,0.0,74,577.93,5638.3,2025,8,15,21,4,687.9,703.58,655.55,737.0366666666667,718.13125,68.08738319647361,-0.7071067811865477,0.7071067811865474,-0.433883739117558,-0.9009688679024191,-1
2025-08-16 22:00:00,AI_Lab,Lab,816.63,30.48,56.12,309,0,1,1,0.0,55,669.64,6533.07,2025,8,16,22,5,877.31,735.19,663.88,811.0833333333334,742.8725,78.07798583300574,-0.5000000000000004,0.8660254037844384,-0.9749279121818236,-0.2225209339563146,-1
2025-08-17 03:00:00,AI_Lab,Lab,805.7,27.19,54.15,334,1,0,1,0.0,79,660.67,6445.61,2025,8,17,3,6,725.15,815.43,797.17,732.7566666666667,735.0012499999999,81.01578307382547,0.7071067811865476,0.7071067811865476,-0.7818314824680299,0.6234898018587334,-1
2025-08-17 14:00:00,AI_Lab,Lab,840.6,32.65,68.02,394,0,0,1,83.81,99,689.29,6724.82,2025,8,17,14,6,758.8,840.6,721.25,793.2266666666668,729.3024999999999,69.69843290921207,-0.4999999999999997,-0.8660254037844388,-0.7818314824680299,0.6234898018587334,-1
2025-08-18 11:00:00,AI_Lab,Lab,636.36,32.46,71.82,60,1,0,0,47.93,70,521.82,5090.88,2025,8,18,11,0,708.77,773.08,686.74,655.6266666666667,702.0450000000001,73.05037076952577,0.258819045102521,-0.9659258262890682,0.0,1.0,-1
2025-08-19 03:00:00,AI_Lab,Lab,704.79,30.24,73.72,114,1,0,0,0.0,77,577.93,5638.35,2025,8,19,3,1,743.58,808.82,616.66,727.84,677.7404166666666,58.67730310621687,0.7071067811865476,0.7071067811865476,0.7818314824680298,0.6234898018587336,-1
2025-08-23 19:00:00,AI_Lab,Lab,817.81,32.19,58.01,232,0,0,1,0.0,91,670.61,6542.5,2025,8,23,19,5,617.15,821.34,817.82,720.13,740.4216666666667,67.11524868311956,-0.9659258262890684,0.2588190451025203,-0.9749279121818236,-0.2225209339563146,-1
2025-08-24 20:00:00,AI_Lab,Lab,591.9,31.97,56.67,29,1,0,1,0.0,29,485.36,4735.21,2025,8,24,20,6,665.81,750.58,644.93,692.8966666666666,699.75625,62.57698471291855,-0.8660254037844386,0.5000000000000001,-0.7818314824680299,0.6234898018587334,-1
2025-08-25 06:00:00,AI_Lab,Lab,877.52,31.5,72.81,399,0,0,0,0.0,81,719.57,7020.18,2025,8,25,6,0,689.74,709.02,809.81,773.4366666666666,728.8620833333333,78.47369700452421,1.0,6.123233995736766e-17,0.0,1.0,-1
2025-08-27 11:00:00,AI_Lab,Lab,830.6,29.48,76.4,390,1,0,0,48.24,70,681.09,6644.8,2025,8,27,11,2,589.62,771.0,583.19,754.9566666666666,735.4587499999999,72.39875054846001,0.258819045102521,-0.9659258262890682,0.9749279121818236,-0.2225209339563143,-1
2025-08-30 01:00:00,AI_Lab,Lab,830.0,36.18,48.13,308,0,0,1,0.0,88,680.6,6640.0,2025,8,30,1,5,636.55,662.57,804.7,723.5500000000001,710.6729166666668,63.21626321289013,0.2588190451025207,0.9659258262890684,-0.9749279121818236,-0.2225209339563146,-1
2025-08-30 13:00:00,AI_Lab,Lab,712.71,31.03,59.99,141,0,1,1,42.24,84,584.42,5701.65,2025,8,30,13,5,805.48,682.65,676.9,739.4566666666666,710.5054166666667,71.74309771249088,-0.2588190451025208,-0.9659258262890684,-0.9749279121818236,-0.2225209339563146,-1
2025-08-30 18:00:00,AI_Lab,Lab,844.38,29.84,73.02,340,1,0,1,0.0,94,692.39,6755.04,2025,8,30,18,5,709.6,771.3,617.15,729.1066666666667,705.1045833333333,72.93301339789187,-1.0,-1.8369701987210292e-16,-0.9749279121818236,-0.2225209339563146,-1
2025-08-31 00:00:00,AI_Lab,Lab,667.33,23.8,46.29,36,0,1,1,0.0,95,547.21,5338.68,2025,8,31,0,6,831.62,636.55,605.29,723.5,725.34375,73.54108451344008,0.0,1.0,-0.7818314824680299,0.6234898018587334,-1
2025-08-31 09:00:00,AI_Lab,Lab,661.16,30.24,63.81,27,0,0,1,66.97,96,542.15,5289.25,2025,8,31,9,6,781.3,829.61,666.3,713.4799999999999,735.86125,64.49023332274116,0.7071067811865476,-0.7071067811865475,-0.7818314824680299,0.6234898018587334,-1
2025-08-31 11:00:00,AI_Lab,Lab,624.09,25.6,43.16,34,0,1,1,37.16,64,511.75,4992.7,2025,8,31,11,6,644.33,700.18,693.66,643.1933333333334,729.9549999999999,70.32467326312363,0.258819045102521,-0.9659258262890682,-0.7818314824680299,0.6234898018587334,-1
2025-08-31 17:00:00,AI_Lab,Lab,776.88,20.8,60.34,392,1,1,1,61.71,67,637.04,6215.01,2025,8,31,17,6,711.08,709.6,636.62,705.37,735.5108333333334,71.86555908002049,-0.9659258262890684,-0.2588190451025206,-0.7818314824680299,0.6234898018587334,-1
2025-08-31 21:00:00,AI_Lab,Lab,716.59,35.41,65.19,109,0,0,1,0.0,84,587.61,5732.76,2025,8,31,21,6,767.06,796.44,845.46,694.39,726.3170833333334,72.12096616579883,-0.7071067811865477,0.7071067811865474,-0.7818314824680299,0.6234898018587334,-1
2025-09-01 17:00:00,AI_Lab,Lab,609.27,20.51,77.14,42,0,0,0,55.35,81,499.6,4874.17,2025,9,1,17,0,675.27,776.88,740.03,678.79,692.5949999999999,79.31000764748106,-0.9659258262890684,-0.2588190451025206,0.0,1.0,-1
2025-09-02 01:00:00,AI_Lab,Lab,787.07,34.95,64.06,221,0,1,0,0.0,92,645.4,6296.57,2025,9,2,1,1,677.09,803.67,901.52,744.64,693.4883333333333,72.63336325664011,0.2588190451025207,0.9659258262890684,0.7818314824680298,0.6234898018587336,-1
2025-09-02 02:00:00,AI_Lab,Lab,841.3,31.2,79.39,369,0,1,0,0.0,98,689.86,6730.37,2025,9,2,2,1,787.07,722.15,755.15,768.4866666666667,698.4529166666667,78.51175295452747,0.4999999999999999,0.8660254037844387,0.7818314824680298,0.6234898018587336,-1
2025-09-02 03:00:00,AI_Lab,Lab,836.8,31.45,90.66,393,0,0,0,0.0,61,686.18,6694.43,2025,9,2,3,1,841.3,653.44,748.21,821.7233333333334,706.0929166666666,82.74819727337093,0.7071067811865476,0.7071067811865476,0.7818314824680298,0.6234898018587336,-1
2025-09-02 18:00:00,AI_Lab,Lab,734.74,32.47,76.23,116,1,0,0,0.0,88,602.48,5877.9,2025,9,2,18,1,766.2,678.96,698.66,752.48,750.4729166666667,64.3846261340956,-1.0,-1.8369701987210292e-16,0.7818314824680298,0.6234898018587336,-1
2025-09-03 22:00:00,AI_Lab,Lab,650.36,26.34,77.77,29,0,0,0,0.0,73,533.3,5202.88,2025,9,3,22,2,822.8,815.46,767.89,739.7566666666667,698.7866666666667,68.49937274651985,-0.5000000000000004,0.8660254037844384,0.9749279121818236,-0.2225209339563143,-1
2025-09-04 13:00:00,AI_Lab,Lab,750.2,29.07,86.92,266,1,0,0,73.03,88,615.17,6001.61,2025,9,4,13,3,741.51,845.21,617.37,722.43,702.5208333333334,57.97339411628664,-0.2588190451025208,-0.9659258262890684,0.4338837391175582,-0.900968867902419,-1
2025-09-04 20:00:00,AI_Lab,Lab,848.15,28.65,73.55,383,0,1,0,0.0,74,695.48,6785.17,2025,9,4,20,3,629.73,746.11,790.37,779.9266666666667,723.5408333333335,68.77243886253643,-0.8660254037844386,0.5000000000000001,0.4338837391175582,-0.900968867902419,-1
2025-09-04 21:00:00,AI_Lab,Lab,800.14,23.19,57.49,353,1,0,0,0.0,51,656.11,6401.09,2025,9,4,21,3,848.15,822.8,661.86,759.34,722.5966666666667,67.49414381466906,-0.7071067811865477,0.7071067811865474,0.4338837391175582,-0.900968867902419,-1
2025-09-05 06:00:00,AI_Lab,Lab,722.46,29.59,94.77,174,1,0,0,0.0,79,592.42,5779.68,2025,9,5,6,4,744.59,634.35,694.42,754.3033333333333,740.5825,61.38477748205581,1.0,6.123233995736766e-17,-0.433883739117558,-0.9009688679024191,-1
2025-09-05 08:00:00,AI_Lab,Lab,740.67,23.03,58.48,236,1,0,0,53.07,93,607.35,5925.33,2025,9,5,8,4,614.19,688.24,619.29,692.44,735.0575,64.51506526116185,0.8660254037844387,-0.4999999999999998,-0.433883739117558,-0.9009688679024191,-1
2025-09-06 04:00:00,AI_Lab,Lab,772.78,22.18,54.99,311,0,1,1,0.0,97,633.68,6182.28,2025,9,6,4,5,805.9,795.86,683.69,761.5666666666666,709.5799999999999,61.71667514784223,0.8660254037844386,0.5000000000000001,-0.9749279121818236,-0.2225209339563146,-1
2025-09-07 01:00:00,AI_Lab,Lab,838.51,28.29,33.31,275,0,0,1,0.0,58,687.58,6708.09,2025,9,7,1,6,773.29,715.1,789.44,761.3633333333333,736.4679166666666,66.9651010977809,0.2588190451025207,0.9659258262890684,-0.7818314824680299,0.6234898018587334,-1
2025-09-07 02:00:00,AI_Lab,Lab,765.03,37.78,63.57,346,0,1,1,0.0,21,627.33,6120.27,2025,9,7,2,6,838.51,706.02,834.94,792.2766666666666,738.9266666666666,66.88182171085123,0.4999999999999999,0.8660254037844387,-0.7818314824680299,0.6234898018587334,-1
2025-09-07 14:00:00,AI_Lab,Lab,834.31,26.39,68.55,335,0,0,1,49.89,89,684.14,6674.51,2025,9,7,14,6,752.13,664.93,837.71,727.9866666666667,728.5170833333333,78.83950380797839,-0.4999999999999997,-0.8660254037844388,-0.7818314824680299,0.6234898018587334,-1
2025-09-07 17:00:00,AI_Lab,Lab,688.15,36.32,56.66,80,0,1,1,41.32,89,564.28,5505.21,2025,9,7,17,6,579.89,789.56,776.88,654.4833333333332,717.6466666666666,83.21318424314718,-0.9659258262890684,-0.2588190451025206,-0.7818314824680299,0.6234898018587334,-1
2025-09-07 20:00:00,AI_Lab,Lab,867.96,24.28,86.39,392,0,0,1,0.0,93,711.73,6943.69,2025,9,7,20,6,771.29,673.31,767.06,739.8933333333333,725.4679166666666,92.5900255675594,-0.8660254037844386,0.5000000000000001,-0.7818314824680299,0.6234898018587334,-1
2025-09-07 21:00:00,AI_Lab,Lab,744.36,25.49,71.31,194,0,1,1,0.0,49,610.38,5954.88,2025,9,7,21,6,867.96,805.45,716.59,794.5366666666667,722.9225,91.12372688917954,-0.7071067811865477,0.7071067811865474,-0.7818314824680299,0.6234898018587334,-1
2025-09-08 03:00:00,AI_Lab,Lab,773.94,27.5,46.73,193,1,0,0,0.0,77,634.63,6191.53,2025,9,8,3,0,749.51,641.09,653.44,739.8466666666667,713.5225,84.63840921955776,0.7071067811865476,0.7071067811865476,0.0,1.0,-1
2025-09-09 10:00:00,AI_Lab,Lab,804.65,40.65,80.52,271,0,0,0,59.51,98,659.81,6437.2,2025,9,9,10,1,616.41,708.58,835.12,749.6433333333333,723.0300000000001,75.72291026585218,0.4999999999999999,-0.8660254037844387,0.7818314824680298,0.6234898018587336,-1
2025-09-10 14:00:00,AI_Lab,Lab,765.19,32.75,70.74,323,1,0,0,57.96,77,627.45,6121.48,2025,9,10,14,2,752.17,719.23,667.95,748.1266666666667,759.4745833333333,60.29463196086956,-0.4999999999999997,-0.8660254037844388,0.9749279121818236,-0.2225209339563143,-1
2025-09-12 00:00:00,AI_Lab,Lab,672.48,29.77,51.8,91,1,0,0,0.0,50,551.43,5379.85,2025,9,12,0,4,751.09,682.4,820.78,723.7033333333334,701.9795833333334,56.84446495016916,0.0,1.0,-0.433883739117558,-0.9009688679024191,-1
2025-09-14 12:00:00,AI_Lab,Lab,666.79,30.41,75.12,42,0,0,1,43.21,88,546.77,5334.36,2025,9,14,12,6,673.39,834.8,597.52,639.5533333333333,730.1650000000001,79.22877995976502,1.2246467991473532e-16,-1.0,-0.7818314824680299,0.6234898018587334,-1
2025-09-14 13:00:00,AI_Lab,Lab,727.84,34.59,97.42,215,0,0,1,52.53,71,596.83,5822.75,2025,9,14,13,6,666.79,790.01,752.13,689.34,727.5745833333334,78.19666555657281,-0.2588190451025208,-0.9659258262890684,-0.7818314824680299,0.6234898018587334,-1
2025-09-15 03:00:00,AI_Lab,Lab,699.39,29.43,72.7,196,1,0,0,0.0,51,573.5,5595.14,2025,9,15,3,0,788.01,867.99,773.94,755.02,717.78125,63.46357800464818,0.7071067811865476,0.7071067811865476,0.0,1.0,-1
2025-09-16 00:00:00,AI_Lab,Lab,802.91,30.52,47.18,205,0,0,0,0.0,95,658.38,6423.25,2025,9,16,0,1,792.25,830.12,782.1,808.5666666666666,735.0445833333333,61.142281675729805,0.0,1.0,0.7818314824680298,0.6234898018587336,-1
2025-09-16 01:00:00,AI_Lab,Lab,826.04,36.58,72.54,290,0,1,0,0.0,84,677.35,6608.31,2025,9,16,1,1,802.91,777.66,780.49,807.0666666666666,737.0604166666667,63.3654940030724,0.2588190451025207,0.9659258262890684,0.7818314824680298,0.6234898018587336,-1
2025-09-16 02:00:00,AI_Lab,Lab,635.43,29.19,35.79,95,1,0,0,0.0,34,521.05,5083.43,2025,9,16,2,1,826.04,788.01,700.58,754.7933333333332,730.7029166666666,65.64467205633579,0.4999999999999999,0.8660254037844387,0.7818314824680298,0.6234898018587336,-1
2025-09-17 23:00:00,AI_Lab,Lab,843.9,34.41,76.42,323,0,1,0,0.0,89,692.0,6751.2,2025,9,17,23,2,739.57,723.2,682.17,779.7366666666667,726.3254166666667,82.13905346524574,-0.2588190451025215,0.965925826289068,0.9749279121818236,-0.2225209339563143,-1
2025-09-19 01:00:00,AI_Lab,Lab,828.51,25.47,68.65,354,1,0,0,0.0,90,679.38,6628.12,2025,9,19,1,4,735.72,696.68,806.17,746.8633333333333,734.7695833333332,63.91570164842073,0.2588190451025207,0.9659258262890684,-0.433883739117558,-0.9009688679024191,-1
2025-09-22 07:00:00,AI_Lab,Lab,619.05,24.94,73.54,29,0,0,0,51.23,98,507.62,4952.4,2025,9,22,7,0,895.72,691.43,767.78,773.9966666666666,718.9316666666667,66.80596586654654,0.9659258262890684,-0.2588190451025206,0.0,1.0,-1
2025-09-25 22:00:00,AI_Lab,Lab,840.52,34.41,52.96,267,0,0,0,0.0,89,689.23,6724.19,2025,9,25,22,3,839.0,608.8,775.34,850.5566666666667,742.6974999999999,68.39180031260825,-0.5000000000000004,0.8660254037844384,0.4338837391175582,-0.900968867902419,-1
2025-09-26 03:00:00,AI_Lab,Lab,785.51,31.29,90.26,266,0,0,0,0.0,98,644.12,6284.11,2025,9,26,3,4,821.71,733.63,778.26,816.5833333333334,753.8566666666667,70.25757354605489,0.7071067811865476,0.7071067811865476,-0.433883739117558,-0.9009688679024191,-1
2025-09-27 13:00:00,AI_Lab,Lab,751.44,24.71,78.77,214,1,0,1,28.32,90,616.18,6011.51,2025,9,27,13,5,715.6,681.23,637.22,710.5966666666667,711.4116666666667,59.17812100596815,-0.2588190451025208,-0.9659258262890684,-0.9749279121818236,-0.2225209339563146,-1
2025-09-27 18:00:00,AI_Lab,Lab,868.15,33.04,74.24,395,0,1,1,0.0,77,711.88,6945.19,2025,9,27,18,5,621.88,737.04,639.62,773.1233333333333,714.2695833333333,72.99151353167582,-1.0,-1.8369701987210292e-16,-0.9749279121818236,-0.2225209339563146,-1
2025-09-28 05:00:00,AI_Lab,Lab,693.83,31.72,63.14,20,1,0,1,0.0,91,568.94,5550.66,2025,9,28,5,6,644.19,753.3,597.7,708.0966666666667,718.2983333333333,68.68507942946371,0.9659258262890684,0.2588190451025207,-0.7818314824680299,0.6234898018587334,-1
2025-09-28 12:00:00,AI_Lab,Lab,797.84,34.17,80.1,338,1,0,1,33.05,72,654.23,6382.74,2025,9,28,12,6,590.89,715.6,725.61,707.5033333333334,728.64,72.46867155206806,1.2246467991473532e-16,-1.0,-0.7818314824680299,0.6234898018587334,-1
2025-09-28 13:00:00,AI_Lab,Lab,711.56,33.41,56.74,22,0,0,1,48.8,90,583.48,5692.45,2025,9,28,13,6,797.84,751.44,726.54,700.0966666666667,726.9783333333334,72.38030939700099,-0.2588190451025208,-0.9659258262890684,-0.7818314824680299,0.6234898018587334,-1
2025-09-28 15:00:00,AI_Lab,Lab,693.43,32.06,46.44,125,0,1,1,53.46,81,568.61,5547.41,2025,9,28,15,6,710.13,693.24,767.02,705.04,725.7425,72.39994446610753,-0.7071067811865471,-0.7071067811865479,-0.7818314824680299,0.6234898018587334,-1
2025-09-29 21:00:00,AI_Lab,Lab,822.0,22.47,74.51,343,0,0,0,0.0,86,674.04,6576.03,2025,9,29,21,0,710.89,816.34,833.92,744.5033333333332,732.1204166666666,72.11310286048179,-0.7071067811865477,0.7071067811865474,0.0,1.0,-1
2025-09-29 22:00:00,AI_Lab,Lab,694.06,36.41,44.89,57,0,0,0,0.0,92,569.13,5552.5,2025,9,29,22,0,822.0,719.64,805.88,742.3166666666666,731.0545833333332,72.49361632940008,-0.5000000000000004,0.8660254037844384,0.0,1.0,-1
2025-09-30 16:00:00,AI_Lab,Lab,687.79,32.34,51.3,121,1,0,0,50.94,80,563.99,5502.34,2025,9,30,16,1,782.79,717.89,745.03,708.0933333333332,721.62125,68.83850441194768,-0.8660254037844385,-0.5000000000000004,0.7818314824680298,0.6234898018587336,-1
2025-10-01 06:00:00,AI_Lab,Lab,794.33,31.26,33.83,335,1,0,0,0.0,28,651.35,6354.64,2025,10,1,6,2,614.66,757.11,793.24,688.57,699.8270833333335,69.97225173497192,1.0,6.123233995736766e-17,0.9749279121818236,-0.2225209339563143,-1
2025-10-02 00:00:00,AI_Lab,Lab,658.37,26.02,51.38,80,1,0,0,0.0,72,539.86,5266.97,2025,10,2,0,3,811.1,659.4,780.92,733.7666666666668,706.2629166666667,65.61547587064965,0.0,1.0,0.4338837391175582,-0.900968867902419,-1
2025-10-04 02:00:00,AI_Lab,Lab,763.67,30.56,73.85,221,1,0,1,0.0,61,626.21,6109.32,2025,10,4,2,5,795.89,765.98,611.38,758.39,734.1083333333332,67.26402802885366,0.4999999999999999,0.8660254037844387,-0.9749279121818236,-0.2225209339563146,-1
2025-10-04 05:00:00,AI_Lab,Lab,789.04,26.97,80.92,358,0,1,1,0.0,52,647.01,6312.29,2025,10,4,5,5,719.36,807.34,753.3,755.7866666666665,731.1729166666665,65.95742516655127,0.9659258262890684,0.2588190451025207,-0.9749279121818236,-0.2225209339563146,-1
2025-10-04 12:00:00,AI_Lab,Lab,722.35,26.91,81.39,201,1,0,1,4.87,49,592.32,5778.78,2025,10,4,12,5,657.51,736.02,715.6,723.4633333333333,742.3095833333333,63.50795646689589,1.2246467991473532e-16,-1.0,-0.9749279121818236,-0.2225209339563146,-1
2025-10-04 19:00:00,AI_Lab,Lab,846.35,32.82,68.15,395,1,0,1,0.0,56,694.0,6770.78,2025,10,4,19,5,696.1,861.79,683.36,762.91,748.3595833333333,52.07661717450774,-0.9659258262890684,0.2588190451025203,-0.9749279121818236,-0.2225209339563146,-1
2025-10-04 20:00:00,AI_Lab,Lab,842.61,32.65,85.38,306,0,0,1,0.0,91,690.94,6740.84,2025,10,4,20,5,846.35,812.41,826.43,795.02,749.6179166666666,54.02016000323407,-0.8660254037844386,0.5000000000000001,-0.9749279121818236,-0.2225209339563146,-1
2025-10-04 23:00:00,AI_Lab,Lab,786.71,26.54,63.54,209,0,0,1,0.0,96,645.1,6293.68,2025,10,4,23,5,752.39,840.95,746.98,747.4899999999999,748.1191666666667,51.14277550379468,-0.2588190451025215,0.965925826289068,-0.9749279121818236,-0.2225209339563146,-1
2025-10-05 08:00:00,AI_Lab,Lab,723.54,28.4,55.64,343,1,1,1,43.17,33,593.3,5788.29,2025,10,5,8,6,615.31,685.26,820.6,704.9533333333333,740.6624999999999,58.97156346770701,0.8660254037844387,-0.4999999999999998,-0.7818314824680299,0.6234898018587334,-1
2025-10-05 12:00:00,AI_Lab,Lab,783.69,29.81,73.44,292,1,0,1,51.96,75,642.63,6269.55,2025,10,5,12,6,594.24,722.35,797.84,673.85,729.8762500000001,68.56426149891126,1.2246467991473532e-16,-1.0,-0.7818314824680299,0.6234898018587334,-1
2025-10-07 20:00:00,AI_Lab,Lab,823.42,26.19,75.46,326,1,0,0,0.0,75,675.21,6587.39,2025,10,7,20,1,690.78,712.48,608.76,749.23,708.0579166666666,61.22551180244175,-0.8660254037844386,0.5000000000000001,0.7818314824680298,0.6234898018587336,-1
2025-10-08 02:00:00,AI_Lab,Lab,708.97,32.01,60.69,55,0,0,0,0.0,99,581.35,5671.75,2025,10,8,2,2,759.12,803.19,793.32,721.6633333333333,697.9945833333333,56.73769247726701,0.4999999999999999,0.8660254037844387,0.9749279121818236,-0.2225209339563143,-1
2025-10-11 04:00:00,AI_Lab,Lab,723.77,35.07,85.61,50,0,1,1,0.0,91,593.49,5790.16,2025,10,11,4,5,746.47,668.34,719.36,734.8433333333332,703.5500000000001,65.4924484860325,0.8660254037844386,0.5000000000000001,-0.9749279121818236,-0.2225209339563146,-1
2025-10-12 21:00:00,AI_Lab,Lab,835.6,27.59,65.19,370,1,0,1,0.0,91,685.19,6684.77,2025,10,12,21,6,668.91,729.59,742.96,711.7366666666667,728.8145833333333,62.128897076904,-0.7071067811865477,0.7071067811865474,-0.7818314824680299,0.6234898018587334,-1
2025-10-13 03:00:00,AI_Lab,Lab,867.04,31.9,79.43,396,1,0,0,0.0,75,710.97,6936.32,2025,10,13,3,0,629.45,767.73,690.73,735.2433333333333,742.2804166666666,68.755080222048,0.7071067811865476,0.7071067811865476,0.0,1.0,-1
2025-10-14 16:00:00,AI_Lab,Lab,717.64,26.52,72.85,176,1,0,0,47.31,98,588.46,5741.1,2025,10,14,16,1,678.52,671.57,637.35,711.3233333333334,716.2637500000001,59.56834509619906,-0.8660254037844385,-0.5000000000000004,0.7818314824680298,0.6234898018587336,-1
2025-10-14 20:00:00,AI_Lab,Lab,816.68,31.2,73.91,330,0,1,0,0.0,78,669.68,6533.43,2025,10,14,20,1,738.66,818.55,823.42,755.5133333333333,715.1325,56.94900039203536,-0.8660254037844386,0.5000000000000001,0.7818314824680298,0.6234898018587336,-1
2025-10-18 07:00:00,AI_Lab,Lab,810.29,27.49,79.11,395,0,0,1,66.42,91,664.44,6482.31,2025,10,18,7,5,690.69,832.77,577.73,772.7333333333332,733.0358333333334,70.00590924850482,0.9659258262890684,-0.2588190451025206,-0.9749279121818236,-0.2225209339563146,-1
2025-10-19 22:00:00,AI_Lab,Lab,801.27,31.85,52.03,215,0,0,1,0.0,99,657.04,6410.14,2025,10,19,22,6,720.65,786.11,813.77,752.6999999999999,730.86625,55.08948450219118,-0.5000000000000004,0.8660254037844384,-0.7818314824680299,0.6234898018587334,-1
2025-10-22 04:00:00,AI_Lab,Lab,836.03,31.83,70.36,350,1,0,0,0.0,64,685.55,6688.25,2025,10,22,4,2,838.77,708.71,784.69,796.34,737.9558333333333,69.6007513650493,0.8660254037844386,0.5000000000000001,0.9749279121818236,-0.2225209339563143,-1
2025-10-25 02:00:00,AI_Lab,Lab,845.09,25.06,69.66,332,0,0,1,0.0,98,692.97,6760.69,2025,10,25,2,5,824.88,789.53,808.42,796.0166666666668,717.7158333333333,62.59182381086929,0.4999999999999999,0.8660254037844387,-0.9749279121818236,-0.2225209339563146,-1
2025-10-25 15:00:00,AI_Lab,Lab,619.69,20.24,55.78,22,0,1,1,47.19,90,508.14,4957.49,2025,10,25,15,5,790.37,797.19,601.07,705.4333333333334,725.4075000000001,75.03091972791754,-0.7071067811865471,-0.7071067811865479,-0.9749279121818236,-0.2225209339563146,-1
2025-10-25 22:00:00,AI_Lab,Lab,699.51,32.57,60.83,31,0,1,1,0.0,88,573.6,5596.11,2025,10,25,22,5,748.79,734.15,786.11,703.6899999999999,718.7524999999999,75.87057293151543,-0.5000000000000004,0.8660254037844384,-0.9749279121818236,-0.2225209339563146,-1
2025-10-26 03:00:00,AI_Lab,Lab,828.29,28.74,59.37,380,0,1,1,0.0,82,679.2,6626.32,2025,10,26,3,6,831.89,760.71,744.13,801.9133333333333,721.4654166666668,75.40980930190133,0.7071067811865476,0.7071067811865476,-0.7818314824680299,0.6234898018587334,-1
2025-10-26 22:00:00,AI_Lab,Lab,785.46,33.67,66.21,227,0,1,1,0.0,76,644.08,6283.7,2025,10,26,22,6,753.81,699.51,801.27,754.0566666666667,746.8116666666666,53.45237536240709,-0.5000000000000004,0.8660254037844384,-0.7818314824680299,0.6234898018587334,-1
2025-10-27 05:00:00,AI_Lab,Lab,852.98,29.98,62.89,387,0,0,0,0.0,76,699.44,6823.81,2025,10,27,5,0,793.0,839.66,842.71,811.8800000000001,741.5520833333334,51.13227092798911,0.9659258262890684,0.2588190451025207,0.0,1.0,-1
2025-10-29 01:00:00,AI_Lab,Lab,909.01,26.7,50.38,382,0,0,0,0.0,99,745.39,7272.05,2025,10,29,1,2,776.8,745.19,786.19,777.2933333333334,724.7879166666667,72.32395351467294,0.2588190451025207,0.9659258262890684,0.9749279121818236,-0.2225209339563143,-1
2025-10-30 00:00:00,AI_Lab,Lab,792.38,32.12,56.59,304,0,0,0,0.0,63,649.75,6339.05,2025,10,30,0,3,823.86,776.8,794.76,809.3299999999999,744.6333333333332,71.00981234502032,0.0,1.0,0.4338837391175582,-0.900968867902419,-1
2025-10-30 01:00:00,AI_Lab,Lab,832.43,24.12,79.68,319,0,0,0,0.0,91,682.59,6659.42,2025,10,30,1,3,792.38,909.01,796.76,816.2233333333334,741.4425,64.74675128663661,0.2588190451025207,0.9659258262890684,0.4338837391175582,-0.900968867902419,-1
2025-10-30 12:00:00,AI_Lab,Lab,706.38,24.87,55.82,259,1,0,0,37.21,60,579.23,5651.03,2025,10,30,12,3,806.72,636.81,709.84,765.1533333333333,741.7062499999998,60.157580953653,1.2246467991473532e-16,-1.0,0.4338837391175582,-0.900968867902419,-1
2025-10-31 16:00:00,AI_Lab,Lab,670.16,29.54,71.82,73,1,0,0,42.56,86,549.53,5361.26,2025,10,31,16,4,659.45,688.77,604.5,672.8533333333334,729.6104166666665,66.88514499915317,-0.8660254037844385,-0.5000000000000004,-0.433883739117558,-0.9009688679024191,-1
2025-11-01 08:00:00,AI_Lab,Lab,864.93,35.61,75.13,346,0,0,1,28.02,85,709.24,6919.43,2025,11,1,8,5,751.14,681.13,592.1,807.8466666666667,727.2375000000001,62.04680366990685,0.8660254037844387,-0.4999999999999998,-0.9749279121818236,-0.2225209339563146,-1
2025-11-01 19:00:00,AI_Lab,Lab,859.17,23.31,82.1,394,0,0,1,0.0,92,704.52,6873.34,2025,11,1,19,5,783.96,665.59,670.54,765.7366666666667,744.03875,64.32286045124282,-0.9659258262890684,0.2588190451025203,-0.9749279121818236,-0.2225209339563146,-1
2025-11-01 22:00:00,AI_Lab,Lab,773.57,31.93,65.14,231,0,1,1,0.0,71,634.32,6188.53,2025,11,1,22,5,766.92,738.84,699.51,768.6333333333332,746.7541666666666,64.22482250159914,-0.5000000000000004,0.8660254037844384,-0.9749279121818236,-0.2225209339563146,-1
2025-11-02 00:00:00,AI_Lab,Lab,787.43,26.06,54.99,306,0,1,1,0.0,59,645.69,6299.43,2025,11,2,0,6,713.43,686.27,779.14,758.1433333333333,747.42125,62.99797514430284,0.0,1.0,-0.7818314824680299,0.6234898018587334,-1
2025-11-02 02:00:00,AI_Lab,Lab,840.04,28.5,73.66,336,0,0,1,0.0,85,688.83,6720.28,2025,11,2,2,6,768.9,759.05,831.89,798.79,751.61875,65.85875170871356,0.4999999999999999,0.8660254037844387,-0.7818314824680299,0.6234898018587334,-1
2025-11-02 06:00:00,AI_Lab,Lab,850.46,28.29,42.9,347,0,0,1,0.0,74,697.38,6803.68,2025,11,2,6,6,663.39,807.47,776.22,776.0966666666667,754.6854166666667,70.2057338163196,1.0,6.123233995736766e-17,-0.7818314824680299,0.6234898018587334,-1
2025-11-02 08:00:00,AI_Lab,Lab,741.54,29.74,64.63,84,0,0,1,27.27,98,608.06,5932.29,2025,11,2,8,6,751.47,864.93,708.37,781.1566666666668,749.5579166666666,66.18457359858945,0.8660254037844387,-0.4999999999999998,-0.7818314824680299,0.6234898018587334,-1
2025-11-02 12:00:00,AI_Lab,Lab,795.71,24.36,51.7,299,0,1,1,15.82,70,652.48,6365.67,2025,11,2,12,6,690.95,578.59,714.91,718.5366666666667,744.2904166666667,65.6460351118437,1.2246467991473532e-16,-1.0,-0.7818314824680299,0.6234898018587334,-1
2025-11-02 22:00:00,AI_Lab,Lab,817.46,28.73,53.28,357,0,0,1,0.0,82,670.31,6539.65,2025,11,2,22,6,776.46,773.57,785.46,750.6166666666667,721.6491666666667,73.62675304868878,-0.5000000000000004,0.8660254037844384,-0.7818314824680299,0.6234898018587334,-1
2025-11-02 23:00:00,AI_Lab,Lab,830.16,30.11,45.73,324,0,0,1,0.0,63,680.73,6641.25,2025,11,2,23,6,817.46,713.43,774.62,808.0266666666666,726.5129166666667,76.84540446100313,-0.2588190451025215,0.965925826289068,-0.7818314824680299,0.6234898018587334,-1
2025-11-03 00:00:00,AI_Lab,Lab,716.34,32.52,86.22,172,0,0,0,0.0,64,587.4,5730.7,2025,11,3,0,0,830.16,787.43,733.51,787.9866666666667,723.5508333333333,75.75762122181659,0.0,1.0,0.0,1.0,-1
2025-11-03 08:00:00,AI_Lab,Lab,756.92,28.73,54.96,370,0,1,0,68.83,40,620.67,6055.35,2025,11,3,8,0,790.7,741.54,811.01,743.9166666666666,702.9670833333333,69.35440160190281,0.8660254037844387,-0.4999999999999998,0.0,1.0,-1
2025-11-03 15:00:00,AI_Lab,Lab,699.5,32.32,96.3,204,1,0,0,55.19,48,573.59,5595.97,2025,11,3,15,0,795.45,626.16,790.98,750.1433333333334,722.0458333333332,73.4336692661064,-0.7071067811865471,-0.7071067811865479,0.0,1.0,-1
2025-11-03 21:00:00,AI_Lab,Lab,784.38,30.48,71.12,261,0,0,0,0.0,81,643.19,6275.05,2025,11,3,21,0,830.42,776.46,663.26,800.16,728.4312500000001,78.76643200890095,-0.7071067811865477,0.7071067811865474,0.0,1.0,-1
2025-11-05 10:00:00,AI_Lab,Lab,752.25,29.25,54.71,375,1,0,0,68.12,23,616.85,6018.01,2025,11,5,10,2,757.65,754.54,755.27,703.7400000000001,706.2216666666667,61.35556497680707,0.4999999999999999,-0.8660254037844387,0.9749279121818236,-0.2225209339563143,-1
2025-11-06 01:00:00,AI_Lab,Lab,849.91,29.37,77.51,323,0,0,0,0.0,94,696.93,6799.3,2025,11,6,1,3,815.49,612.92,832.43,810.6333333333333,723.0754166666666,78.5395930603128,0.2588190451025207,0.9659258262890684,0.4338837391175582,-0.900968867902419,-1
2025-11-06 10:00:00,AI_Lab,Lab,694.93,19.7,64.74,224,1,0,0,12.91,49,569.84,5559.4,2025,11,6,10,3,751.67,752.25,782.36,743.9599999999999,720.6533333333333,77.70399881527274,0.4999999999999999,-0.8660254037844387,0.4338837391175582,-0.900968867902419,-1
2025-11-06 20:00:00,AI_Lab,Lab,825.32,32.78,64.9,350,0,1,0,0.0,91,676.76,6602.58,2025,11,6,20,3,719.32,752.69,808.86,755.7199999999999,721.7108333333334,78.20533790948075,-0.8660254037844386,0.5000000000000001,0.4338837391175582,-0.900968867902419,-1
2025-11-07 02:00:00,AI_Lab,Lab,797.66,24.71,77.52,336,0,1,0,0.0,96,654.08,6381.29,2025,11,7,2,4,715.93,778.33,800.43,746.7233333333334,713.7633333333333,74.48739226068416,0.4999999999999999,0.8660254037844387,-0.433883739117558,-0.9009688679024191,-1
2025-11-08 11:00:00,AI_Lab,Lab,691.53,23.0,49.54,148,1,0,1,20.13,78,567.06,5532.25,2025,11,8,11,5,620.34,654.34,742.56,665.75,720.1979166666666,69.09184221518674,0.258819045102521,-0.9659258262890682,-0.9749279121818236,-0.2225209339563146,-1
2025-11-08 21:00:00,AI_Lab,Lab,667.85,26.85,51.97,28,0,0,1,0.0,98,547.63,5342.76,2025,11,8,21,5,853.91,781.62,766.92,730.5766666666667,710.4908333333333,75.10437027269413,-0.7071067811865477,0.7071067811865474,-0.9749279121818236,-0.2225209339563146,-1
2025-11-09 03:00:00,AI_Lab,Lab,764.24,27.03,50.7,204,0,1,1,0.0,98,626.68,6113.9,2025,11,9,3,6,791.53,729.46,665.01,793.2433333333333,727.8716666666666,72.60729845136478,0.7071067811865476,0.7071067811865476,-0.7818314824680299,0.6234898018587334,-1
2025-11-09 04:00:00,AI_Lab,Lab,801.81,31.34,73.17,256,0,1,1,0.0,78,657.49,6414.51,2025,11,9,4,6,764.24,861.22,814.44,785.86,725.3962499999999,68.77496061114836,0.8660254037844386,0.5000000000000001,-0.7818314824680299,0.6234898018587334,-1
2025-11-09 15:00:00,AI_Lab,Lab,825.38,17.31,49.01,395,0,0,1,50.3,88,676.81,6603.04,2025,11,9,15,6,635.77,760.11,626.16,717.5633333333334,736.82375,75.88113071356555,-0.7071067811865471,-0.7071067811865479,-0.7818314824680299,0.6234898018587334,-1
2025-11-09 20:00:00,AI_Lab,Lab,735.0,31.07,48.49,147,0,1,1,0.0,80,602.7,5880.01,2025,11,9,20,6,751.44,853.91,657.93,694.5,719.7491666666666,79.48676536908798,-0.8660254037844386,0.5000000000000001,-0.7818314824680299,0.6234898018587334,-1
2025-11-09 21:00:00,AI_Lab,Lab,714.28,29.0,45.56,65,0,0,1,0.0,91,585.71,5714.24,2025,11,9,21,6,735.0,667.85,776.46,733.5733333333334,721.68375,78.73011703791751,-0.7071067811865477,0.7071067811865474,-0.7818314824680299,0.6234898018587334,-1
2025-11-09 23:00:00,AI_Lab,Lab,853.7,32.77,57.69,367,0,0,1,0.0,89,700.04,6829.62,2025,11,9,23,6,814.32,736.55,830.16,794.1,729.6541666666667,85.07947895001207,-0.2588190451025215,0.965925826289068,-0.7818314824680299,0.6234898018587334,-1
2025-11-10 00:00:00,AI_Lab,Lab,675.59,33.73,47.26,108,0,1,0,0.0,44,553.99,5404.74,2025,11,10,0,0,853.7,711.77,716.34,781.2033333333334,728.1466666666666,85.72819974713002,0.0,1.0,0.0,1.0,-1
2025-11-10 01:00:00,AI_Lab,Lab,743.99,28.95,66.85,98,0,0,0,0.0,99,610.08,5951.96,2025,11,10,1,0,675.59,823.96,619.49,757.7599999999999,724.8145833333333,83.3637412047032,0.2588190451025207,0.9659258262890684,0.0,1.0,-1
2025-11-10 09:00:00,AI_Lab,Lab,665.24,29.37,45.62,79,0,0,0,37.08,90,545.5,5321.93,2025,11,10,9,0,683.05,804.06,844.93,656.68,704.2708333333334,78.91528269450514,0.7071067811865476,-0.7071067811865475,0.0,1.0,-1
2025-11-13 05:00:00,AI_Lab,Lab,793.89,27.65,64.63,297,1,1,0,0.0,61,650.99,6351.13,2025,11,13,5,3,747.4,640.65,653.92,771.0233333333332,716.9766666666666,72.1140277414965,0.9659258262890684,0.2588190451025207,0.4338837391175582,-0.900968867902419,-1
2025-11-13 14:00:00,AI_Lab,Lab,850.35,28.23,73.23,380,1,0,0,38.1,83,697.29,6802.81,2025,11,13,14,3,697.35,712.25,570.7,771.7633333333333,729.8883333333333,73.93785984757936,-0.4999999999999997,-0.8660254037844388,0.4338837391175582,-0.900968867902419,-1
2025-11-15 16:00:00,AI_Lab,Lab,704.39,33.23,55.07,176,1,1,1,45.72,79,577.6,5635.08,2025,11,15,16,5,764.07,604.75,714.92,703.5833333333334,720.4037500000001,72.74461227995313,-0.8660254037844385,-0.5000000000000004,-0.9749279121818236,-0.2225209339563146,-1
2025-11-16 22:00:00,AI_Lab,Lab,840.83,27.52,86.4,334,0,0,1,0.0,81,689.48,6726.66,2025,11,16,22,6,608.35,638.1,814.32,756.5166666666668,739.9829166666667,78.52236698680015,-0.5000000000000004,0.8660254037844384,-0.7818314824680299,0.6234898018587334,-1
2025-11-17 12:00:00,AI_Lab,Lab,665.0,28.57,55.06,52,1,1,0,17.13,65,545.3,5320.01,2025,11,17,12,0,768.55,662.57,633.26,717.46,727.3537499999999,84.94498914578779,1.2246467991473532e-16,-1.0,0.0,1.0,-1
2025-11-17 18:00:00,AI_Lab,Lab,860.97,35.25,46.38,359,0,0,0,0.0,86,705.99,6887.75,2025,11,17,18,0,749.72,838.74,762.37,764.5566666666667,718.7075,84.44704377403492,-1.0,-1.8369701987210292e-16,0.0,1.0,-1
2025-11-18 00:00:00,AI_Lab,Lab,690.08,26.36,53.07,35,0,0,0,0.0,76,565.87,5520.67,2025,11,18,0,1,818.37,808.21,831.1,758.7466666666666,704.5241666666666,73.1081402662415,0.0,1.0,0.7818314824680298,0.6234898018587336,-1
2025-11-18 11:00:00,AI_Lab,Lab,668.71,21.39,55.69,148,0,1,0,54.38,85,548.34,5349.7,2025,11,18,11,1,805.9,768.55,693.93,750.9166666666666,705.7720833333333,65.55104462930221,0.258819045102521,-0.9659258262890682,0.7818314824680298,0.6234898018587336,-1
2025-11-19 19:00:00,AI_Lab,Lab,842.68,29.65,42.38,398,1,0,0,0.0,50,691.0,6741.48,2025,11,19,19,2,714.56,738.72,670.16,746.4866666666667,696.16375,58.4528506994436,-0.9659258262890684,0.2588190451025203,0.9749279121818236,-0.2225209339563143,-1
2025-11-19 23:00:00,AI_Lab,Lab,652.65,24.29,35.59,165,1,0,0,0.0,28,535.17,5221.22,2025,11,19,23,2,684.27,692.39,668.0,715.3466666666667,700.2516666666667,60.80406012378052,-0.2588190451025215,0.965925826289068,0.9749279121818236,-0.2225209339563143,-1
2025-11-21 00:00:00,AI_Lab,Lab,858.63,28.64,54.74,369,0,0,0,0.0,86,704.08,6869.08,2025,11,21,0,4,680.08,593.58,794.69,780.0766666666667,725.2604166666666,76.02011635825698,0.0,1.0,-0.433883739117558,-0.9009688679024191,-1
2025-11-22 09:00:00,AI_Lab,Lab,850.3,32.85,66.58,362,0,1,1,61.03,98,697.24,6802.37,2025,11,22,9,5,832.67,739.76,627.97,794.4933333333333,731.5283333333333,70.20328003402615,0.7071067811865476,-0.7071067811865475,-0.9749279121818236,-0.2225209339563146,-1
2025-11-22 12:00:00,AI_Lab,Lab,715.86,30.89,82.8,238,0,1,1,60.47,89,587.01,5726.9,2025,11,22,12,5,647.32,649.54,635.97,725.5200000000001,736.1875,71.89999433089135,1.2246467991473532e-16,-1.0,-0.9749279121818236,-0.2225209339563146,-1
2025-11-23 01:00:00,AI_Lab,Lab,691.52,24.03,74.86,129,1,0,1,0.0,71,567.04,5532.14,2025,11,23,1,6,587.7,754.68,803.92,652.2066666666666,721.5045833333334,71.11290165945515,0.2588190451025207,0.9659258262890684,-0.7818314824680299,0.6234898018587334,-1
2025-11-23 22:00:00,AI_Lab,Lab,690.27,34.69,64.7,78,0,1,1,0.0,76,566.02,5522.19,2025,11,23,22,6,676.36,780.22,840.83,694.3966666666666,719.6579166666666,76.58240216627968,-0.5000000000000004,0.8660254037844384,-0.7818314824680299,0.6234898018587334,-1
2025-11-24 06:00:00,AI_Lab,Lab,679.88,29.64,62.91,38,0,0,0,0.0,92,557.5,5439.03,2025,11,24,6,0,814.99,828.69,654.83,703.6833333333333,726.5595833333333,74.81943774872919,1.0,6.123233995736766e-17,0.0,1.0,-1
2025-11-24 14:00:00,AI_Lab,Lab,674.41,26.72,85.72,116,1,0,0,33.93,77,553.02,5395.28,2025,11,24,14,0,609.83,831.83,669.93,657.4666666666666,700.0945833333334,66.43143244888101,-0.4999999999999997,-0.8660254037844388,0.0,1.0,-1
2025-11-25 14:00:00,AI_Lab,Lab,779.24,29.04,58.15,289,1,0,0,19.55,90,638.98,6233.93,2025,11,25,14,1,690.39,674.41,598.62,712.25,733.6549999999999,53.373720858307,-0.4999999999999997,-0.8660254037844388,0.7818314824680298,0.6234898018587336,-1
2025-11-27 17:00:00,AI_Lab,Lab,751.14,29.8,66.71,199,1,1,0,49.67,69,615.93,6009.08,2025,11,27,17,3,794.86,679.53,619.28,756.3533333333334,718.6504166666667,62.27043666482,-0.9659258262890684,-0.2588190451025206,0.4338837391175582,-0.900968867902419,-1
2025-11-30 06:00:00,AI_Lab,Lab,659.48,33.94,55.84,158,0,1,1,0.0,29,540.77,5275.8,2025,11,30,6,6,708.69,839.85,828.69,678.8033333333334,732.21375,67.21050673637642,1.0,6.123233995736766e-17,-0.7818314824680299,0.6234898018587334,-1
2025-11-30 07:00:00,AI_Lab,Lab,644.34,36.02,67.52,85,0,1,1,48.61,64,528.36,5154.74,2025,11,30,7,6,659.48,756.99,862.17,670.8366666666667,727.52,69.30587006947289,0.9659258262890684,-0.2588190451025206,-0.7818314824680299,0.6234898018587334,-1
2025-11-30 09:00:00,AI_Lab,Lab,863.95,25.08,62.29,378,0,1,1,23.12,99,708.44,6911.58,2025,11,30,9,6,739.54,659.04,695.39,749.2766666666666,730.6875,67.3884510973802,0.7071067811865476,-0.7071067811865475,-0.7818314824680299,0.6234898018587334,-1
2025-11-30 22:00:00,AI_Lab,Lab,729.75,28.23,63.71,139,1,0,1,0.0,98,598.4,5838.03,2025,11,30,22,6,667.89,837.71,690.27,681.2733333333332,715.3166666666666,70.04375760701339,-0.5000000000000004,0.8660254037844384,-0.7818314824680299,0.6234898018587334,-1
2025-12-01 02:00:00,AI_Lab,Lab,760.19,27.46,85.95,191,0,0,0,0.0,90,623.36,6081.53,2025,12,1,2,0,857.12,831.49,804.79,773.7600000000001,712.9387499999999,64.42839984870923,0.4999999999999999,0.8660254037844387,0.0,1.0,-1
2025-12-01 15:00:00,AI_Lab,Lab,726.17,29.55,69.29,166,0,1,0,50.85,98,595.46,5809.35,2025,12,1,15,0,616.47,725.99,740.21,724.2733333333332,699.8375000000001,68.50648729991968,-0.7071067811865471,-0.7071067811865479,0.0,1.0,-1
2025-12-02 02:00:00,AI_Lab,Lab,702.53,24.48,64.7,225,1,0,0,0.0,22,576.07,5620.2,2025,12,2,2,1,738.4,760.19,664.09,722.6466666666666,690.2833333333333,67.8660044029666,0.4999999999999999,0.8660254037844387,0.7818314824680298,0.6234898018587336,-1
2025-12-02 05:00:00,AI_Lab,Lab,690.18,21.26,58.18,201,1,0,0,0.0,46,565.95,5521.45,2025,12,2,5,1,635.86,770.87,675.06,653.5666666666667,686.0450000000001,65.70288717102966,0.9659258262890684,0.2588190451025207,0.7818314824680298,0.6234898018587336,-1
2025-12-02 20:00:00,AI_Lab,Lab,772.37,28.92,80.21,239,1,0,0,0.0,88,633.35,6179.0,2025,12,2,20,1,770.56,640.59,794.4,766.7566666666667,707.82,66.44728731336117,-0.8660254037844386,0.5000000000000001,0.7818314824680298,0.6234898018587336,-1
2025-12-02 23:00:00,AI_Lab,Lab,858.0,31.3,76.62,368,0,0,0,0.0,94,703.56,6864.03,2025,12,2,23,1,710.64,652.85,702.6,765.18,715.7712500000001,68.84038459032149,-0.2588190451025215,0.965925826289068,0.7818314824680298,0.6234898018587336,-1
2025-12-03 04:00:00,AI_Lab,Lab,818.94,29.2,67.84,278,1,0,0,0.0,92,671.53,6551.49,2025,12,3,4,2,626.48,635.86,716.58,748.2566666666667,729.5379166666667,73.34121636031017,0.8660254037844386,0.5000000000000001,0.9749279121818236,-0.2225209339563143,-1
2025-12-03 18:00:00,AI_Lab,Lab,719.61,26.55,66.11,195,1,0,0,0.0,20,590.08,5756.89,2025,12,3,18,2,594.46,757.34,697.58,650.2633333333334,726.5391666666666,75.02584551291153,-1.0,-1.8369701987210292e-16,0.9749279121818236,-0.2225209339563143,-1
2025-12-04 01:00:00,AI_Lab,Lab,820.27,31.55,66.84,352,0,0,0,0.0,83,672.62,6562.18,2025,12,4,1,3,815.81,801.8,664.11,813.5766666666667,728.2916666666669,79.5824544605827,0.2588190451025207,0.9659258262890684,0.4338837391175582,-0.900968867902419,-1
2025-12-04 09:00:00,AI_Lab,Lab,742.8,34.1,70.41,359,1,0,0,52.72,24,609.1,5942.4,2025,12,4,9,3,656.52,662.89,795.21,739.6666666666666,727.8591666666666,65.87202552754214,0.7071067811865476,-0.7071067811865475,0.4338837391175582,-0.900968867902419,-1
2025-12-06 00:00:00,AI_Lab,Lab,815.41,36.88,42.13,278,0,0,1,0.0,80,668.63,6523.25,2025,12,6,0,5,626.08,764.61,760.86,712.1933333333333,706.74125,79.05379765992626,0.0,1.0,-0.9749279121818236,-0.2225209339563146,-1
2025-12-06 05:00:00,AI_Lab,Lab,676.54,32.27,45.64,37,0,1,1,0.0,60,554.76,5412.31,2025,12,6,5,5,707.54,805.27,810.21,702.89,700.9495833333334,72.49715313626079,0.9659258262890684,0.2588190451025207,-0.9749279121818236,-0.2225209339563146,-1
2025-12-06 12:00:00,AI_Lab,Lab,736.48,27.3,65.51,257,0,1,1,42.17,69,603.92,5891.86,2025,12,6,12,5,734.54,748.76,774.58,740.6466666666666,699.0754166666667,51.422460071636,1.2246467991473532e-16,-1.0,-0.9749279121818236,-0.2225209339563146,-1
2025-12-07 01:00:00,AI_Lab,Lab,718.6,32.97,69.6,23,0,0,1,0.0,99,589.25,5748.76,2025,12,7,1,6,774.76,687.83,868.07,715.0633333333334,715.3675,49.976053852775976,0.2588190451025207,0.9659258262890684,-0.7818314824680299,0.6234898018587334,-1
2025-12-07 11:00:00,AI_Lab,Lab,656.23,26.06,81.09,123,1,0,1,42.89,52,538.1,5249.8,2025,12,7,11,6,659.81,734.54,575.51,694.7066666666666,720.12,56.97542704496706,0.258819045102521,-0.9659258262890682,-0.7818314824680299,0.6234898018587334,-1
2025-12-07 15:00:00,AI_Lab,Lab,693.2,27.92,61.16,62,1,0,1,38.19,81,568.42,5545.58,2025,12,7,15,6,736.86,679.76,725.99,715.8433333333334,716.64125,55.97438624728962,-0.7071067811865471,-0.7071067811865479,-0.7818314824680299,0.6234898018587334,-1
2025-12-08 17:00:00,AI_Lab,Lab,728.76,31.76,38.86,154,1,0,0,45.78,95,597.58,5830.08,2025,12,8,17,0,707.87,692.7,673.26,718.5633333333332,729.7579166666668,51.61356376996184,-0.9659258262890684,-0.2588190451025206,0.0,1.0,-1
2025-12-09 01:00:00,AI_Lab,Lab,802.46,25.81,66.31,314,1,0,0,0.0,91,658.01,6419.65,2025,12,9,1,1,707.15,801.46,738.4,724.0533333333333,718.5933333333332,48.36291614419949,0.2588190451025207,0.9659258262890684,0.7818314824680298,0.6234898018587336,-1
2025-12-09 13:00:00,AI_Lab,Lab,668.52,26.61,48.71,81,0,1,0,18.35,86,548.19,5348.19,2025,12,9,13,1,707.74,724.39,858.23,709.5366666666667,710.0783333333334,47.28177879264998,-0.2588190451025208,-0.9659258262890684,0.7818314824680298,0.6234898018587336,-1
2025-12-10 00:00:00,AI_Lab,Lab,746.66,31.24,73.05,25,0,0,0,0.0,99,612.26,5973.31,2025,12,10,0,2,672.62,707.15,722.29,689.3866666666667,714.5033333333332,48.09897645721582,0.0,1.0,0.9749279121818236,-0.2225209339563143,-1
2025-12-10 01:00:00,AI_Lab,Lab,629.7,17.21,67.66,43,0,0,0,0.0,88,516.35,5037.58,2025,12,10,1,2,746.66,802.46,801.8,682.9933333333333,707.305,47.28379233301118,0.2588190451025207,0.9659258262890684,0.9749279121818236,-0.2225209339563143,-1
2025-12-11 08:00:00,AI_Lab,Lab,653.29,27.05,51.32,81,1,0,0,37.33,78,535.7,5226.3,2025,12,11,8,3,677.86,633.35,656.52,721.11,723.3612499999999,59.68558534830124,0.8660254037844387,-0.4999999999999998,0.4338837391175582,-0.900968867902419,-1
2025-12-11 18:00:00,AI_Lab,Lab,627.52,22.18,42.83,88,1,0,0,0.0,34,514.57,5020.19,2025,12,11,18,3,729.01,800.78,669.92,672.04,707.3566666666666,64.07724066323796,-1.0,-1.8369701987210292e-16,0.4338837391175582,-0.900968867902419,-1
2025-12-13 17:00:00,AI_Lab,Lab,653.09,27.56,73.06,79,1,0,1,40.16,67,535.53,5224.73,2025,12,13,17,5,584.44,701.19,773.36,622.4333333333334,727.9079166666667,72.08911924043774,-0.9659258262890684,-0.2588190451025206,-0.9749279121818236,-0.2225209339563146,-1
2025-12-14 04:00:00,AI_Lab,Lab,813.1,30.06,49.4,270,1,0,1,0.0,93,666.74,6504.79,2025,12,14,4,6,613.0,763.97,689.19,734.3566666666667,726.6350000000001,74.59931448571682,0.8660254037844386,0.5000000000000001,-0.7818314824680299,0.6234898018587334,-1
2025-12-14 13:00:00,AI_Lab,Lab,730.16,32.29,48.28,290,0,1,1,38.19,38,598.73,5841.28,2025,12,14,13,6,770.56,774.45,717.47,708.0300000000001,711.5012499999999,73.21708052755325,-0.2588190451025208,-0.9659258262890684,-0.7818314824680299,0.6234898018587334,-1
2025-12-19 02:00:00,AI_Lab,Lab,786.33,27.33,55.93,320,1,0,0,0.0,34,644.79,6290.62,2025,12,19,2,4,765.98,790.53,841.73,759.7533333333334,726.5079166666666,61.88497801701487,0.4999999999999999,0.8660254037844387,-0.433883739117558,-0.9009688679024191,-1
2025-12-20 03:00:00,AI_Lab,Lab,656.22,30.18,48.88,23,0,1,1,0.0,76,538.1,5249.8,2025,12,20,3,5,858.09,734.15,786.84,730.9966666666668,731.2075,76.23478826168551,0.7071067811865476,0.7071067811865476,-0.9749279121818236,-0.2225209339563146,-1
2025-12-21 04:00:00,AI_Lab,Lab,704.56,24.62,62.06,254,1,0,1,0.0,48,577.74,5636.5,2025,12,21,4,6,802.01,672.66,813.1,766.8666666666667,727.985,58.36163272144432,0.8660254037844386,0.5000000000000001,-0.7818314824680299,0.6234898018587334,-1
2025-12-21 17:00:00,AI_Lab,Lab,633.99,22.96,70.36,89,1,0,1,23.3,37,519.87,5071.91,2025,12,21,17,6,615.56,687.42,675.44,678.9499999999999,704.74375,76.52861555241697,-0.9659258262890684,-0.2588190451025206,-0.7818314824680299,0.6234898018587334,-1
2025-12-21 22:00:00,AI_Lab,Lab,736.21,34.06,42.5,140,0,0,1,0.0,84,603.69,5889.69,2025,12,21,22,6,775.56,828.97,620.56,764.0799999999999,705.7341666666666,77.30972175306472,-0.5000000000000004,0.8660254037844384,-0.7818314824680299,0.6234898018587334,-1
2025-12-22 03:00:00,AI_Lab,Lab,877.87,26.97,65.39,352,0,0,0,0.0,96,719.85,7022.95,2025,12,22,3,0,761.79,802.01,791.89,773.4399999999999,714.59125,77.9656784195005,0.7071067811865476,0.7071067811865476,0.0,1.0,-1
2025-12-22 12:00:00,AI_Lab,Lab,767.49,25.24,61.96,390,1,0,0,46.53,36,629.34,6139.91,2025,12,22,12,0,724.32,689.44,630.08,731.6633333333333,736.58875,63.44368768494474,1.2246467991473532e-16,-1.0,0.0,1.0,-1
2025-12-23 16:00:00,AI_Lab,Lab,622.87,27.72,74.18,25,1,0,0,52.0,90,510.75,4982.95,2025,12,23,16,1,618.35,720.91,592.8,655.6733333333333,734.4116666666667,71.48822777314142,-0.8660254037844385,-0.5000000000000004,0.7818314824680298,0.6234898018587336,-1
2025-12-24 08:00:00,AI_Lab,Lab,799.75,28.36,54.89,325,0,1,0,37.59,95,655.79,6397.96,2025,12,24,8,2,758.1,868.3,613.24,752.7766666666666,719.645,69.86766217207457,0.8660254037844387,-0.4999999999999998,0.9749279121818236,-0.2225209339563143,-1
2025-12-27 12:00:00,AI_Lab,Lab,785.34,20.57,63.36,366,0,0,1,59.19,97,643.98,6282.69,2025,12,27,12,5,740.43,745.78,804.36,743.8699999999999,712.0770833333332,69.46777623187165,1.2246467991473532e-16,-1.0,-0.9749279121818236,-0.2225209339563146,-1
2025-12-28 11:00:00,AI_Lab,Lab,837.09,31.95,71.32,392,0,1,1,55.69,96,686.41,6696.72,2025,12,28,11,6,721.3,740.43,648.68,757.2966666666666,734.705,62.855883402116575,0.258819045102521,-0.9659258262890682,-0.7818314824680299,0.6234898018587334,-1
2025-12-29 06:00:00,AI_Lab,Lab,726.57,25.84,58.76,260,1,0,0,0.0,59,595.79,5812.54,2025,12,29,6,0,677.94,675.76,720.74,732.23,720.8129166666668,67.22862488677337,1.0,6.123233995736766e-17,0.0,1.0,-1
2025-12-29 14:00:00,AI_Lab,Lab,778.78,27.38,67.53,276,1,0,0,54.12,86,638.6,6230.21,2025,12,29,14,0,744.98,709.81,671.83,750.0833333333334,723.745,62.34107502106761,-0.4999999999999997,-0.8660254037844388,0.0,1.0,-1
2025-12-30 12:00:00,AI_Lab,Lab,759.28,28.7,51.05,337,1,0,0,40.01,57,622.61,6074.24,2025,12,30,12,1,680.04,726.49,593.11,698.52,724.9558333333333,62.86569956569175,1.2246467991473532e-16,-1.0,0.7818314824680298,0.6234898018587336,-1
2025-12-30 14:00:00,AI_Lab,Lab,754.52,34.85,59.71,314,0,1,0,49.33,46,618.71,6036.19,2025,12,30,14,1,821.59,778.78,725.8,778.4633333333333,727.1370833333334,65.17475428009485,-0.4999999999999997,-0.8660254037844388,0.7818314824680298,0.6234898018587336,-1
2025-12-30 20:00:00,AI_Lab,Lab,813.86,31.69,80.74,265,0,1,0,0.0,90,667.37,6510.92,2025,12,30,20,1,783.38,738.4,780.25,798.3033333333333,731.8604166666668,69.91576649201754,-0.8660254037844386,0.5000000000000001,0.7818314824680298,0.6234898018587336,-1
2025-01-08 21:00:00,Admin_Block,Administration,240.05,18.99,55.33,27,1,0,0,0.0,23,196.84,1920.43,2025,1,8,21,2,298.75,348.87,347.69,309.40000000000003,348.74333333333334,71.78206628803396,-0.7071067811865477,0.7071067811865474,0.9749279121818236,-0.2225209339563143,-1
2025-01-10 16:00:00,Admin_Block,Administration,273.93,28.17,57.83,35,1,0,0,23.93,10,224.62,2191.46,2025,1,10,16,4,352.56,349.09,388.16,314.28000000000003,331.7895833333333,53.14246525013974,-0.8660254037844385,-0.5000000000000004,-0.433883739117558,-0.9009688679024191,-1
2025-01-11 09:00:00,Admin_Block,Administration,197.55,23.91,54.43,41,0,0,1,52.8,12,161.99,1580.41,2025,1,11,9,5,254.34,285.55,277.51,243.66333333333336,334.03291666666667,70.53875977257903,0.7071067811865476,-0.7071067811865475,-0.9749279121818236,-0.2225209339563146,-1
2025-01-11 13:00:00,Admin_Block,Administration,329.24,23.85,75.22,168,1,0,1,76.58,39,269.98,2633.94,2025,1,11,13,5,398.78,303.31,441.93,382.8166666666666,344.1233333333334,72.20188391295412,-0.2588190451025208,-0.9659258262890684,-0.9749279121818236,-0.2225209339563146,-1
2025-01-14 07:00:00,Admin_Block,Administration,263.29,25.43,74.65,86,0,1,0,47.05,13,215.9,2106.33,2025,1,14,7,1,395.72,252.48,244.45,341.17333333333335,371.1458333333333,60.52963765014604,0.9659258262890684,-0.2588190451025206,0.7818314824680298,0.6234898018587336,-1
2025-01-15 18:00:00,Admin_Block,Administration,269.51,22.28,45.77,42,0,0,0,0.0,7,221.0,2156.07,2025,1,15,18,2,428.48,287.0,252.35,324.11,343.0058333333333,54.49974773907834,-1.0,-1.8369701987210292e-16,0.9749279121818236,-0.2225209339563143,-1
2025-01-17 02:00:00,Admin_Block,Administration,263.47,27.67,75.97,40,1,0,0,0.0,13,216.05,2107.79,2025,1,17,2,4,363.75,423.56,471.15,352.99666666666667,351.36625000000004,55.76567346943808,0.4999999999999999,0.8660254037844387,-0.433883739117558,-0.9009688679024191,-1
2025-01-17 03:00:00,Admin_Block,Administration,328.29,28.41,57.46,88,1,0,0,0.0,21,269.2,2626.31,2025,1,17,3,4,263.47,387.47,373.03,318.5033333333334,348.9004166666667,55.4070872471215,0.7071067811865476,0.7071067811865476,-0.433883739117558,-0.9009688679024191,-1
2025-01-18 00:00:00,Admin_Block,Administration,438.19,32.67,62.55,340,1,0,1,0.0,9,359.32,3505.53,2025,1,18,0,5,308.79,431.77,443.9,373.00999999999993,352.36041666666665,66.62397580445605,0.0,1.0,-0.9749279121818236,-0.2225209339563146,-1
2025-01-18 23:00:00,Admin_Block,Administration,324.66,22.56,46.16,185,0,0,1,0.0,5,266.22,2597.3,2025,1,18,23,5,390.74,308.79,456.14,383.2133333333333,358.9883333333333,49.86481496019501,-0.2588190451025215,0.965925826289068,-0.9749279121818236,-0.2225209339563146,-1
2025-01-19 16:00:00,Admin_Block,Administration,355.28,31.32,67.13,336,0,1,1,46.63,7,291.33,2842.22,2025,1,19,16,6,280.2,329.65,307.67,329.4433333333333,329.98,59.49004220656693,-0.8660254037844385,-0.5000000000000004,-0.7818314824680299,0.6234898018587334,-1
2025-01-19 23:00:00,Admin_Block,Administration,270.54,33.26,61.96,24,1,0,1,0.0,34,221.84,2164.3,2025,1,19,23,6,343.5,324.66,326.75,342.92,331.17875,60.58372032101336,-0.2588190451025215,0.965925826289068,-0.7818314824680299,0.6234898018587334,-1
2025-01-20 15:00:00,Admin_Block,Administration,436.6,21.58,77.93,360,1,0,0,56.71,33,358.02,3492.83,2025,1,20,15,0,355.59,280.2,424.83,374.0333333333333,357.8833333333334,53.28035731263738,-0.7071067811865471,-0.7071067811865479,0.0,1.0,-1
2025-01-21 03:00:00,Admin_Block,Administration,266.4,30.53,62.11,58,1,0,0,0.0,17,218.45,2131.18,2025,1,21,3,1,401.15,323.35,321.02,362.92333333333335,365.7979166666667,54.07914956071462,0.7071067811865476,0.7071067811865476,0.7818314824680298,0.6234898018587336,-1
2025-01-21 16:00:00,Admin_Block,Administration,250.82,24.29,47.89,147,0,1,0,62.09,12,205.67,2006.58,2025,1,21,16,1,415.99,331.69,398.91,355.0866666666666,356.5175,64.11260360728099,-0.8660254037844385,-0.5000000000000004,0.7818314824680298,0.6234898018587336,-1
2025-01-23 11:00:00,Admin_Block,Administration,249.44,28.03,71.42,31,1,0,0,26.56,7,204.54,1995.53,2025,1,23,11,3,348.13,347.73,328.53,313.29,346.725,66.01331235967213,0.258819045102521,-0.9659258262890682,0.4338837391175582,-0.900968867902419,-1
2025-01-24 05:00:00,Admin_Block,Administration,254.0,22.42,53.75,20,0,0,0,0.0,9,208.28,2031.99,2025,1,24,5,4,265.01,305.24,313.43,304.53333333333325,359.75916666666666,69.8163437273055,0.9659258262890684,0.2588190451025207,-0.433883739117558,-0.9009688679024191,-1
2025-01-24 13:00:00,Admin_Block,Administration,260.69,32.55,47.87,49,0,0,0,21.06,5,213.77,2085.52,2025,1,24,13,4,264.92,282.98,257.76,304.13333333333327,361.25416666666666,71.64347865687404,-0.2588190451025208,-0.9659258262890684,-0.433883739117558,-0.9009688679024191,-1
2025-01-24 19:00:00,Admin_Block,Administration,277.15,32.15,45.08,38,0,0,0,0.0,6,227.26,2217.21,2025,1,24,19,4,496.48,389.85,397.52,363.9733333333333,350.6145833333333,78.07751026073053,-0.9659258262890684,0.2588190451025203,-0.433883739117558,-0.9009688679024191,-1
2025-01-25 04:00:00,Admin_Block,Administration,278.4,23.53,50.42,94,1,0,1,0.0,17,228.28,2227.17,2025,1,25,4,5,445.17,265.01,326.98,348.1466666666666,346.4583333333333,76.09701643392411,0.8660254037844386,0.5000000000000001,-0.9749279121818236,-0.2225209339563146,-1
2025-01-25 05:00:00,Admin_Block,Administration,441.72,22.47,48.88,378,1,1,1,0.0,26,362.21,3533.75,2025,1,25,5,5,278.4,254.0,312.71,388.43,354.28,75.82741972801584,0.9659258262890684,0.2588190451025207,-0.9749279121818236,-0.2225209339563146,-1
2025-01-25 08:00:00,Admin_Block,Administration,278.56,24.63,74.77,90,0,1,1,41.24,28,228.42,2228.45,2025,1,25,8,5,302.86,399.14,336.31,330.05333333333334,348.855,74.79859513909736,0.8660254037844387,-0.4999999999999998,-0.9749279121818236,-0.2225209339563146,-1
2025-01-25 17:00:00,Admin_Block,Administration,253.88,25.41,61.75,91,0,0,1,45.2,18,208.18,2031.07,2025,1,25,17,5,368.87,318.29,301.52,336.6366666666666,363.2316666666666,77.18638298845575,-0.9659258262890684,-0.2588190451025206,-0.9749279121818236,-0.2225209339563146,-1
2025-01-25 18:00:00,Admin_Block,Administration,440.97,26.55,61.48,339,1,0,1,0.0,19,361.59,3527.73,2025,1,25,18,5,253.88,496.48,319.26,354.57333333333327,360.9187500000001,73.77630928294688,-1.0,-1.8369701987210292e-16,-0.9749279121818236,-0.2225209339563146,-1
2025-01-25 22:00:00,Admin_Block,Administration,263.78,25.07,56.1,38,0,0,1,0.0,14,216.3,2110.27,2025,1,25,22,5,444.37,335.56,390.74,360.09333333333325,359.49083333333334,78.28336587799733,-0.5000000000000004,0.8660254037844384,-0.9749279121818236,-0.2225209339563146,-1
2025-01-26 13:00:00,Admin_Block,Administration,241.86,20.71,69.1,60,0,0,1,56.26,17,198.33,1934.88,2025,1,26,13,6,406.65,274.29,240.05,359.0566666666666,346.7633333333333,68.10681799916219,-0.2588190451025208,-0.9659258262890684,-0.7818314824680299,0.6234898018587334,-1
2025-01-27 08:00:00,Admin_Block,Administration,252.38,24.56,50.99,65,0,0,0,17.85,8,206.95,2019.06,2025,1,27,8,0,316.73,253.13,400.75,339.88666666666666,369.485,71.57038287132342,0.8660254037844387,-0.4999999999999998,0.0,1.0,-1
2025-01-28 07:00:00,Admin_Block,Administration,465.38,28.88,50.65,382,1,0,0,40.02,39,381.62,3723.08,2025,1,28,7,1,344.58,316.73,232.17,381.88333333333327,348.69166666666666,72.16790468530078,0.9659258262890684,-0.2588190451025206,0.7818314824680298,0.6234898018587336,-1
2025-01-28 13:00:00,Admin_Block,Administration,274.12,18.64,50.8,212,0,0,0,28.62,21,224.78,2192.93,2025,1,28,13,1,328.01,252.24,380.14,301.3066666666666,352.1870833333333,71.15474022396943,-0.2588190451025208,-0.9659258262890684,0.7818314824680298,0.6234898018587336,-1
2025-01-29 10:00:00,Admin_Block,Administration,274.82,19.8,77.67,156,1,0,0,56.56,25,225.35,2198.57,2025,1,29,10,2,277.02,407.15,373.98,298.5999999999999,347.72166666666664,59.16273464787172,0.4999999999999999,-0.8660254037844387,0.9749279121818236,-0.2225209339563143,-1
2025-01-29 14:00:00,Admin_Block,Administration,218.93,28.46,63.84,31,0,1,0,53.31,19,179.53,1751.47,2025,1,29,14,2,381.78,347.39,270.37,279.26666666666665,346.59375,67.2583899930448,-0.4999999999999997,-0.8660254037844388,0.9749279121818236,-0.2225209339563143,-1
2025-01-30 23:00:00,Admin_Block,Administration,356.44,26.53,77.47,157,1,0,0,0.0,39,292.28,2851.56,2025,1,30,23,3,309.58,390.6,312.17,362.5333333333333,368.44666666666666,62.01135321484465,-0.2588190451025215,0.965925826289068,0.4338837391175582,-0.900968867902419,-1
2025-01-31 13:00:00,Admin_Block,Administration,270.42,26.8,61.08,44,1,0,0,39.41,11,221.75,2163.38,2025,1,31,13,4,274.52,405.32,260.69,288.11999999999995,366.4008333333333,58.68264678810902,-0.2588190451025208,-0.9659258262890684,-0.433883739117558,-0.9009688679024191,-1
2025-02-01 00:00:00,Admin_Block,Administration,381.09,29.14,43.78,172,0,1,1,0.0,38,312.5,3048.76,2025,2,1,0,5,239.57,426.04,417.0,317.5666666666666,359.72374999999994,63.82874136669554,0.0,1.0,-0.9749279121818236,-0.2225209339563146,-1
2025-02-04 19:00:00,Admin_Block,Administration,226.57,20.81,49.88,34,1,0,0,0.0,7,185.78,1812.52,2025,2,4,19,1,359.11,401.93,459.05,332.86,341.48541666666665,59.457178085625536,-0.9659258262890684,0.2588190451025203,0.7818314824680298,0.6234898018587336,-1
2025-02-08 05:00:00,Admin_Block,Administration,328.2,29.22,71.1,101,1,0,1,0.0,17,269.13,2625.64,2025,2,8,5,5,391.5,306.8,236.92,346.5633333333333,349.87208333333336,55.07219522386369,0.9659258262890684,0.2588190451025207,-0.9749279121818236,-0.2225209339563146,-1
2025-02-08 07:00:00,Admin_Block,Administration,204.73,26.22,78.93,22,0,0,1,42.09,8,167.87,1637.8,2025,2,8,7,5,293.31,398.44,323.87,275.4133333333333,342.0179166666667,61.279163135616,0.9659258262890684,-0.2588190451025206,-0.9749279121818236,-0.2225209339563146,-1
2025-02-09 07:00:00,Admin_Block,Administration,337.09,22.26,59.05,201,1,0,1,21.87,35,276.42,2696.76,2025,2,9,7,6,442.61,204.73,371.32,367.7433333333333,356.1425,54.70469992128881,0.9659258262890684,-0.2588190451025206,-0.7818314824680299,0.6234898018587334,-1
2025-02-11 13:00:00,Admin_Block,Administration,362.51,28.15,44.81,255,1,0,0,51.97,32,297.26,2900.06,2025,2,11,13,1,411.98,269.04,328.29,385.6166666666666,386.70166666666665,53.4066706195648,-0.2588190451025208,-0.9659258262890684,0.7818314824680298,0.6234898018587336,-1
2025-02-12 11:00:00,Admin_Block,Administration,254.05,28.38,76.14,168,1,0,0,84.23,11,208.32,2032.37,2025,2,12,11,2,244.1,382.36,345.09,253.99,356.3945833333334,69.3878037133808,0.258819045102521,-0.9659258262890682,0.9749279121818236,-0.2225209339563143,-1
2025-02-13 09:00:00,Admin_Block,Administration,276.59,27.2,67.78,73,0,1,0,36.07,22,226.81,2212.76,2025,2,13,9,3,236.53,263.82,331.35,308.56999999999994,330.3070833333333,70.12623725819549,0.7071067811865476,-0.7071067811865475,0.4338837391175582,-0.900968867902419,-1
2025-02-14 01:00:00,Admin_Block,Administration,260.38,28.64,56.78,78,0,1,0,0.0,13,213.51,2083.05,2025,2,14,1,4,287.66,311.11,369.86,305.4266666666667,341.0754166666667,71.3026691359151,0.2588190451025207,0.9659258262890684,-0.433883739117558,-0.9009688679024191,-1
2025-02-15 05:00:00,Admin_Block,Administration,275.57,22.03,53.41,146,0,0,1,0.0,5,225.97,2204.57,2025,2,15,5,5,269.84,286.52,328.2,340.7666666666666,354.17,56.6190905736864,0.9659258262890684,0.2588190451025207,-0.9749279121818236,-0.2225209339563146,-1
2025-02-15 06:00:00,Admin_Block,Administration,361.05,23.51,68.54,309,1,0,1,0.0,13,296.06,2888.43,2025,2,15,6,5,275.57,332.56,293.31,302.1533333333333,355.3570833333333,56.44470741771114,1.0,6.123233995736766e-17,-0.9749279121818236,-0.2225209339563146,-1
2025-02-16 04:00:00,Admin_Block,Administration,232.74,20.04,62.58,44,0,0,1,0.0,5,190.85,1861.94,2025,2,16,4,6,332.27,269.84,397.6,330.2766666666666,347.3070833333333,50.53669828680811,0.8660254037844386,0.5000000000000001,-0.7818314824680299,0.6234898018587334,-1
2025-02-17 09:00:00,Admin_Block,Administration,236.15,20.35,69.49,156,0,1,0,53.96,19,193.64,1889.16,2025,2,17,9,0,398.52,256.55,256.25,346.7633333333333,369.8925,57.385249676504905,0.7071067811865476,-0.7071067811865475,0.0,1.0,-1
2025-02-18 17:00:00,Admin_Block,Administration,400.39,31.8,98.37,190,1,0,0,26.26,27,328.32,3203.14,2025,2,18,17,1,417.08,241.06,326.35,360.63333333333327,352.0516666666667,53.00656683408412,-0.9659258262890684,-0.2588190451025206,0.7818314824680298,0.6234898018587336,-1
2025-02-22 00:00:00,Admin_Block,Administration,312.33,31.36,51.51,34,1,0,1,0.0,38,256.11,2498.68,2025,2,22,0,5,497.23,390.54,258.71,377.5066666666666,351.02416666666664,59.43498888384839,0.0,1.0,-0.9749279121818236,-0.2225209339563146,-1
2025-02-22 13:00:00,Admin_Block,Administration,297.65,26.76,56.44,171,1,0,1,67.18,32,244.07,2381.18,2025,2,22,13,5,287.1,345.98,366.14,316.17999999999995,351.99333333333334,59.88106085629544,-0.2588190451025208,-0.9659258262890684,-0.9749279121818236,-0.2225209339563146,-1
2025-02-24 10:00:00,Admin_Block,Administration,341.33,29.16,57.59,134,1,1,0,25.77,24,279.89,2730.64,2025,2,24,10,0,328.76,387.67,306.79,344.51333333333326,371.9954166666667,63.33634419092292,0.4999999999999999,-0.8660254037844387,0.0,1.0,-1
2025-02-26 12:00:00,Admin_Block,Administration,299.64,32.0,59.55,145,1,0,0,43.0,30,245.71,2397.15,2025,2,26,12,2,250.25,227.82,369.77,306.85,345.4604166666666,51.19345529495153,1.2246467991473532e-16,-1.0,0.9749279121818236,-0.2225209339563143,-1
2025-02-28 00:00:00,Admin_Block,Administration,278.78,33.77,53.91,35,1,0,0,0.0,25,228.6,2230.26,2025,2,28,0,4,463.69,421.56,390.54,357.7333333333333,351.7754166666667,54.99021454287119,0.0,1.0,-0.433883739117558,-0.9009688679024191,-1
2025-03-01 05:00:00,Admin_Block,Administration,292.6,30.49,63.19,45,1,0,1,0.0,25,239.93,2340.8,2025,3,1,5,5,270.24,318.02,366.04,287.29999999999995,341.82750000000004,67.90179098937806,0.9659258262890684,0.2588190451025207,-0.9749279121818236,-0.2225209339563146,-1
2025-03-01 06:00:00,Admin_Block,Administration,271.05,24.51,66.48,66,0,1,1,0.0,5,222.26,2168.38,2025,3,1,6,5,292.6,360.3,322.14,277.9633333333333,338.10875000000004,69.27617912400838,1.0,6.123233995736766e-17,-0.9749279121818236,-0.2225209339563146,-1
2025-03-01 09:00:00,Admin_Block,Administration,258.94,36.93,62.0,35,0,0,1,25.41,34,212.33,2071.51,2025,3,1,9,5,286.11,230.56,256.03,300.4266666666667,335.6508333333333,65.30967422290054,0.7071067811865476,-0.7071067811865475,-0.9749279121818236,-0.2225209339563146,-1
2025-03-01 10:00:00,Admin_Block,Administration,256.61,31.07,75.76,112,0,1,1,66.92,14,210.42,2052.9,2025,3,1,10,5,258.94,256.78,300.76,267.22,335.64375,65.318608894669,0.4999999999999999,-0.8660254037844387,-0.9749279121818236,-0.2225209339563146,-1
2025-03-01 16:00:00,Admin_Block,Administration,393.79,19.57,53.38,226,1,0,1,22.19,34,322.91,3150.33,2025,3,1,16,5,322.64,436.56,336.58,338.0066666666666,340.7833333333333,58.08481719352967,-0.8660254037844385,-0.5000000000000004,-0.9749279121818236,-0.2225209339563146,-1
2025-03-02 20:00:00,Admin_Block,Administration,284.45,27.64,62.19,45,0,1,1,0.0,5,233.25,2275.57,2025,3,2,20,6,245.37,401.58,385.01,322.3533333333333,338.2091666666667,66.99431902694447,-0.8660254037844386,0.5000000000000001,-0.7818314824680299,0.6234898018587334,-1
2025-03-03 13:00:00,Admin_Block,Administration,209.38,32.42,70.34,31,0,0,0,50.75,5,171.69,1675.02,2025,3,3,13,0,276.67,310.0,276.18,299.8433333333333,361.9975,65.76991946567784,-0.2588190451025208,-0.9659258262890684,0.0,1.0,-1
2025-03-12 00:00:00,Admin_Block,Administration,383.52,33.12,69.52,286,1,0,0,0.0,5,314.49,3068.16,2025,3,12,0,2,481.06,309.51,307.8,403.3733333333333,365.4075,57.45692740237484,0.0,1.0,0.9749279121818236,-0.2225209339563143,-1
2025-03-14 04:00:00,Admin_Block,Administration,235.25,27.23,56.11,25,1,0,0,0.0,23,192.91,1882.04,2025,3,14,4,4,427.46,425.51,407.94,330.22,357.29750000000007,58.2712992408561,0.8660254037844386,0.5000000000000001,-0.433883739117558,-0.9009688679024191,-1
2025-03-14 05:00:00,Admin_Block,Administration,280.28,25.74,75.86,111,1,0,0,0.0,16,229.83,2242.25,2025,3,14,5,4,235.25,293.99,348.78,314.3299999999999,356.72625,58.98177432662903,0.9659258262890684,0.2588190451025207,-0.433883739117558,-0.9009688679024191,-1
2025-03-16 18:00:00,Admin_Block,Administration,275.0,35.23,46.08,37,1,0,1,0.0,30,225.5,2200.01,2025,3,16,18,6,291.77,433.95,449.08,284.8033333333333,353.0208333333333,71.92350785302428,-1.0,-1.8369701987210292e-16,-0.7818314824680299,0.6234898018587334,-1
2025-03-17 02:00:00,Admin_Block,Administration,432.93,23.68,70.39,357,1,0,0,0.0,27,355.0,3463.45,2025,3,17,2,0,362.76,237.46,358.79,417.5333333333333,360.78791666666666,66.98590792613342,0.4999999999999999,0.8660254037844387,0.0,1.0,-1
2025-03-19 09:00:00,Admin_Block,Administration,270.61,32.09,93.76,38,0,1,0,31.39,28,221.9,2164.85,2025,3,19,9,2,252.68,255.13,269.54,289.7566666666666,329.565,57.165025564815096,0.7071067811865476,-0.7071067811865475,0.9749279121818236,-0.2225209339563143,-1
2025-03-20 04:00:00,Admin_Block,Administration,277.16,36.19,82.29,70,0,1,0,0.0,12,227.27,2217.27,2025,3,20,4,3,282.83,223.07,425.51,287.2833333333333,343.47291666666666,58.853787472165145,0.8660254037844386,0.5000000000000001,0.4338837391175582,-0.900968867902419,-1
2025-03-21 03:00:00,Admin_Block,Administration,417.72,27.77,54.32,388,1,1,0,0.0,23,342.53,3341.73,2025,3,21,3,4,296.38,282.83,427.46,363.9966666666666,340.58958333333334,61.13331977551433,0.7071067811865476,0.7071067811865476,-0.433883739117558,-0.9009688679024191,-1
2025-03-21 23:00:00,Admin_Block,Administration,288.53,29.44,44.3,36,1,0,0,0.0,23,236.6,2308.27,2025,3,21,23,4,354.68,244.46,410.16,305.24999999999994,355.5416666666667,55.95922029685446,-0.2588190451025215,0.965925826289068,-0.433883739117558,-0.9009688679024191,-1
2025-03-25 17:00:00,Admin_Block,Administration,256.4,23.21,56.42,101,1,0,0,40.33,8,210.25,2051.22,2025,3,25,17,1,267.32,314.57,306.39,318.2466666666666,354.68041666666664,55.01027544165435,-0.9659258262890684,-0.2588190451025206,0.7818314824680298,0.6234898018587336,-1
2025-03-27 07:00:00,Admin_Block,Administration,222.23,24.2,69.35,25,0,1,0,40.94,6,182.23,1777.86,2025,3,27,7,3,373.22,341.24,241.46,330.1533333333333,364.24625,72.84087318988753,0.9659258262890684,-0.2588190451025206,0.4338837391175582,-0.900968867902419,-1
2025-03-29 14:00:00,Admin_Block,Administration,295.29,20.06,64.47,186,0,1,1,50.08,12,242.14,2362.32,2025,3,29,14,5,367.18,343.32,270.96,366.58333333333326,357.8766666666666,59.803427026032494,-0.4999999999999997,-0.8660254037844388,-0.9749279121818236,-0.2225209339563146,-1
2025-03-30 03:00:00,Admin_Block,Administration,325.47,20.15,75.06,204,1,0,1,0.0,19,266.88,2603.76,2025,3,30,3,6,335.26,314.02,375.54,355.6933333333333,362.6191666666667,59.89452024849309,0.7071067811865476,0.7071067811865476,-0.7818314824680299,0.6234898018587334,-1
2025-03-30 11:00:00,Admin_Block,Administration,312.93,32.36,84.55,108,1,0,1,46.86,30,256.61,2503.46,2025,3,30,11,6,426.21,292.97,438.58,342.76666666666665,368.90333333333336,61.39628126868325,0.258819045102521,-0.9659258262890682,-0.7818314824680299,0.6234898018587334,-1
2025-03-30 14:00:00,Admin_Block,Administration,311.82,36.07,66.99,98,0,1,1,56.33,16,255.69,2494.55,2025,3,30,14,6,372.04,295.29,397.79,309.48999999999995,361.7666666666667,63.96198800963717,-0.4999999999999997,-0.8660254037844388,-0.7818314824680299,0.6234898018587334,-1
2025-03-31 08:00:00,Admin_Block,Administration,271.99,26.39,55.19,66,0,0,0,78.26,36,223.03,2175.89,2025,3,31,8,0,248.83,369.64,393.69,256.81,332.31583333333333,51.08672352984077,0.8660254037844387,-0.4999999999999998,0.0,1.0,-1
2025-03-31 09:00:00,Admin_Block,Administration,239.43,24.12,74.61,111,0,0,0,53.7,5,196.33,1915.43,2025,3,31,9,0,271.99,289.16,342.41,253.41666666666663,330.24375000000003,53.84718060622128,0.7071067811865476,-0.7071067811865475,0.0,1.0,-1
2025-04-01 09:00:00,Admin_Block,Administration,272.76,20.85,54.55,139,0,1,0,53.11,15,223.66,2182.08,2025,4,1,9,1,412.13,239.43,414.8,357.9733333333333,355.77500000000003,58.921466819605975,0.7071067811865476,-0.7071067811865475,0.7818314824680298,0.6234898018587336,-1
2025-04-03 03:00:00,Admin_Block,Administration,389.87,28.41,83.86,326,1,0,0,0.0,16,319.7,3118.98,2025,4,3,3,3,442.26,326.31,483.08,399.85,368.44125,51.95853851347825,0.7071067811865476,0.7071067811865476,0.4338837391175582,-0.900968867902419,-1
2025-04-03 23:00:00,Admin_Block,Administration,296.64,19.74,55.18,75,1,0,0,0.0,23,243.25,2373.14,2025,4,3,23,3,299.22,408.34,354.82,309.57666666666665,363.76416666666665,60.96703363769445,-0.2588190451025215,0.965925826289068,0.4338837391175582,-0.900968867902419,-1
2025-04-04 00:00:00,Admin_Block,Administration,280.4,23.79,51.79,26,1,0,0,0.0,22,229.93,2243.17,2025,4,4,0,4,296.64,416.3,430.21,292.08666666666664,358.1016666666667,62.174564257256655,0.0,1.0,-0.433883739117558,-0.9009688679024191,-1
2025-04-07 10:00:00,Admin_Block,Administration,262.85,22.77,82.25,52,1,0,0,40.76,39,215.54,2102.79,2025,4,7,10,0,267.01,368.68,394.1,276.4433333333333,331.6295833333333,58.60074175811551,0.4999999999999999,-0.8660254037844387,0.0,1.0,-1
2025-04-10 09:00:00,Admin_Block,Administration,286.81,28.64,46.16,85,1,0,0,38.89,11,235.18,2294.44,2025,4,10,9,3,479.24,267.92,300.96,396.41333333333336,372.7845833333333,53.69343535125074,0.7071067811865476,-0.7071067811865475,0.4338837391175582,-0.900968867902419,-1
2025-04-13 08:00:00,Admin_Block,Administration,179.75,20.9,70.27,41,0,0,1,84.28,15,147.39,1437.97,2025,4,13,8,6,282.3,328.08,445.31,304.45000000000005,362.7141666666666,73.7428871686691,0.8660254037844387,-0.4999999999999998,-0.7818314824680299,0.6234898018587334,-1
2025-04-13 10:00:00,Admin_Block,Administration,219.73,25.57,78.82,30,0,0,1,23.07,8,180.18,1757.82,2025,4,13,10,6,387.53,314.88,368.68,262.33666666666664,357.30958333333336,77.9129894555832,0.4999999999999999,-0.8660254037844387,-0.7818314824680299,0.6234898018587334,-1
2025-04-13 12:00:00,Admin_Block,Administration,248.87,24.32,75.36,100,0,0,1,66.0,8,204.07,1990.96,2025,4,13,12,6,310.83,346.95,283.79,259.81,352.51291666666674,81.29743375163478,1.2246467991473532e-16,-1.0,-0.7818314824680299,0.6234898018587334,-1
2025-04-16 11:00:00,Admin_Block,Administration,186.32,20.01,53.71,30,0,0,0,85.17,19,152.78,1490.54,2025,4,16,11,2,221.91,374.52,344.36,276.00666666666666,340.98583333333335,70.32816214419114,0.258819045102521,-0.9659258262890682,0.9749279121818236,-0.2225209339563143,-1
2025-04-17 16:00:00,Admin_Block,Administration,284.09,25.68,73.72,161,1,0,0,60.99,9,232.95,2272.71,2025,4,17,16,3,274.27,273.37,248.2,303.9866666666667,363.3545833333333,74.0905352154683,-0.8660254037844385,-0.5000000000000004,0.4338837391175582,-0.900968867902419,-1
2025-04-25 09:00:00,Admin_Block,Administration,339.29,31.91,60.91,203,1,1,0,59.94,15,278.22,2714.32,2025,4,25,9,4,321.69,434.9,265.17,364.0,351.47,52.92032222452741,0.7071067811865476,-0.7071067811865475,-0.433883739117558,-0.9009688679024191,-1
2025-04-27 03:00:00,Admin_Block,Administration,328.7,29.86,73.95,181,0,1,1,0.0,5,269.54,2629.63,2025,4,27,3,6,390.43,306.4,337.86,364.84,381.0033333333333,49.555878225159184,0.7071067811865476,0.7071067811865476,-0.7818314824680299,0.6234898018587334,-1
2025-04-29 11:00:00,Admin_Block,Administration,329.44,32.03,64.99,104,0,1,0,32.84,37,270.14,2635.55,2025,4,29,11,1,365.0,273.45,245.24,373.67666666666673,354.81791666666663,57.60979890829013,0.258819045102521,-0.9659258262890682,0.7818314824680298,0.6234898018587336,-1
2025-04-30 08:00:00,Admin_Block,Administration,327.72,32.89,45.58,153,1,1,0,37.8,34,268.73,2621.75,2025,4,30,8,2,393.46,344.23,254.85,367.3433333333334,352.5641666666667,62.13483626385625,0.8660254037844387,-0.4999999999999998,0.9749279121818236,-0.2225209339563143,-1
2025-04-30 12:00:00,Admin_Block,Administration,283.21,28.71,74.41,34,1,0,0,44.72,24,232.23,2265.65,2025,4,30,12,2,340.8,364.46,239.17,343.0,345.3866666666667,63.798693435351225,1.2246467991473532e-16,-1.0,0.9749279121818236,-0.2225209339563143,-1
2025-05-01 00:00:00,Admin_Block,Administration,269.28,26.67,53.57,97,1,0,0,0.0,9,220.81,2154.22,2025,5,1,0,3,327.27,297.21,325.16,356.4333333333334,338.59583333333336,66.38221880284152,0.0,1.0,0.4338837391175582,-0.900968867902419,-1
2025-05-02 11:00:00,Admin_Block,Administration,417.53,21.73,42.04,390,1,1,0,69.68,38,342.37,3340.24,2025,5,2,11,4,323.44,330.44,326.22,405.12000000000006,371.6466666666667,70.00468429461341,0.258819045102521,-0.9659258262890682,-0.433883739117558,-0.9009688679024191,-1
2025-05-03 23:00:00,Admin_Block,Administration,353.79,23.03,75.85,237,1,0,1,0.0,9,290.11,2830.34,2025,5,3,23,5,364.41,285.81,437.25,328.8333333333334,344.54375,54.406606281454096,-0.2588190451025215,0.965925826289068,-0.9749279121818236,-0.2225209339563146,-1
2025-05-06 03:00:00,Admin_Block,Administration,300.16,22.61,73.72,76,0,1,0,0.0,29,246.13,2401.26,2025,5,6,3,1,225.42,408.84,389.91,314.9533333333334,348.2933333333333,61.39287365999285,0.7071067811865476,0.7071067811865476,0.7818314824680298,0.6234898018587336,-1
2025-05-10 10:00:00,Admin_Block,Administration,326.49,35.41,69.37,103,1,0,1,42.42,13,267.72,2611.9,2025,5,10,10,5,394.25,321.03,431.09,360.87000000000006,348.4316666666667,69.95991931202383,0.4999999999999999,-0.8660254037844387,-0.9749279121818236,-0.2225209339563146,-1
2025-05-15 21:00:00,Admin_Block,Administration,413.03,26.14,61.33,272,1,1,0,0.0,37,338.69,3304.25,2025,5,15,21,3,346.64,276.02,463.47,398.6566666666667,348.0116666666666,56.36566050405082,-0.7071067811865477,0.7071067811865474,0.4338837391175582,-0.900968867902419,-1
2025-05-24 22:00:00,Admin_Block,Administration,464.48,27.15,68.66,392,1,1,1,0.0,19,380.87,3715.83,2025,5,24,22,5,384.45,360.53,377.05,381.78,346.69,49.92534757450088,-0.5000000000000004,0.8660254037844384,-0.9749279121818236,-0.2225209339563146,-1
2025-05-25 07:00:00,Admin_Block,Administration,208.9,17.24,44.64,55,0,1,1,36.51,7,171.3,1671.23,2025,5,25,7,6,460.43,363.53,316.82,379.86666666666673,345.395,75.46075029300027,0.9659258262890684,-0.2588190451025206,-0.7818314824680299,0.6234898018587334,-1
2025-05-25 18:00:00,Admin_Block,Administration,310.61,28.28,82.32,64,0,1,1,0.0,32,254.7,2484.87,2025,5,25,18,6,238.1,294.79,249.47,277.8033333333334,341.4491666666667,75.19192798471043,-1.0,-1.8369701987210292e-16,-0.7818314824680299,0.6234898018587334,-1
2025-05-25 21:00:00,Admin_Block,Administration,292.81,30.43,47.34,108,0,1,1,0.0,27,240.11,2342.52,2025,5,25,21,6,303.68,384.45,355.66,352.6366666666667,342.89625,79.20657207100335,-0.7071067811865477,0.7071067811865474,-0.7818314824680299,0.6234898018587334,-1
2025-05-28 07:00:00,Admin_Block,Administration,348.18,25.92,57.96,300,0,1,0,51.0,5,285.51,2785.45,2025,5,28,7,2,398.47,438.2,247.89,359.05,341.74875,51.5864548545103,0.9659258262890684,-0.2588190451025206,0.9749279121818236,-0.2225209339563143,-1
2025-05-28 22:00:00,Admin_Block,Administration,398.65,22.46,65.67,229,1,0,0,0.0,27,326.9,3189.22,2025,5,28,22,2,289.92,393.21,357.1,314.26000000000005,349.47125,67.02127029744038,-0.5000000000000004,0.8660254037844384,0.9749279121818236,-0.2225209339563143,-1
2025-05-29 12:00:00,Admin_Block,Administration,333.51,26.33,46.18,228,0,1,0,29.87,22,273.48,2668.06,2025,5,29,12,3,334.58,236.26,267.28,313.3233333333333,354.5883333333333,69.71766307706766,1.2246467991473532e-16,-1.0,0.4338837391175582,-0.900968867902419,-1
2025-05-31 06:00:00,Admin_Block,Administration,452.51,29.52,51.68,370,0,1,1,0.0,24,371.06,3620.07,2025,5,31,6,5,406.08,266.3,343.69,402.33,390.75125,34.732631482139816,1.0,6.123233995736766e-17,-0.9749279121818236,-0.2225209339563146,-1
2025-06-01 05:00:00,Admin_Block,Administration,363.19,23.63,66.01,227,1,0,1,0.0,5,297.81,2905.5,2025,6,1,5,6,381.51,406.08,470.27,351.84,366.6041666666667,65.29154302495674,0.9659258262890684,0.2588190451025207,-0.7818314824680299,0.6234898018587334,-1
2025-06-01 09:00:00,Admin_Block,Administration,403.36,26.8,69.6,371,1,0,1,44.36,33,330.75,3226.87,2025,6,1,9,6,390.55,271.6,379.4,368.4933333333334,364.5720833333333,62.4463044458944,0.7071067811865476,-0.7071067811865475,-0.7818314824680299,0.6234898018587334,-1
2025-06-03 13:00:00,Admin_Block,Administration,228.93,23.5,77.03,54,0,1,0,60.69,19,187.72,1831.43,2025,6,3,13,1,231.22,318.28,360.35,254.87333333333336,323.2575,61.89554526710988,-0.2588190451025208,-0.9659258262890684,0.7818314824680298,0.6234898018587336,-1
2025-06-07 13:00:00,Admin_Block,Administration,275.01,37.55,79.08,134,0,1,1,71.01,7,225.51,2200.07,2025,6,7,13,5,277.01,367.62,366.4,298.97666666666674,357.1116666666667,65.75260700182352,-0.2588190451025208,-0.9659258262890684,-0.9749279121818236,-0.2225209339563146,-1
2025-06-09 03:00:00,Admin_Block,Administration,314.22,30.29,69.41,84,1,0,0,0.0,28,257.66,2513.74,2025,6,9,3,0,275.02,403.64,332.6,312.3666666666668,328.84666666666664,57.39708996309592,0.7071067811865476,0.7071067811865476,0.0,1.0,-1
2025-06-09 16:00:00,Admin_Block,Administration,270.66,33.31,50.79,125,1,0,0,59.47,5,221.94,2165.27,2025,6,9,16,0,370.72,364.3,327.59,313.27333333333337,331.92583333333334,52.32183764860902,-0.8660254037844385,-0.5000000000000004,0.0,1.0,-1
2025-06-14 09:00:00,Admin_Block,Administration,267.79,35.45,43.68,89,0,1,1,42.52,5,219.59,2142.31,2025,6,14,9,5,333.42,299.68,409.14,303.09666666666675,337.31416666666667,64.39733932639399,0.7071067811865476,-0.7071067811865475,-0.9749279121818236,-0.2225209339563146,-1
2025-06-14 10:00:00,Admin_Block,Administration,170.76,24.76,77.27,26,0,0,1,76.44,8,140.03,1366.12,2025,6,14,10,5,267.79,272.31,405.86,257.32333333333344,333.0829166666667,71.76848754269892,0.4999999999999999,-0.8660254037844387,-0.9749279121818236,-0.2225209339563146,-1
2025-06-16 09:00:00,Admin_Block,Administration,295.94,26.52,62.95,77,0,1,0,24.21,5,242.67,2367.49,2025,6,16,9,0,333.32,409.46,235.76,344.84,382.7354166666667,67.37851386201534,0.7071067811865476,-0.7071067811865475,0.0,1.0,-1
2025-06-17 14:00:00,Admin_Block,Administration,215.95,24.04,85.58,43,0,0,0,37.77,6,177.08,1727.64,2025,6,17,14,1,250.61,254.78,284.42,270.19000000000005,346.69875,76.05689828431318,-0.4999999999999997,-0.8660254037844388,0.7818314824680298,0.6234898018587336,-1
2025-06-18 03:00:00,Admin_Block,Administration,307.51,24.2,60.67,111,1,0,0,0.0,17,252.16,2460.06,2025,6,18,3,2,466.05,299.06,281.43,391.36666666666673,362.47541666666666,75.89717712452189,0.7071067811865476,0.7071067811865476,0.9749279121818236,-0.2225209339563143,-1
2025-06-18 10:00:00,Admin_Block,Administration,288.69,29.72,66.98,149,1,0,0,62.93,26,236.73,2309.54,2025,6,18,10,2,306.93,321.14,263.0,295.8066666666667,357.83625,75.96629709299869,0.4999999999999999,-0.8660254037844387,0.9749279121818236,-0.2225209339563143,-1
2025-06-23 17:00:00,Admin_Block,Administration,234.31,22.34,50.36,39,0,1,0,48.39,28,192.14,1874.51,2025,6,23,17,0,329.1,348.86,401.85,315.03000000000003,359.85625,70.4756975573542,-0.9659258262890684,-0.2588190451025206,0.0,1.0,-1
2025-06-27 01:00:00,Admin_Block,Administration,324.12,26.64,68.36,61,1,0,0,0.0,34,265.77,2592.92,2025,6,27,1,4,325.23,425.74,359.25,309.1866666666667,339.97208333333333,53.24097073716934,0.2588190451025207,0.9659258262890684,-0.433883739117558,-0.9009688679024191,-1
2025-06-28 00:00:00,Admin_Block,Administration,410.32,29.94,47.24,247,0,1,1,0.0,5,336.47,3282.59,2025,6,28,0,5,267.73,325.23,460.84,368.11,367.7375,67.66195034074242,0.0,1.0,-0.9749279121818236,-0.2225209339563146,-1
2025-06-28 16:00:00,Admin_Block,Administration,252.94,32.37,85.34,35,0,1,1,54.24,38,207.41,2023.55,2025,6,28,16,5,382.0,305.73,373.43,328.30333333333334,362.1908333333333,56.0522074123501,-0.8660254037844385,-0.5000000000000004,-0.9749279121818236,-0.2225209339563146,-1
2025-06-28 23:00:00,Admin_Block,Administration,441.53,24.38,76.21,392,1,0,1,0.0,24,362.06,3532.27,2025,6,28,23,5,256.97,267.73,411.66,344.00666666666666,361.22375000000005,66.67368373441954,-0.2588190451025215,0.965925826289068,-0.9749279121818236,-0.2225209339563146,-1
2025-06-29 16:00:00,Admin_Block,Administration,259.21,23.38,55.3,74,0,0,1,24.48,11,212.55,2073.65,2025,6,29,16,6,396.81,252.94,255.5,317.8533333333334,350.1675,67.91018200215018,-0.8660254037844385,-0.5000000000000004,-0.7818314824680299,0.6234898018587334,-1
2025-06-29 23:00:00,Admin_Block,Administration,219.82,25.25,84.27,25,0,0,1,0.0,6,180.25,1758.57,2025,6,29,23,6,337.03,441.53,336.42,329.73,338.90166666666664,62.82608366280425,-0.2588190451025215,0.965925826289068,-0.7818314824680299,0.6234898018587334,-1
2025-07-02 22:00:00,Admin_Block,Administration,308.76,31.14,67.96,89,1,0,0,0.0,13,253.18,2470.06,2025,7,2,22,2,309.4,317.48,361.67,325.7333333333333,350.4241666666667,63.43499732980079,-0.5000000000000004,0.8660254037844384,0.9749279121818236,-0.2225209339563143,-1
2025-07-04 21:00:00,Admin_Block,Administration,305.99,26.14,57.96,37,1,0,0,0.0,16,250.91,2447.94,2025,7,4,21,4,301.83,446.92,434.24,295.8966666666667,361.85291666666666,70.60518058829543,-0.7071067811865477,0.7071067811865474,-0.433883739117558,-0.9009688679024191,-1
2025-07-05 11:00:00,Admin_Block,Administration,242.62,30.72,58.34,34,1,0,1,36.73,14,198.95,1940.96,2025,7,5,11,5,175.26,273.54,421.8,275.2466666666667,344.3233333333333,70.18667826444722,0.258819045102521,-0.9659258262890682,-0.9749279121818236,-0.2225209339563146,-1
2025-07-06 14:00:00,Admin_Block,Administration,284.65,32.44,58.34,26,1,0,1,31.21,37,233.41,2277.17,2025,7,6,14,6,309.72,401.75,297.54,290.66,349.44041666666664,52.91308652786898,-0.4999999999999997,-0.8660254037844388,-0.7818314824680299,0.6234898018587334,-1
2025-07-09 01:00:00,Admin_Block,Administration,416.24,27.6,65.06,303,1,1,0,0.0,38,341.32,3329.95,2025,7,9,1,2,300.68,252.9,395.77,349.2766666666667,367.5291666666667,54.4044918155678,0.2588190451025207,0.9659258262890684,0.9749279121818236,-0.2225209339563143,-1
2025-07-12 01:00:00,Admin_Block,Administration,370.6,25.56,50.19,255,1,1,1,0.0,18,303.89,2964.83,2025,7,12,1,5,396.31,299.05,394.1,398.4066666666668,347.78,70.20376336995255,0.2588190451025207,0.9659258262890684,-0.9749279121818236,-0.2225209339563146,-1
2025-07-12 13:00:00,Admin_Block,Administration,308.48,27.99,73.33,96,1,0,1,14.91,39,252.96,2467.88,2025,7,12,13,5,277.13,284.21,388.67,296.90000000000003,348.8254166666666,62.19549235582918,-0.2588190451025208,-0.9659258262890684,-0.9749279121818236,-0.2225209339563146,-1
2025-07-14 00:00:00,Admin_Block,Administration,407.14,22.7,77.75,350,1,0,0,0.0,5,333.85,3257.1,2025,7,14,0,0,314.5,279.07,412.46,336.0066666666667,368.4075,60.89183319625094,0.0,1.0,0.0,1.0,-1
2025-07-15 00:00:00,Admin_Block,Administration,295.08,40.26,75.59,29,1,1,0,0.0,22,241.97,2360.66,2025,7,15,0,1,394.85,407.14,438.18,305.7966666666667,344.9125,55.34140970612151,0.0,1.0,0.7818314824680298,0.6234898018587336,-1
2025-07-18 09:00:00,Admin_Block,Administration,271.36,22.13,47.3,128,0,1,0,53.01,7,222.51,2170.87,2025,7,18,9,4,468.23,276.88,265.22,337.8966666666668,353.93833333333333,64.76053452438481,0.7071067811865476,-0.7071067811865475,-0.433883739117558,-0.9009688679024191,-1
2025-07-20 16:00:00,Admin_Block,Administration,301.31,27.31,58.88,152,0,1,1,71.19,13,247.07,2410.45,2025,7,20,16,6,280.87,260.43,260.55,310.68000000000006,346.6854166666667,64.19787840048245,-0.8660254037844385,-0.5000000000000004,-0.7818314824680299,0.6234898018587334,-1
2025-07-23 17:00:00,Admin_Block,Administration,255.33,25.41,86.59,47,0,1,0,29.07,24,209.37,2042.67,2025,7,23,17,2,238.46,295.0,337.17,260.2733333333334,333.81541666666664,52.61838288288623,-0.9659258262890684,-0.2588190451025206,0.9749279121818236,-0.2225209339563143,-1
2025-07-24 03:00:00,Admin_Block,Administration,368.64,19.66,70.16,337,1,0,0,0.0,6,302.29,2949.15,2025,7,24,3,3,316.35,339.09,357.94,340.3933333333334,342.1675,57.32146909810611,0.7071067811865476,0.7071067811865476,0.4338837391175582,-0.900968867902419,-1
2025-07-26 11:00:00,Admin_Block,Administration,257.25,27.87,75.95,30,0,1,1,20.86,20,210.94,2057.99,2025,7,26,11,5,460.05,354.92,242.36,352.8266666666668,353.08750000000003,62.13023553304212,0.258819045102521,-0.9659258262890682,-0.9749279121818236,-0.2225209339563146,-1
2025-07-27 20:00:00,Admin_Block,Administration,299.6,29.27,72.28,90,1,0,1,0.0,37,245.67,2396.83,2025,7,27,20,6,401.18,407.07,283.98,374.6266666666668,363.3058333333333,61.15893762525089,-0.8660254037844386,0.5000000000000001,-0.7818314824680299,0.6234898018587334,-1
2025-07-28 02:00:00,Admin_Block,Administration,327.19,34.04,41.86,98,0,0,0,0.0,21,268.3,2617.52,2025,7,28,2,0,275.75,422.52,301.89,308.7133333333334,339.31583333333333,49.0859490137411,0.4999999999999999,0.8660254037844387,0.0,1.0,-1
2025-07-29 01:00:00,Admin_Block,Administration,328.56,24.36,49.39,147,1,0,0,0.0,32,269.42,2628.44,2025,7,29,1,1,407.99,275.75,260.7,397.22666666666674,359.75625,62.0279550450057,0.2588190451025207,0.9659258262890684,0.7818314824680298,0.6234898018587336,-1
2025-07-30 01:00:00,Admin_Block,Administration,286.74,26.07,37.15,91,0,1,0,0.0,6,235.13,2293.96,2025,7,30,1,2,344.8,328.56,310.77,345.5200000000001,347.92,67.04590672588147,0.2588190451025207,0.9659258262890684,0.9749279121818236,-0.2225209339563143,-1
2025-07-31 16:00:00,Admin_Block,Administration,226.39,29.55,52.68,38,0,1,0,52.33,27,185.64,1811.15,2025,7,31,16,3,389.51,433.96,286.71,328.1133333333334,355.4216666666667,70.45221597814991,-0.8660254037844385,-0.5000000000000004,0.4338837391175582,-0.900968867902419,-1
2025-07-31 17:00:00,Admin_Block,Administration,309.92,36.4,69.95,174,0,1,0,33.37,12,254.14,2479.38,2025,7,31,17,3,226.39,297.67,269.28,308.6066666666668,355.93208333333337,70.05889851181223,-0.9659258262890684,-0.2588190451025206,0.4338837391175582,-0.900968867902419,-1
2025-08-02 09:00:00,Admin_Block,Administration,398.9,26.9,91.05,311,1,0,1,33.4,19,327.1,3191.2,2025,8,2,9,5,345.11,405.7,341.18,396.6566666666668,361.11375,55.23455139615797,0.7071067811865476,-0.7071067811865475,-0.9749279121818236,-0.2225209339563146,-1
2025-08-04 08:00:00,Admin_Block,Administration,316.84,24.57,69.27,168,1,0,0,52.48,24,259.81,2534.75,2025,8,4,8,0,393.32,262.91,419.57,399.8133333333335,356.25125,70.93311431951383,0.8660254037844387,-0.4999999999999998,0.0,1.0,-1
2025-08-04 11:00:00,Admin_Block,Administration,222.03,27.74,73.54,29,0,0,0,68.53,7,182.06,1776.23,2025,8,4,11,0,290.14,290.31,442.41,259.50000000000006,346.55625000000003,77.21525073582015,0.258819045102521,-0.9659258262890682,0.0,1.0,-1
2025-08-06 03:00:00,Admin_Block,Administration,399.21,33.71,73.76,197,1,0,0,0.0,33,327.36,3193.71,2025,8,6,3,2,414.35,303.12,374.2,366.88333333333344,361.2108333333333,57.59520223954882,0.7071067811865476,0.7071067811865476,0.9749279121818236,-0.2225209339563143,-1
2025-08-08 16:00:00,Admin_Block,Administration,286.83,23.61,88.03,180,1,0,0,54.88,5,235.2,2294.67,2025,8,8,16,4,243.18,348.57,354.28,263.19333333333344,349.00541666666663,66.36464806553461,-0.8660254037844385,-0.5000000000000004,-0.433883739117558,-0.9009688679024191,-1
2025-08-09 05:00:00,Admin_Block,Administration,327.37,28.94,55.32,41,1,0,1,0.0,38,268.44,2618.93,2025,8,9,5,5,286.67,393.18,282.64,297.73333333333346,353.09625,65.49371717709947,0.9659258262890684,0.2588190451025207,-0.9749279121818236,-0.2225209339563146,-1
2025-08-09 10:00:00,Admin_Block,Administration,246.13,31.14,64.46,110,0,1,1,61.5,6,201.83,1969.04,2025,8,9,10,5,351.88,272.26,293.45,328.6000000000001,351.45250000000004,63.94278619611213,0.4999999999999999,-0.8660254037844387,-0.9749279121818236,-0.2225209339563146,-1
2025-08-10 11:00:00,Admin_Block,Administration,303.32,27.21,51.21,54,1,0,1,27.55,31,248.73,2426.59,2025,8,10,11,6,373.26,431.74,290.31,363.6900000000001,385.5083333333334,57.05701089922125,0.258819045102521,-0.9659258262890682,-0.7818314824680299,0.6234898018587334,-1
2025-08-10 13:00:00,Admin_Block,Administration,270.27,32.93,62.87,42,0,1,1,74.02,14,221.62,2162.19,2025,8,10,13,6,259.74,264.95,422.64,277.7766666666668,382.4454166666667,61.50695633893712,-0.2588190451025208,-0.9659258262890684,-0.7818314824680299,0.6234898018587334,-1
2025-08-11 08:00:00,Admin_Block,Administration,237.02,29.8,59.11,50,1,0,0,57.34,30,194.36,1896.18,2025,8,11,8,0,264.54,392.11,316.84,302.50333333333344,335.97291666666666,56.86630678745336,0.8660254037844387,-0.4999999999999998,0.0,1.0,-1
2025-08-15 21:00:00,Admin_Block,Administration,296.9,29.14,64.09,56,1,1,0,0.0,18,243.46,2375.23,2025,8,15,21,4,291.85,290.51,361.67,312.8700000000001,342.47583333333336,70.53112090890487,-0.7071067811865477,0.7071067811865474,-0.433883739117558,-0.9009688679024191,-1
2025-08-17 03:00:00,Admin_Block,Administration,331.72,27.19,54.15,142,1,0,1,0.0,15,272.01,2653.73,2025,8,17,3,6,281.96,410.22,375.05,294.1500000000001,343.81916666666666,69.48236541470857,0.7071067811865476,0.7071067811865476,-0.7818314824680299,0.6234898018587334,-1
2025-08-18 09:00:00,Admin_Block,Administration,323.43,26.16,85.95,255,0,1,0,83.03,29,265.21,2587.41,2025,8,18,9,0,331.31,246.68,308.74,334.7866666666668,351.99625,62.148875733123816,0.7071067811865476,-0.7071067811865475,0.0,1.0,-1
2025-08-19 03:00:00,Admin_Block,Administration,302.35,30.24,73.72,44,1,0,0,0.0,39,247.93,2418.84,2025,8,19,3,1,341.74,280.82,371.62,328.8700000000001,372.7358333333334,70.69045141328928,0.7071067811865476,0.7071067811865476,0.7818314824680298,0.6234898018587336,-1
2025-08-23 10:00:00,Admin_Block,Administration,238.61,28.01,42.8,122,0,0,1,72.58,17,195.66,1908.91,2025,8,23,10,5,285.1,345.0,257.06,257.0033333333335,348.89125000000007,61.46233348563926,0.4999999999999999,-0.8660254037844387,-0.9749279121818236,-0.2225209339563146,-1
2025-08-23 11:00:00,Admin_Block,Administration,241.68,29.04,59.66,36,0,1,1,62.2,9,198.18,1933.46,2025,8,23,11,5,238.61,372.02,295.09,255.1300000000001,343.4604166666666,64.98718345075599,0.258819045102521,-0.9659258262890682,-0.9749279121818236,-0.2225209339563146,-1
2025-08-23 23:00:00,Admin_Block,Administration,292.7,23.81,59.59,139,0,1,1,0.0,13,240.01,2341.61,2025,8,23,23,5,459.77,292.86,268.05,341.0500000000001,329.98375,65.8286325183725,-0.2588190451025215,0.965925826289068,-0.9749279121818236,-0.2225209339563146,-1
2025-08-24 09:00:00,Admin_Block,Administration,300.3,26.29,63.43,172,0,1,1,53.14,14,246.25,2402.41,2025,8,24,9,6,351.92,285.1,246.68,333.6866666666668,345.1033333333333,72.18360265845371,0.7071067811865476,-0.7071067811865475,-0.7818314824680299,0.6234898018587334,-1
2025-08-24 10:00:00,Admin_Block,Administration,306.1,25.27,66.92,133,0,1,1,13.96,34,251.0,2448.8,2025,8,24,10,6,300.3,238.61,271.92,319.4400000000001,347.91541666666666,69.10342274157895,0.4999999999999999,-0.8660254037844387,-0.7818314824680299,0.6234898018587334,-1
2025-08-24 20:00:00,Admin_Block,Administration,377.25,31.97,56.67,210,1,0,1,0.0,12,309.35,3018.02,2025,8,24,20,6,300.24,306.65,319.49,345.25000000000017,349.46791666666667,64.47767884612466,-0.8660254037844386,0.5000000000000001,-0.7818314824680299,0.6234898018587334,-1
2025-08-30 04:00:00,Admin_Block,Administration,452.49,27.44,49.15,368,0,1,1,0.0,32,371.04,3619.89,2025,8,30,4,5,279.27,399.9,265.16,382.7466666666669,362.2220833333333,49.84997169587693,0.8660254037844386,0.5000000000000001,-0.9749279121818236,-0.2225209339563146,-1
2025-08-30 18:00:00,Admin_Block,Administration,332.27,29.84,73.02,128,1,0,1,0.0,34,272.46,2658.14,2025,8,30,18,5,347.3,357.89,306.73,351.84000000000015,346.6641666666667,61.42482071015982,-1.0,-1.8369701987210292e-16,-0.9749279121818236,-0.2225209339563146,-1
2025-08-31 00:00:00,Admin_Block,Administration,349.43,23.8,46.29,183,0,1,1,0.0,17,286.54,2795.47,2025,8,31,0,6,264.71,312.68,444.5,322.85333333333347,338.3591666666667,59.47108109183611,0.0,1.0,-0.7818314824680299,0.6234898018587334,-1
2025-08-31 03:00:00,Admin_Block,Administration,298.6,21.42,53.77,43,0,0,1,0.0,24,244.85,2388.81,2025,8,31,3,6,354.96,279.27,302.1,318.5700000000001,330.2475,50.99842079822525,0.7071067811865476,0.7071067811865476,-0.7818314824680299,0.6234898018587334,-1
2025-08-31 11:00:00,Admin_Block,Administration,268.3,25.6,43.16,112,0,1,1,43.0,26,220.0,2146.37,2025,8,31,11,6,367.81,306.53,259.42,344.91333333333347,341.94291666666663,49.10666610899652,0.258819045102521,-0.9659258262890682,-0.7818314824680299,0.6234898018587334,-1
2025-08-31 17:00:00,Admin_Block,Administration,382.39,20.8,60.34,332,1,1,1,51.06,10,313.56,3059.12,2025,8,31,17,6,363.33,347.3,409.06,334.7966666666668,349.3979166666666,54.39200556500924,-0.9659258262890684,-0.2588190451025206,-0.7818314824680299,0.6234898018587334,-1
2025-09-01 21:00:00,Admin_Block,Administration,251.34,32.78,74.56,49,0,0,0,0.0,5,206.1,2010.71,2025,9,1,21,0,281.66,310.1,308.68,319.13000000000017,348.3854166666667,78.60860523638665,-0.7071067811865477,0.7071067811865474,0.0,1.0,-1
2025-09-02 18:00:00,Admin_Block,Administration,412.17,32.47,76.23,232,1,0,0,0.0,34,337.98,3297.39,2025,9,2,18,1,412.64,261.93,360.99,371.19333333333344,352.2325,46.1383047737047,-1.0,-1.8369701987210292e-16,0.7818314824680298,0.6234898018587336,-1
2025-09-04 13:00:00,Admin_Block,Administration,393.22,29.07,86.92,282,1,0,0,22.96,17,322.44,3145.77,2025,9,4,13,3,210.1,422.93,303.74,284.14000000000016,358.5829166666667,72.38439139213746,-0.2588190451025208,-0.9659258262890684,0.4338837391175582,-0.900968867902419,-1
2025-09-05 06:00:00,Admin_Block,Administration,361.03,29.59,94.77,263,1,0,0,0.0,18,296.05,2888.25,2025,9,5,6,4,330.01,275.13,341.33,316.47666666666686,346.6754166666667,61.348196740385326,1.0,6.123233995736766e-17,-0.433883739117558,-0.9009688679024191,-1
2025-09-05 08:00:00,Admin_Block,Administration,250.88,23.03,58.48,52,1,0,0,71.03,28,205.72,2007.0,2025,9,5,8,4,281.1,286.01,319.4,297.67000000000013,340.83750000000003,63.925486939362976,0.8660254037844387,-0.4999999999999998,-0.433883739117558,-0.9009688679024191,-1
2025-09-07 17:00:00,Admin_Block,Administration,266.6,36.32,56.66,65,0,1,1,66.9,19,218.61,2132.79,2025,9,7,17,6,315.99,333.2,382.39,304.4833333333335,349.62166666666667,67.61507387034858,-0.9659258262890684,-0.2588190451025206,-0.7818314824680299,0.6234898018587334,-1
2025-09-08 03:00:00,Admin_Block,Administration,268.84,27.5,46.73,28,1,0,0,0.0,22,220.45,2150.73,2025,9,8,3,0,421.66,265.4,321.49,327.4600000000001,350.8983333333333,64.93780915592214,0.7071067811865476,0.7071067811865476,0.0,1.0,-1
2025-09-09 07:00:00,Admin_Block,Administration,357.73,29.7,78.2,291,1,0,0,81.21,30,293.34,2861.82,2025,9,9,7,1,420.5,352.43,305.9,389.8900000000001,374.4558333333334,59.565788175886624,0.9659258262890684,-0.2588190451025206,0.7818314824680298,0.6234898018587336,-1
2025-09-14 07:00:00,Admin_Block,Administration,276.56,21.0,68.59,151,0,0,1,57.33,15,226.78,2212.45,2025,9,14,7,6,414.73,254.65,293.62,347.9833333333334,357.1016666666667,58.534008521740525,0.9659258262890684,-0.2588190451025206,-0.7818314824680299,0.6234898018587334,-1
2025-09-16 02:00:00,Admin_Block,Administration,421.33,29.19,35.79,380,1,0,0,0.0,11,345.49,3370.62,2025,9,16,2,1,369.81,425.06,418.58,370.1166666666668,382.4370833333333,59.3156162060712,0.4999999999999999,0.8660254037844387,0.7818314824680298,0.6234898018587336,-1
2025-09-19 05:00:00,Admin_Block,Administration,309.24,15.05,47.6,111,0,1,0,0.0,29,253.58,2473.94,2025,9,19,5,4,471.67,302.58,418.78,364.4333333333335,364.1866666666667,63.17658287046284,0.9659258262890684,0.2588190451025207,-0.433883739117558,-0.9009688679024191,-1
2025-09-22 07:00:00,Admin_Block,Administration,222.91,24.94,73.54,29,0,0,0,56.41,25,182.79,1783.31,2025,9,22,7,0,273.52,262.97,452.56,272.0500000000001,361.9404166666666,56.95528951876825,0.9659258262890684,-0.2588190451025206,0.0,1.0,-1
2025-09-22 19:00:00,Admin_Block,Administration,285.69,30.06,68.63,56,1,0,0,0.0,7,234.27,2285.55,2025,9,22,19,0,354.84,355.81,286.19,325.9133333333334,350.52458333333334,62.26823155260147,-0.9659258262890684,0.2588190451025203,0.0,1.0,-1
2025-09-26 16:00:00,Admin_Block,Administration,266.04,28.08,52.0,63,1,0,0,48.51,36,218.15,2128.29,2025,9,26,16,4,265.54,285.27,286.75,308.7266666666668,337.37875,65.55509148882803,-0.8660254037844385,-0.5000000000000004,-0.433883739117558,-0.9009688679024191,-1
2025-09-27 13:00:00,Admin_Block,Administration,364.89,24.71,78.77,253,1,0,1,49.76,17,299.21,2919.09,2025,9,27,13,5,387.6,413.86,351.97,367.1900000000001,352.33916666666664,51.92902170200719,-0.2588190451025208,-0.9659258262890684,-0.9749279121818236,-0.2225209339563146,-1
2025-09-28 07:00:00,Admin_Block,Administration,284.27,26.23,78.01,155,0,1,1,45.49,6,233.11,2274.2,2025,9,28,7,6,327.36,405.37,262.97,314.12333333333345,354.0808333333334,49.56585026324929,0.9659258262890684,-0.2588190451025206,-0.7818314824680299,0.6234898018587334,-1
2025-09-28 12:00:00,Admin_Block,Administration,344.62,34.17,80.1,187,1,0,1,43.92,9,282.59,2756.98,2025,9,28,12,6,258.47,387.6,391.8,303.49333333333345,344.58375,53.65406073310886,1.2246467991473532e-16,-1.0,-0.7818314824680299,0.6234898018587334,-1
2025-09-29 07:00:00,Admin_Block,Administration,255.7,25.99,53.61,67,0,0,0,48.48,27,209.67,2045.6,2025,9,29,7,0,408.2,284.27,222.91,322.29333333333346,356.75375,65.86541573294691,0.9659258262890684,-0.2588190451025206,0.0,1.0,-1
2025-09-29 23:00:00,Admin_Block,Administration,285.53,24.67,59.51,38,0,1,0,0.0,29,234.13,2284.2,2025,9,29,23,0,428.47,283.21,336.99,372.2100000000001,360.1325,68.72810097073477,-0.2588190451025215,0.965925826289068,0.0,1.0,-1
2025-09-30 16:00:00,Admin_Block,Administration,320.19,32.34,51.3,65,1,0,0,24.52,27,262.55,2561.5,2025,9,30,16,1,293.15,270.24,289.58,298.6866666666668,350.38875,63.189161310031686,-0.8660254037844385,-0.5000000000000004,0.7818314824680298,0.6234898018587336,-1
2025-10-01 06:00:00,Admin_Block,Administration,437.35,31.26,33.83,389,1,0,0,0.0,19,358.62,3498.77,2025,10,1,6,2,404.65,392.99,344.94,400.3166666666668,358.96875,63.95402256869713,1.0,6.123233995736766e-17,0.9749279121818236,-0.2225209339563143,-1
2025-10-02 00:00:00,Admin_Block,Administration,383.64,26.02,51.38,287,1,0,0,0.0,8,314.58,3069.11,2025,10,2,0,3,254.6,358.66,288.56,297.5466666666668,332.4583333333333,58.63393183403908,0.0,1.0,0.4338837391175582,-0.900968867902419,-1
2025-10-02 13:00:00,Admin_Block,Administration,349.49,25.32,57.76,77,0,1,0,43.25,31,286.58,2795.91,2025,10,2,13,3,266.39,239.05,292.34,282.3166666666668,337.215,68.36039846476024,-0.2588190451025208,-0.9659258262890684,0.4338837391175582,-0.900968867902419,-1
2025-10-04 02:00:00,Admin_Block,Administration,320.13,30.56,73.85,92,1,0,1,0.0,23,262.51,2561.07,2025,10,4,2,5,402.54,411.58,294.01,340.3966666666668,371.9954166666666,52.26689558154352,0.4999999999999999,0.8660254037844387,-0.9749279121818236,-0.2225209339563146,-1
2025-10-04 12:00:00,Admin_Block,Administration,251.37,26.91,81.39,51,1,0,1,34.15,19,206.12,2010.96,2025,10,4,12,5,398.61,436.94,387.6,305.1766666666668,347.11375,57.63395231319038,1.2246467991473532e-16,-1.0,-0.9749279121818236,-0.2225209339563146,-1
2025-10-04 19:00:00,Admin_Block,Administration,341.12,32.82,68.15,123,1,0,1,0.0,11,279.72,2729.0,2025,10,4,19,5,314.97,299.4,446.09,338.2666666666668,339.7945833333333,50.4773561785411,-0.9659258262890684,0.2588190451025203,-0.9749279121818236,-0.2225209339563146,-1
2025-10-05 08:00:00,Admin_Block,Administration,291.54,28.4,55.64,109,1,1,1,39.58,19,239.06,2332.33,2025,10,5,8,6,327.47,298.7,319.21,334.14000000000016,346.6470833333333,60.86719202522983,0.8660254037844387,-0.4999999999999998,-0.7818314824680299,0.6234898018587334,-1
2025-10-05 12:00:00,Admin_Block,Administration,403.2,29.81,73.44,279,1,0,1,53.26,33,330.63,3225.64,2025,10,5,12,6,343.81,251.37,344.62,364.22666666666686,352.71958333333333,53.36262741063883,1.2246467991473532e-16,-1.0,-0.7818314824680299,0.6234898018587334,-1
2025-10-05 16:00:00,Admin_Block,Administration,213.59,21.57,60.76,77,0,0,1,46.08,7,175.14,1708.72,2025,10,5,16,6,267.7,281.59,397.41,251.21333333333348,346.98625,63.94588444536497,-0.8660254037844385,-0.5000000000000004,-0.7818314824680299,0.6234898018587334,-1
2025-10-07 11:00:00,Admin_Block,Administration,345.83,26.88,78.23,240,0,1,0,17.33,6,283.58,2766.64,2025,10,7,11,1,278.14,273.15,287.57,313.9866666666668,357.72083333333336,53.09796228929484,0.258819045102521,-0.9659258262890682,0.7818314824680298,0.6234898018587336,-1
2025-10-07 20:00:00,Admin_Block,Administration,266.6,26.19,75.46,46,1,0,0,0.0,11,218.61,2132.82,2025,10,7,20,1,258.74,346.22,465.46,263.9100000000001,336.29875,62.241626383725134,-0.8660254037844386,0.5000000000000001,0.7818314824680298,0.6234898018587336,-1
2025-10-12 08:00:00,Admin_Block,Administration,296.83,21.95,64.1,264,0,1,1,50.35,5,243.4,2374.67,2025,10,12,8,6,361.26,403.93,291.54,372.1133333333335,360.3783333333333,79.10753290502025,0.8660254037844387,-0.4999999999999998,-0.7818314824680299,0.6234898018587334,-1
2025-10-12 13:00:00,Admin_Block,Administration,262.18,29.38,58.33,27,0,0,1,50.65,34,214.99,2097.45,2025,10,12,13,6,383.29,265.07,412.4,362.0466666666668,354.4916666666668,82.47961738549691,-0.2588190451025208,-0.9659258262890684,-0.7818314824680299,0.6234898018587334,-1
2025-10-12 16:00:00,Admin_Block,Administration,305.39,23.07,67.07,251,0,0,1,48.11,7,250.42,2443.11,2025,10,12,16,6,409.06,253.61,213.59,371.44000000000005,359.2704166666667,73.22615881364709,-0.8660254037844385,-0.5000000000000004,-0.7818314824680299,0.6234898018587334,-1
2025-10-14 16:00:00,Admin_Block,Administration,229.6,26.52,72.85,21,1,0,0,51.09,24,188.27,1836.78,2025,10,14,16,1,322.25,445.89,368.18,322.3433333333335,338.40416666666664,62.92853005535288,-0.8660254037844385,-0.5000000000000004,0.7818314824680298,0.6234898018587336,-1
2025-10-15 08:00:00,Admin_Block,Administration,291.72,30.64,59.86,105,0,1,0,23.28,33,239.21,2333.76,2025,10,15,8,2,243.81,275.88,362.19,273.9300000000001,339.53,64.16205840783441,0.8660254037844387,-0.4999999999999998,0.9749279121818236,-0.2225209339563143,-1
2025-10-15 10:00:00,Admin_Block,Administration,395.15,22.95,64.03,359,0,1,0,62.44,16,324.02,3161.17,2025,10,15,10,2,421.53,293.79,302.52,369.4666666666668,348.5095833333333,65.75393137389698,0.4999999999999999,-0.8660254037844387,0.9749279121818236,-0.2225209339563143,-1
2025-10-18 13:00:00,Admin_Block,Administration,246.28,31.27,58.07,63,0,0,1,30.6,6,201.95,1970.21,2025,10,18,13,5,233.55,322.33,265.07,279.3000000000001,350.9183333333333,67.17741239607152,-0.2588190451025208,-0.9659258262890684,-0.9749279121818236,-0.2225209339563146,-1
2025-10-19 14:00:00,Admin_Block,Administration,255.1,26.29,59.47,30,1,0,1,42.39,35,209.18,2040.81,2025,10,19,14,6,370.95,371.75,399.87,339.5066666666668,367.6929166666666,66.73696306357787,-0.4999999999999997,-0.8660254037844388,-0.7818314824680299,0.6234898018587334,-1
2025-10-22 04:00:00,Admin_Block,Administration,295.13,31.83,70.36,36,1,0,0,0.0,13,242.01,2361.08,2025,10,22,4,2,344.33,384.3,449.86,312.7566666666667,351.81375,52.43725615583023,0.8660254037844386,0.5000000000000001,0.9749279121818236,-0.2225209339563143,-1
2025-10-22 07:00:00,Admin_Block,Administration,376.33,28.93,64.58,225,0,1,0,47.18,19,308.59,3010.63,2025,10,22,7,2,292.74,259.16,243.81,338.49000000000007,352.51500000000004,48.69657259611481,0.9659258262890684,-0.2588190451025206,0.9749279121818236,-0.2225209339563143,-1
2025-10-25 15:00:00,Admin_Block,Administration,279.65,20.24,55.78,133,0,1,1,45.47,32,229.32,2237.24,2025,10,25,15,5,265.37,410.82,471.47,311.2033333333334,353.3029166666667,70.65696928480928,-0.7071067811865471,-0.7071067811865479,-0.9749279121818236,-0.2225209339563146,-1
2025-10-28 07:00:00,Admin_Block,Administration,278.6,26.77,44.19,73,0,0,0,63.53,5,228.45,2228.77,2025,10,28,7,1,321.85,433.34,259.16,297.2333333333334,321.37166666666667,53.54881313722675,0.9659258262890684,-0.2588190451025206,0.7818314824680298,0.6234898018587336,-1
2025-10-28 15:00:00,Admin_Block,Administration,353.47,30.82,47.71,147,0,1,0,8.92,36,289.85,2827.77,2025,10,28,15,1,426.67,242.26,260.96,354.6533333333334,328.53333333333336,59.36035535949617,-0.7071067811865471,-0.7071067811865479,0.7818314824680298,0.6234898018587336,-1
2025-10-30 04:00:00,Admin_Block,Administration,300.93,24.92,56.73,105,0,1,0,0.0,12,246.76,2407.42,2025,10,30,4,3,296.53,310.54,311.14,304.3500000000001,346.01875,55.34482547686979,0.8660254037844386,0.5000000000000001,0.4338837391175582,-0.900968867902419,-1
2025-10-30 09:00:00,Admin_Block,Administration,325.74,28.43,53.71,247,0,1,0,63.54,13,267.1,2605.9,2025,10,30,9,3,322.77,296.38,399.14,312.4466666666667,342.9433333333333,52.4662185863777,0.7071067811865476,-0.7071067811865475,0.4338837391175582,-0.900968867902419,-1
2025-10-30 12:00:00,Admin_Block,Administration,339.21,24.87,55.82,306,1,0,0,71.13,13,278.15,2713.65,2025,10,30,12,3,453.53,244.73,353.97,388.2533333333334,352.9145833333334,51.177657402524176,1.2246467991473532e-16,-1.0,0.4338837391175582,-0.900968867902419,-1
2025-10-31 09:00:00,Admin_Block,Administration,225.46,29.48,60.15,49,0,0,0,51.31,14,184.87,1803.65,2025,10,31,9,4,295.33,325.74,325.94,251.3566666666668,359.74625,75.98505893251836,0.7071067811865476,-0.7071067811865475,-0.433883739117558,-0.9009688679024191,-1
2025-11-01 07:00:00,Admin_Block,Administration,301.73,20.47,59.44,128,0,0,1,54.67,11,247.42,2413.86,2025,11,1,7,5,304.54,233.28,267.57,321.70333333333343,352.97583333333336,52.1414344057013,0.9659258262890684,-0.2588190451025206,-0.9749279121818236,-0.2225209339563146,-1
2025-11-01 12:00:00,Admin_Block,Administration,233.97,30.33,69.07,29,0,1,1,29.67,12,191.86,1871.8,2025,11,1,12,5,403.29,377.63,281.32,314.5566666666668,361.4329166666666,51.47857422429942,1.2246467991473532e-16,-1.0,-0.9749279121818236,-0.2225209339563146,-1
2025-11-03 15:00:00,Admin_Block,Administration,418.79,32.32,96.3,339,1,0,0,40.77,35,343.41,3350.32,2025,11,3,15,0,304.94,400.97,242.26,337.3200000000001,355.60375,64.01338717409041,-0.7071067811865471,-0.7071067811865479,0.0,1.0,-1
2025-11-05 10:00:00,Admin_Block,Administration,444.84,29.25,54.71,341,1,0,0,24.7,22,364.77,3558.73,2025,11,5,10,2,344.78,256.2,385.72,401.0766666666668,361.64208333333335,53.43900366644537,0.4999999999999999,-0.8660254037844387,0.9749279121818236,-0.2225209339563143,-1
2025-11-05 16:00:00,Admin_Block,Administration,273.77,22.0,79.34,67,0,1,0,40.58,29,224.49,2190.13,2025,11,5,16,2,264.85,281.3,391.79,286.6866666666667,360.7325,57.35914833595531,-0.8660254037844385,-0.5000000000000004,0.9749279121818236,-0.2225209339563143,-1
2025-11-06 10:00:00,Admin_Block,Administration,296.05,19.7,64.74,193,1,0,0,38.02,6,242.76,2368.37,2025,11,6,10,3,256.43,444.84,372.02,327.7900000000001,342.16333333333336,61.73819166565256,0.4999999999999999,-0.8660254037844387,0.4338837391175582,-0.900968867902419,-1
2025-11-06 15:00:00,Admin_Block,Administration,391.89,28.49,73.66,277,1,0,0,13.25,36,321.35,3135.09,2025,11,6,15,3,335.63,264.85,270.11,325.19333333333344,342.5491666666667,60.70023486213845,-0.7071067811865471,-0.7071067811865479,0.4338837391175582,-0.900968867902419,-1
2025-11-08 11:00:00,Admin_Block,Administration,277.69,23.0,49.54,113,1,0,1,43.63,13,227.7,2221.51,2025,11,8,11,5,369.64,348.46,403.29,302.3433333333334,355.4470833333333,65.46240470876113,0.258819045102521,-0.9659258262890682,-0.9749279121818236,-0.2225209339563146,-1
2025-11-09 03:00:00,Admin_Block,Administration,386.24,27.03,50.7,352,0,1,1,0.0,5,316.72,3089.91,2025,11,9,3,6,347.86,404.17,283.0,368.6633333333334,364.41333333333336,55.59298920975044,0.7071067811865476,0.7071067811865476,-0.7818314824680299,0.6234898018587334,-1
2025-11-09 15:00:00,Admin_Block,Administration,230.12,17.31,49.01,51,0,0,1,59.84,10,188.69,1840.92,2025,11,9,15,6,230.84,308.62,400.97,249.7633333333334,344.34291666666667,61.72118891181817,-0.7071067811865471,-0.7071067811865479,-0.7818314824680299,0.6234898018587334,-1
2025-11-13 05:00:00,Admin_Block,Administration,370.05,27.65,64.63,145,1,1,0,0.0,30,303.44,2960.43,2025,11,13,5,3,392.4,250.1,393.71,365.5600000000001,348.9833333333333,74.52192007063734,0.9659258262890684,0.2588190451025207,0.4338837391175582,-0.900968867902419,-1
2025-11-14 07:00:00,Admin_Block,Administration,204.62,21.27,65.2,96,0,0,0,70.69,10,167.79,1637.0,2025,11,14,7,4,499.38,342.26,313.66,364.1366666666668,366.7816666666667,82.78006768417846,0.9659258262890684,-0.2588190451025206,-0.433883739117558,-0.9009688679024191,-1
2025-11-14 11:00:00,Admin_Block,Administration,303.5,24.89,69.05,119,0,1,0,23.94,35,248.87,2427.98,2025,11,14,11,4,256.13,273.62,348.46,304.05333333333346,369.2733333333333,80.57823067039321,0.258819045102521,-0.9659258262890682,-0.433883739117558,-0.9009688679024191,-1
2025-11-14 13:00:00,Admin_Block,Administration,275.38,25.83,59.17,77,1,0,0,27.55,6,225.82,2203.08,2025,11,14,13,4,402.13,446.78,256.15,327.0033333333334,363.2266666666667,81.37488912256774,-0.2588190451025208,-0.9659258262890684,-0.433883739117558,-0.9009688679024191,-1
2025-11-15 03:00:00,Admin_Block,Administration,230.53,31.95,72.16,35,0,1,1,0.0,14,189.04,1844.25,2025,11,15,3,5,361.91,288.12,404.17,319.7833333333335,355.1354166666667,80.07929477706926,0.7071067811865476,0.7071067811865476,-0.9749279121818236,-0.2225209339563146,-1
2025-11-15 16:00:00,Admin_Block,Administration,400.91,33.23,55.07,181,1,1,1,22.07,23,328.74,3207.25,2025,11,15,16,5,350.01,415.2,315.74,391.6000000000001,364.4320833333333,59.89496690614715,-0.8660254037844385,-0.5000000000000004,-0.9749279121818236,-0.2225209339563146,-1
2025-11-16 07:00:00,Admin_Block,Administration,304.65,25.34,77.11,80,0,1,1,21.4,37,249.81,2437.16,2025,11,16,7,6,290.49,282.12,268.46,302.8900000000001,371.6783333333333,54.65721740532398,0.9659258262890684,-0.2588190451025206,-0.7818314824680299,0.6234898018587334,-1
2025-11-16 11:00:00,Admin_Block,Administration,408.76,24.01,61.64,386,0,1,1,30.26,8,335.18,3270.09,2025,11,16,11,6,386.12,296.93,280.84,372.5366666666668,372.52833333333336,57.548262593551286,0.258819045102521,-0.9659258262890682,-0.7818314824680299,0.6234898018587334,-1
2025-11-17 12:00:00,Admin_Block,Administration,401.39,28.57,55.06,368,1,1,0,47.17,26,329.14,3211.11,2025,11,17,12,0,380.66,350.4,400.64,378.26000000000016,358.1545833333334,60.72108873538225,1.2246467991473532e-16,-1.0,0.0,1.0,-1
2025-11-19 07:00:00,Admin_Block,Administration,275.77,25.55,59.55,68,1,0,0,20.78,33,226.13,2206.14,2025,11,19,7,2,347.8,291.69,332.08,311.8700000000001,351.67833333333334,64.9195897725168,0.9659258262890684,-0.2588190451025206,0.9749279121818236,-0.2225209339563143,-1
2025-11-19 19:00:00,Admin_Block,Administration,309.7,29.65,42.38,99,1,0,0,0.0,23,253.95,2477.57,2025,11,19,19,2,345.48,262.34,368.63,309.99333333333345,343.9704166666666,59.65348056314099,-0.9659258262890684,0.2588190451025203,0.9749279121818236,-0.2225209339563143,-1
2025-11-19 23:00:00,Admin_Block,Administration,442.45,24.29,35.59,340,1,0,0,0.0,28,362.81,3539.62,2025,11,19,23,2,415.73,420.74,456.28,422.1500000000001,349.3879166666666,59.56539511722376,-0.2588190451025215,0.965925826289068,0.9749279121818236,-0.2225209339563143,-1
2025-11-20 07:00:00,Admin_Block,Administration,254.35,30.41,69.42,88,0,1,0,40.59,9,208.57,2034.82,2025,11,20,7,3,364.06,275.77,342.26,305.7833333333335,342.04375000000005,60.11859625574103,0.9659258262890684,-0.2588190451025206,0.4338837391175582,-0.900968867902419,-1
2025-11-21 12:00:00,Admin_Block,Administration,252.3,31.84,44.0,69,0,1,0,61.2,5,206.88,2018.37,2025,11,21,12,4,385.03,279.55,402.13,352.5200000000001,361.91541666666666,65.8627621900049,1.2246467991473532e-16,-1.0,-0.433883739117558,-0.9009688679024191,-1
2025-11-22 00:00:00,Admin_Block,Administration,240.32,27.39,51.76,43,0,0,1,0.0,15,197.07,1922.6,2025,11,22,0,5,224.44,299.13,484.65,277.93333333333345,362.1441666666667,71.26386034014541,0.0,1.0,-0.9749279121818236,-0.2225209339563146,-1
2025-11-22 12:00:00,Admin_Block,Administration,288.35,30.89,82.8,79,0,1,1,21.59,36,236.45,2306.81,2025,11,22,12,5,387.32,252.3,322.67,309.9566666666669,361.4716666666666,73.25959914350271,1.2246467991473532e-16,-1.0,-0.9749279121818236,-0.2225209339563146,-1
2025-11-22 16:00:00,Admin_Block,Administration,263.63,24.94,54.18,34,0,1,1,27.19,26,216.18,2109.06,2025,11,22,16,5,337.54,384.71,400.91,301.01000000000016,354.2595833333333,74.1480251271308,-0.8660254037844385,-0.5000000000000004,-0.9749279121818236,-0.2225209339563146,-1
2025-11-22 17:00:00,Admin_Block,Administration,217.6,29.51,62.28,37,0,0,1,65.09,22,178.43,1740.76,2025,11,22,17,5,263.63,366.46,354.0,272.9233333333335,348.05708333333337,79.14105978123533,-0.9659258262890684,-0.2588190451025206,-0.9749279121818236,-0.2225209339563146,-1
2025-11-26 16:00:00,Admin_Block,Administration,312.9,28.92,69.64,126,1,0,0,28.95,37,256.57,2503.17,2025,11,26,16,2,371.15,271.27,235.47,352.2466666666667,372.6520833333334,62.74719962427417,-0.8660254037844385,-0.5000000000000004,0.9749279121818236,-0.2225209339563143,-1
2025-11-27 17:00:00,Admin_Block,Administration,272.54,29.8,66.71,33,1,1,0,0.0,6,223.49,2180.35,2025,11,27,17,3,395.17,239.83,257.16,349.7066666666669,363.3008333333333,63.17060357315855,-0.9659258262890684,-0.2588190451025206,0.4338837391175582,-0.900968867902419,-1
2025-11-28 13:00:00,Admin_Block,Administration,251.7,26.91,69.83,43,0,1,0,44.71,18,206.4,2013.64,2025,11,28,13,4,339.76,229.64,395.29,333.1966666666668,365.6791666666666,57.84814377666637,-0.2588190451025208,-0.9659258262890684,-0.433883739117558,-0.9009688679024191,-1
2025-11-29 17:00:00,Admin_Block,Administration,316.94,33.49,43.66,41,0,0,1,32.76,39,259.89,2535.51,2025,11,29,17,5,358.16,321.9,217.6,323.9033333333335,354.2695833333333,70.3558609455108,-0.9659258262890684,-0.2588190451025206,-0.9749279121818236,-0.2225209339563146,-1
2025-11-30 09:00:00,Admin_Block,Administration,355.05,25.08,62.29,329,0,1,1,48.8,13,291.14,2840.43,2025,11,30,9,6,363.42,276.38,287.12,365.39333333333343,382.9145833333334,61.37995976447502,0.7071067811865476,-0.7071067811865475,-0.7818314824680299,0.6234898018587334,-1
2025-11-30 22:00:00,Admin_Block,Administration,382.27,28.23,63.71,284,1,0,1,0.0,13,313.46,3058.18,2025,11,30,22,6,454.79,466.1,406.45,396.8633333333335,384.8154166666666,59.04555300997528,-0.5000000000000004,0.8660254037844384,-0.7818314824680299,0.6234898018587334,-1
2025-12-02 02:00:00,Admin_Block,Administration,406.23,24.48,64.7,371,1,0,0,0.0,13,333.11,3249.84,2025,12,2,2,1,383.29,407.92,400.51,378.3700000000002,359.4791666666667,56.48476400316099,0.4999999999999999,0.8660254037844387,0.7818314824680298,0.6234898018587336,-1
2025-12-02 05:00:00,Admin_Block,Administration,297.63,21.26,58.18,194,1,0,0,0.0,11,244.06,2381.06,2025,12,2,5,1,331.38,390.95,426.99,326.1533333333335,357.6641666666667,50.848961933457126,0.9659258262890684,0.2588190451025207,0.7818314824680298,0.6234898018587336,-1
2025-12-03 04:00:00,Admin_Block,Administration,447.48,29.2,67.84,357,1,0,0,0.0,14,366.93,3579.82,2025,12,3,4,2,347.5,331.38,426.83,384.9133333333335,362.56958333333336,50.63675915853783,0.8660254037844386,0.5000000000000001,0.9749279121818236,-0.2225209339563143,-1
2025-12-03 10:00:00,Admin_Block,Administration,281.53,30.44,67.76,50,1,0,0,40.24,21,230.86,2252.27,2025,12,3,10,2,314.69,375.48,289.41,353.49666666666684,364.8029166666667,49.788712312450414,0.4999999999999999,-0.8660254037844387,0.9749279121818236,-0.2225209339563143,-1
2025-12-06 05:00:00,Admin_Block,Administration,328.94,32.27,45.64,168,0,1,1,0.0,8,269.73,2631.48,2025,12,6,5,5,317.58,296.64,256.78,316.0366666666668,352.85375,62.55538636749793,0.9659258262890684,0.2588190451025207,-0.9749279121818236,-0.2225209339563146,-1
2025-12-07 09:00:00,Admin_Block,Administration,306.04,28.21,83.57,173,0,0,1,65.71,5,250.95,2448.3,2025,12,7,9,6,295.86,289.63,355.05,342.2866666666668,367.43375,55.42612159344523,0.7071067811865476,-0.7071067811865475,-0.7818314824680299,0.6234898018587334,-1
2025-12-07 11:00:00,Admin_Block,Administration,304.97,26.06,81.09,126,1,0,1,32.65,18,250.08,2439.78,2025,12,7,11,6,454.05,399.6,441.77,355.0200000000001,366.57666666666665,59.28978265718553,0.258819045102521,-0.9659258262890682,-0.7818314824680299,0.6234898018587334,-1
2025-12-08 17:00:00,Admin_Block,Administration,322.67,31.76,38.86,229,1,0,0,55.33,29,264.59,2581.34,2025,12,8,17,0,414.33,261.93,322.7,353.11333333333346,367.1233333333333,56.78056102351402,-0.9659258262890684,-0.2588190451025206,0.0,1.0,-1
2025-12-09 06:00:00,Admin_Block,Administration,399.73,33.31,72.17,314,1,0,0,0.0,32,327.78,3197.87,2025,12,9,6,1,398.1,298.62,473.6,389.19333333333344,367.39375,61.51591217354703,1.0,6.123233995736766e-17,0.7818314824680298,0.6234898018587336,-1
2025-12-11 02:00:00,Admin_Block,Administration,294.06,31.27,81.17,27,1,0,0,0.0,39,241.13,2352.51,2025,12,11,2,3,385.78,372.73,304.74,382.7233333333335,347.26666666666665,57.04862957365279,0.4999999999999999,0.8660254037844387,0.4338837391175582,-0.900968867902419,-1
2025-12-11 08:00:00,Admin_Block,Administration,372.22,27.05,51.32,350,1,0,0,44.45,6,305.22,2977.76,2025,12,11,8,3,412.78,253.26,342.37,378.5133333333335,352.5466666666667,52.64292443200339,0.8660254037844387,-0.4999999999999998,0.4338837391175582,-0.900968867902419,-1
2025-12-11 18:00:00,Admin_Block,Administration,341.76,22.18,42.83,234,1,0,0,0.0,14,280.24,2734.06,2025,12,11,18,3,360.24,278.13,438.07,301.9166666666668,353.6308333333333,55.65802586108876,-1.0,-1.8369701987210292e-16,0.4338837391175582,-0.900968867902419,-1
2025-12-13 17:00:00,Admin_Block,Administration,298.12,27.56,73.06,104,1,0,1,65.22,38,244.46,2384.94,2025,12,13,17,5,347.5,417.95,407.96,349.8166666666668,355.96625,54.9423084629609,-0.9659258262890684,-0.2588190451025206,-0.9749279121818236,-0.2225209339563146,-1
2025-12-14 04:00:00,Admin_Block,Administration,383.16,30.06,49.4,161,1,0,1,0.0,24,314.19,3065.25,2025,12,14,4,6,324.95,354.64,313.14,324.5733333333335,344.28458333333333,50.39688904987842,0.8660254037844386,0.5000000000000001,-0.7818314824680299,0.6234898018587334,-1
2025-12-14 17:00:00,Admin_Block,Administration,211.92,21.36,75.06,28,0,1,1,43.29,38,173.77,1695.35,2025,12,14,17,6,284.82,298.12,261.93,251.93333333333348,350.20666666666665,60.441942510914906,-0.9659258262890684,-0.2588190451025206,-0.7818314824680299,0.6234898018587334,-1
2025-12-20 09:00:00,Admin_Block,Administration,227.79,29.85,50.87,103,0,0,1,73.07,15,186.79,1822.35,2025,12,20,9,5,349.06,322.3,311.03,282.1666666666668,350.00291666666664,70.07837075478369,0.7071067811865476,-0.7071067811865475,-0.9749279121818236,-0.2225209339563146,-1
2025-12-21 04:00:00,Admin_Block,Administration,316.72,24.62,62.06,141,1,0,1,0.0,24,259.71,2533.8,2025,12,21,4,6,292.05,358.99,383.16,348.92333333333346,324.81125000000003,57.18165716172236,0.8660254037844386,0.5000000000000001,-0.7818314824680299,0.6234898018587334,-1
2025-12-21 17:00:00,Admin_Block,Administration,269.15,22.96,70.36,53,1,0,1,56.74,15,220.7,2153.22,2025,12,21,17,6,269.98,236.22,211.92,285.22333333333347,340.085,58.33323297713896,-0.9659258262890684,-0.2588190451025206,-0.7818314824680299,0.6234898018587334,-1
2025-12-24 06:00:00,Admin_Block,Administration,319.02,31.8,54.25,84,0,1,0,0.0,37,261.6,2552.19,2025,12,24,6,2,415.38,457.28,468.51,351.0966666666668,361.125,55.41097230850559,1.0,6.123233995736766e-17,0.9749279121818236,-0.2225209339563143,-1
2025-12-25 20:00:00,Admin_Block,Administration,299.61,23.04,69.38,158,1,0,0,0.0,10,245.68,2396.88,2025,12,25,20,3,275.82,383.57,383.12,363.7066666666668,355.18291666666664,69.00146939072924,-0.8660254037844386,0.5000000000000001,0.4338837391175582,-0.900968867902419,-1
2025-12-26 10:00:00,Admin_Block,Administration,268.41,32.33,68.12,39,0,0,0,45.21,37,220.1,2147.28,2025,12,26,10,4,428.37,306.1,256.18,341.3800000000001,359.68416666666667,79.24789136773256,0.4999999999999999,-0.8660254037844387,-0.433883739117558,-0.9009688679024191,-1
2025-12-26 20:00:00,Admin_Block,Administration,239.5,20.84,72.67,41,0,0,0,0.0,8,196.39,1915.97,2025,12,26,20,4,266.41,299.61,335.35,261.8566666666668,344.76,72.1408136910028,-0.8660254037844386,0.5000000000000001,-0.433883739117558,-0.9009688679024191,-1
2025-12-27 01:00:00,Admin_Block,Administration,278.18,26.92,38.1,80,0,0,1,0.0,17,228.1,2225.41,2025,12,27,1,5,384.87,291.53,253.5,349.2766666666668,336.88000000000005,66.08667168130788,0.2588190451025207,0.9659258262890684,-0.9749279121818236,-0.2225209339563146,-1
2025-12-27 12:00:00,Admin_Block,Administration,238.97,20.57,63.36,139,0,0,1,40.23,7,195.96,1911.79,2025,12,27,12,5,343.28,315.65,278.36,340.8066666666668,347.07875,73.21469193926082,1.2246467991473532e-16,-1.0,-0.9749279121818236,-0.2225209339563146,-1
2025-12-28 01:00:00,Admin_Block,Administration,287.87,32.35,58.35,75,0,0,1,0.0,5,236.05,2302.93,2025,12,28,1,6,361.75,278.18,329.02,330.2000000000001,378.25,67.86924192887489,0.2588190451025207,0.9659258262890684,-0.7818314824680299,0.6234898018587334,-1
2025-12-28 05:00:00,Admin_Block,Administration,235.15,16.62,61.5,20,0,0,1,0.0,15,192.82,1881.17,2025,12,28,5,6,295.47,312.67,425.19,256.57333333333344,360.0841666666667,71.13195508390044,0.9659258262890684,0.2588190451025207,-0.7818314824680299,0.6234898018587334,-1
2025-12-28 11:00:00,Admin_Block,Administration,345.09,31.95,71.32,221,0,1,1,30.17,8,282.98,2760.74,2025,12,28,11,6,314.01,343.28,311.54,308.0566666666668,344.29,72.58287113781512,0.258819045102521,-0.9659258262890682,-0.7818314824680299,0.6234898018587334,-1
2025-12-28 14:00:00,Admin_Block,Administration,245.77,27.97,46.96,60,0,0,1,57.01,6,201.53,1966.16,2025,12,28,14,6,272.52,446.51,258.26,315.8966666666668,336.5683333333333,69.04327909656186,-0.4999999999999997,-0.8660254037844388,-0.7818314824680299,0.6234898018587334,-1
2025-12-29 06:00:00,Admin_Block,Administration,350.06,25.84,58.76,128,1,0,0,0.0,17,287.05,2800.47,2025,12,29,6,0,460.46,243.77,376.36,412.89333333333343,351.26125,66.30968578423789,1.0,6.123233995736766e-17,0.0,1.0,-1
2025-12-29 14:00:00,Admin_Block,Administration,325.24,27.38,67.53,250,1,0,0,53.69,9,266.69,2601.89,2025,12,29,14,0,300.78,245.77,409.85,306.87333333333345,348.83958333333334,61.96657868344746,-0.4999999999999997,-0.8660254037844388,0.0,1.0,-1
2025-12-29 21:00:00,Admin_Block,Administration,250.95,26.14,81.26,20,0,0,0,0.0,7,205.78,2007.6,2025,12,29,21,0,456.87,242.19,282.76,355.1866666666668,342.77708333333334,58.59107837406818,-0.7071067811865477,0.7071067811865474,0.0,1.0,-1
2025-12-30 12:00:00,Admin_Block,Administration,413.99,28.7,51.05,317,1,0,0,11.58,34,339.48,3311.95,2025,12,30,12,1,283.09,294.6,305.04,358.4266666666668,357.3433333333333,62.53534587781553,1.2246467991473532e-16,-1.0,0.7818314824680298,0.6234898018587336,-1
2025-12-30 19:00:00,Admin_Block,Administration,240.44,28.68,59.04,22,0,1,0,0.0,8,197.16,1923.49,2025,12,30,19,1,416.5,357.74,334.45,338.4966666666668,369.34125,66.89936402586598,-0.9659258262890684,0.2588190451025203,0.7818314824680298,0.6234898018587336,-1
2025-12-31 17:00:00,Admin_Block,Administration,271.7,24.09,59.45,148,0,1,0,28.74,19,222.79,2173.57,2025,12,31,17,2,283.96,358.55,208.97,291.13333333333344,357.1966666666667,58.46377835643359,-0.9659258262890684,-0.2588190451025206,0.9749279121818236,-0.2225209339563143,-1
2025-01-20 15:00:00,Block_A,Classroom,358.26,21.58,77.93,54,1,0,0,22.88,5,293.77,2866.06,2025,1,20,15,0,370.41,528.98,525.09,405.00000000000017,449.94875,72.41259068472785,-0.7071067811865471,-0.7071067811865479,0.0,1.0,-1
2025-01-25 05:00:00,Block_A,Classroom,385.62,22.47,48.88,41,1,1,1,0.0,25,316.21,3084.98,2025,1,25,5,5,442.11,517.6,532.72,438.3866666666668,481.8866666666666,61.28621787522297,0.9659258262890684,0.2588190451025207,-0.9749279121818236,-0.2225209339563146,-1
2025-02-16 20:00:00,Block_A,Classroom,562.36,23.08,46.7,385,1,0,1,0.0,6,461.14,4498.9,2025,2,16,20,6,444.44,429.27,447.72,472.8833333333334,483.8241666666666,58.742404942305576,-0.8660254037844386,0.5000000000000001,-0.7818314824680299,0.6234898018587334,-1
2025-02-18 17:00:00,Block_A,Classroom,388.68,31.8,98.37,22,1,0,0,70.81,27,318.71,3109.4,2025,2,18,17,1,471.15,553.05,431.57,432.5033333333333,466.67875,68.28595114997336,-0.9659258262890684,-0.2588190451025206,0.7818314824680298,0.6234898018587336,-1
2025-03-01 16:00:00,Block_A,Classroom,494.29,19.57,53.38,298,1,0,1,21.04,17,405.32,3954.32,2025,3,1,16,5,528.43,465.38,500.47,515.77,468.7595833333333,50.0253945493572,-0.8660254037844385,-0.5000000000000004,-0.9749279121818236,-0.2225209339563146,-1
2025-03-30 03:00:00,Block_A,Classroom,459.91,20.15,75.06,182,1,0,1,0.0,33,377.12,3679.24,2025,3,30,3,6,564.66,570.01,419.51,492.2666666666666,479.7083333333333,55.54952006732502,0.7071067811865476,0.7071067811865476,-0.7818314824680299,0.6234898018587334,-1
2025-03-30 11:00:00,Block_A,Classroom,492.3,32.36,84.55,292,1,0,1,48.89,19,403.69,3938.42,2025,3,30,11,6,530.12,533.05,539.25,517.3266666666665,483.75666666666666,55.43424845210102,0.258819045102521,-0.9659258262890682,-0.7818314824680299,0.6234898018587334,-1
2025-04-07 10:00:00,Block_A,Classroom,336.47,22.77,82.25,29,1,0,0,52.41,19,275.91,2691.8,2025,4,7,10,0,357.18,477.52,384.92,376.07333333333327,466.41375,75.66202216680165,0.4999999999999999,-0.8660254037844387,0.0,1.0,-1
2025-04-30 08:00:00,Block_A,Classroom,504.27,32.89,45.58,310,1,1,0,34.47,23,413.5,4034.19,2025,4,30,8,2,566.68,412.41,474.69,524.0833333333334,474.41,62.98011349348443,0.8660254037844387,-0.4999999999999998,0.9749279121818236,-0.2225209339563143,-1
2025-05-02 11:00:00,Block_A,Classroom,493.65,21.73,42.04,341,1,1,0,43.6,10,404.79,3949.18,2025,5,2,11,4,495.37,399.65,410.96,514.2933333333335,483.00625,54.20331594320728,0.258819045102521,-0.9659258262890682,-0.433883739117558,-0.9009688679024191,-1
2025-05-03 23:00:00,Block_A,Classroom,458.17,23.03,75.85,278,1,0,1,0.0,6,375.7,3665.38,2025,5,3,23,5,577.93,564.33,376.57,489.61666666666673,474.7466666666666,60.14021975254234,-0.2588190451025215,0.965925826289068,-0.9749279121818236,-0.2225209339563146,-1
2025-05-04 10:00:00,Block_A,Classroom,387.52,28.57,76.14,55,1,0,1,42.48,39,317.77,3100.16,2025,5,4,10,6,534.29,531.72,436.79,465.8733333333335,470.8779166666666,76.01355874357118,0.4999999999999999,-0.8660254037844387,-0.7818314824680299,0.6234898018587334,-1
2025-05-24 22:00:00,Block_A,Classroom,443.37,27.15,68.66,69,1,1,1,0.0,23,363.56,3546.96,2025,5,24,22,5,416.21,464.47,522.02,420.7433333333333,469.225,56.37370285792011,-0.5000000000000004,0.8660254037844384,-0.9749279121818236,-0.2225209339563146,-1
2025-06-28 23:00:00,Block_A,Classroom,511.69,24.38,76.21,297,1,0,1,0.0,25,419.59,4093.56,2025,6,28,23,5,466.22,569.62,449.86,495.9966666666669,480.28,66.1902854424764,-0.2588190451025215,0.965925826289068,-0.9749279121818236,-0.2225209339563146,-1
2025-07-12 01:00:00,Block_A,Classroom,554.45,25.56,50.19,363,1,1,1,0.0,36,454.65,4435.6,2025,7,12,1,5,395.39,423.09,558.92,450.8133333333333,447.00625,62.20895803049005,0.2588190451025207,0.9659258262890684,-0.9749279121818236,-0.2225209339563146,-1
2025-07-15 00:00:00,Block_A,Classroom,440.39,40.26,75.59,26,1,1,0,0.0,27,361.12,3523.1,2025,7,15,0,1,511.65,473.89,434.97,491.7866666666667,481.7291666666667,52.72237112143804,0.0,1.0,0.7818314824680298,0.6234898018587336,-1
2025-08-02 09:00:00,Block_A,Classroom,514.08,26.9,91.05,360,1,0,1,34.47,6,421.54,4112.63,2025,8,2,9,5,450.75,496.71,375.22,498.7099999999999,486.5883333333333,57.15698851611978,0.7071067811865476,-0.7071067811865475,-0.9749279121818236,-0.2225209339563146,-1
2025-08-24 20:00:00,Block_A,Classroom,504.18,31.97,56.67,296,1,0,1,0.0,14,413.42,4033.41,2025,8,24,20,6,426.35,459.18,389.63,455.7966666666668,472.77875,43.38321116991081,-0.8660254037844386,0.5000000000000001,-0.7818314824680299,0.6234898018587334,-1
2025-08-31 17:00:00,Block_A,Classroom,357.95,20.8,60.34,48,1,1,1,36.72,34,293.52,2863.6,2025,8,31,17,6,411.97,431.62,474.79,418.22666666666686,467.9170833333333,69.37313547696868,-0.9659258262890684,-0.2588190451025206,-0.7818314824680299,0.6234898018587334,-1
2025-10-05 08:00:00,Block_A,Classroom,511.81,28.4,55.64,194,1,1,1,22.42,34,419.68,4094.45,2025,10,5,8,6,457.22,587.17,547.76,452.30333333333306,461.36416666666673,67.97595283990395,0.8660254037844387,-0.4999999999999998,-0.7818314824680299,0.6234898018587334,-1
2025-11-13 05:00:00,Block_A,Classroom,399.25,27.65,64.63,44,1,1,0,0.0,9,327.39,3194.04,2025,11,13,5,3,463.34,520.44,561.33,478.1499999999997,474.8341666666667,82.68140435044828,0.9659258262890684,0.2588190451025207,0.4338837391175582,-0.900968867902419,-1
2025-11-15 16:00:00,Block_A,Classroom,527.85,33.23,55.07,371,1,1,1,60.1,25,432.84,4222.79,2025,11,15,16,5,474.9,411.14,520.33,505.4966666666663,470.43666666666667,65.07354632939621,-0.8660254037844385,-0.5000000000000004,-0.9749279121818236,-0.2225209339563146,-1
2025-11-17 12:00:00,Block_A,Classroom,445.23,28.57,55.06,139,1,1,0,25.87,9,365.09,3561.86,2025,11,17,12,0,390.39,557.67,466.21,409.5499999999996,460.84583333333336,74.53248173821942,1.2246467991473532e-16,-1.0,0.0,1.0,-1
2025-11-27 17:00:00,Block_A,Classroom,497.47,29.8,66.71,255,1,1,0,60.12,25,407.92,3979.74,2025,11,27,17,3,416.37,530.57,476.43,497.0433333333329,459.94458333333336,74.74670921819454,-0.9659258262890684,-0.2588190451025206,0.4338837391175582,-0.900968867902419,-1
2025-12-07 11:00:00,Block_A,Classroom,569.37,26.06,81.09,389,1,0,1,50.14,25,466.88,4554.95,2025,12,7,11,6,459.35,520.67,486.92,527.6933333333332,490.4020833333333,67.38640186521725,0.258819045102521,-0.9659258262890682,-0.7818314824680299,0.6234898018587334,-1
2025-12-13 17:00:00,Block_A,Classroom,568.75,27.56,73.06,396,1,0,1,51.17,28,466.38,4550.01,2025,12,13,17,5,431.67,585.28,402.17,476.3333333333333,474.9145833333334,61.728026752645896,-0.9659258262890684,-0.2588190451025206,-0.9749279121818236,-0.2225209339563146,-1
2025-12-21 17:00:00,Block_A,Classroom,544.53,22.96,70.36,301,1,0,1,33.27,9,446.52,4356.24,2025,12,21,17,6,382.52,479.68,488.53,447.8133333333333,484.08125,60.88305542184933,-0.9659258262890684,-0.2588190451025206,-0.7818314824680299,0.6234898018587334,-1
2025-01-25 05:00:00,Block_B,Classroom,478.64,22.47,48.88,193,1,1,1,0.0,26,392.48,3829.1,2025,1,25,5,5,545.59,578.47,529.92,526.2333333333331,469.98,60.14010265892556,0.9659258262890684,0.2588190451025207,-0.9749279121818236,-0.2225209339563146,-1
2025-01-25 18:00:00,Block_B,Classroom,375.94,26.55,61.48,61,1,0,1,0.0,10,308.27,3007.54,2025,1,25,18,5,457.62,406.08,444.16,397.4999999999997,483.1345833333333,62.21959030088633,-1.0,-1.8369701987210292e-16,-0.9749279121818236,-0.2225209339563146,-1
2025-03-01 16:00:00,Block_B,Classroom,384.89,19.57,53.38,134,1,0,1,17.64,8,315.61,3079.16,2025,3,1,16,5,546.37,541.27,465.99,444.87999999999965,497.2,74.23501517653831,-0.8660254037844385,-0.5000000000000004,-0.9749279121818236,-0.2225209339563146,-1
2025-03-30 03:00:00,Block_B,Classroom,416.61,20.15,75.06,86,1,0,1,0.0,39,341.62,3332.88,2025,3,30,3,6,540.47,530.77,443.8,468.8966666666665,466.56625,62.100066429461215,0.7071067811865476,0.7071067811865476,-0.7818314824680299,0.6234898018587334,-1
2025-05-02 11:00:00,Block_B,Classroom,537.35,21.73,42.04,350,1,1,0,43.2,27,440.62,4298.78,2025,5,2,11,4,483.36,538.04,410.47,497.206666666666,502.8529166666667,50.38539897880855,0.258819045102521,-0.9659258262890682,-0.433883739117558,-0.9009688679024191,-1
2025-05-03 23:00:00,Block_B,Classroom,367.11,23.03,75.85,27,1,0,1,0.0,17,301.03,2936.85,2025,5,3,23,5,504.09,552.81,486.08,475.5233333333327,488.9354166666666,65.66995077355783,-0.2588190451025215,0.965925826289068,-0.9749279121818236,-0.2225209339563146,-1
2025-05-04 10:00:00,Block_B,Classroom,352.43,28.57,76.14,80,1,0,1,47.21,6,288.99,2819.46,2025,5,4,10,6,334.87,511.92,524.12,379.6633333333327,476.76,72.98098025006857,0.4999999999999999,-0.8660254037844387,-0.7818314824680299,0.6234898018587334,-1
2025-05-11 10:00:00,Block_B,Classroom,457.07,27.21,75.65,211,1,0,1,33.78,17,374.8,3656.6,2025,5,11,10,6,421.89,569.29,352.43,457.1666666666661,480.7937500000001,67.28027133872963,0.4999999999999999,-0.8660254037844387,-0.7818314824680299,0.6234898018587334,-1
2025-05-24 22:00:00,Block_B,Classroom,524.11,27.15,68.66,314,1,1,1,0.0,13,429.77,4192.92,2025,5,24,22,5,490.68,346.64,601.42,508.79333333333307,495.8133333333333,58.22412936729727,-0.5000000000000004,0.8660254037844384,-0.9749279121818236,-0.2225209339563146,-1
2025-08-02 09:00:00,Block_B,Classroom,528.06,26.9,91.05,330,1,0,1,1.54,19,433.01,4224.48,2025,8,2,9,5,416.72,384.03,506.95,463.46333333333337,487.64375,62.54128714992617,0.7071067811865476,-0.7071067811865475,-0.9749279121818236,-0.2225209339563146,-1
2025-08-31 17:00:00,Block_B,Classroom,377.04,20.8,60.34,30,1,1,1,23.17,9,309.17,3016.3,2025,8,31,17,6,513.68,528.58,555.76,475.8366666666669,496.6920833333333,64.59293035613632,-0.9659258262890684,-0.2588190451025206,-0.7818314824680299,0.6234898018587334,-1
2025-10-04 12:00:00,Block_B,Classroom,368.54,26.91,81.39,67,1,0,1,53.39,24,302.2,2948.34,2025,10,4,12,5,425.0,454.09,424.06,426.5066666666668,478.2175,68.54838311923079,1.2246467991473532e-16,-1.0,-0.9749279121818236,-0.2225209339563146,-1
2025-10-05 08:00:00,Block_B,Classroom,354.32,28.4,55.64,36,1,1,1,61.09,6,290.55,2834.6,2025,10,5,8,6,437.06,505.75,355.8,447.3166666666668,458.37375,59.970857184244245,0.8660254037844387,-0.4999999999999998,-0.7818314824680299,0.6234898018587334,-1
2025-11-03 15:00:00,Block_B,Classroom,353.18,32.32,96.3,54,1,0,0,77.52,12,289.61,2825.42,2025,11,3,15,0,425.92,455.27,401.9,383.50000000000045,464.1383333333333,67.94241120669555,-0.7071067811865471,-0.7071067811865479,0.0,1.0,-1
2025-12-07 11:00:00,Block_B,Classroom,329.87,26.06,81.09,71,1,0,1,34.43,6,270.49,2638.92,2025,12,7,11,6,464.66,462.28,474.03,457.5333333333336,471.26666666666665,71.76135357326173,0.258819045102521,-0.9659258262890682,-0.7818314824680299,0.6234898018587334,-1
2025-12-21 17:00:00,Block_B,Classroom,394.55,22.96,70.36,78,1,0,1,50.15,28,323.53,3156.36,2025,12,21,17,6,525.22,421.08,440.32,440.7600000000004,480.7191666666667,61.08796073778754,-0.9659258262890684,-0.2588190451025206,-0.7818314824680299,0.6234898018587334,-1
2025-01-11 13:00:00,Cafeteria,Cafeteria,346.85,23.85,75.22,72,1,0,1,49.26,27,284.41,2774.78,2025,1,11,13,5,293.46,475.37,417.16,353.3866666666666,419.1858333333333,64.03490127956837,-0.2588190451025208,-0.9659258262890684,-0.9749279121818236,-0.2225209339563146,-1
2025-01-12 17:00:00,Cafeteria,Cafeteria,477.13,24.82,78.99,359,1,0,1,42.29,37,391.25,3817.05,2025,1,12,17,6,497.63,359.77,529.47,490.7133333333333,445.9379166666667,63.0415296506073,-0.9659258262890684,-0.2588190451025206,-0.7818314824680299,0.6234898018587334,-1
2025-01-18 00:00:00,Cafeteria,Cafeteria,392.35,32.67,62.55,62,1,0,1,0.0,22,321.73,3138.8,2025,1,18,0,5,296.44,472.35,406.53,398.74000000000007,420.85833333333335,64.21189444647914,0.0,1.0,-0.9749279121818236,-0.2225209339563146,-1
2025-01-19 00:00:00,Cafeteria,Cafeteria,365.73,26.12,59.32,42,0,1,1,0.0,10,299.9,2925.81,2025,1,19,0,6,479.9,392.35,378.8,410.31,455.9,52.14962011617023,0.0,1.0,-0.7818314824680299,0.6234898018587334,-1
2025-01-19 23:00:00,Cafeteria,Cafeteria,507.99,33.26,61.96,254,1,0,1,0.0,17,416.55,4063.9,2025,1,19,23,6,392.22,479.9,370.53,450.89,416.5258333333333,64.6939353999755,-0.2588190451025215,0.965925826289068,-0.7818314824680299,0.6234898018587334,-1
2025-01-25 04:00:00,Cafeteria,Cafeteria,381.19,23.53,50.42,180,1,0,1,0.0,17,312.58,3049.54,2025,1,25,4,5,369.65,362.93,429.16,387.2166666666666,446.3933333333334,57.80690937089168,0.8660254037844386,0.5000000000000001,-0.9749279121818236,-0.2225209339563146,-1
2025-01-25 05:00:00,Cafeteria,Cafeteria,470.13,22.47,48.88,264,1,1,1,0.0,22,385.51,3761.08,2025,1,25,5,5,381.19,540.07,505.91,406.99,443.4791666666667,54.55033032352586,0.9659258262890684,0.2588190451025207,-0.9749279121818236,-0.2225209339563146,-1
2025-02-04 19:00:00,Cafeteria,Cafeteria,377.2,20.81,49.88,82,1,0,0,0.0,29,309.3,3017.58,2025,2,4,19,1,326.39,450.79,514.57,413.7733333333333,423.815,58.99897979958019,-0.9659258262890684,0.2588190451025203,0.7818314824680298,0.6234898018587336,-1
2025-02-09 04:00:00,Cafeteria,Cafeteria,498.0,25.09,73.36,292,1,0,1,0.0,20,408.36,3983.99,2025,2,9,4,6,524.38,381.89,338.74,465.5266666666666,432.8825,60.55935236357497,0.8660254037844386,0.5000000000000001,-0.7818314824680299,0.6234898018587334,-1
2025-02-15 15:00:00,Cafeteria,Cafeteria,343.14,29.28,57.68,121,1,0,1,31.43,9,281.38,2745.13,2025,2,15,15,5,428.67,428.31,443.61,375.1366666666667,434.9904166666667,60.08911964589616,-0.7071067811865471,-0.7071067811865479,-0.9749279121818236,-0.2225209339563146,-1
2025-02-16 20:00:00,Cafeteria,Cafeteria,434.17,23.08,46.7,91,1,0,1,0.0,28,356.02,3473.37,2025,2,16,20,6,513.52,456.74,349.2,488.9833333333332,464.1520833333333,60.84122150813121,-0.8660254037844386,0.5000000000000001,-0.7818314824680299,0.6234898018587334,-1
2025-02-18 17:00:00,Cafeteria,Cafeteria,356.93,31.8,98.37,77,1,0,0,63.78,22,292.68,2855.42,2025,2,18,17,1,475.02,509.38,501.85,438.9599999999999,457.3079166666666,62.404702371534,-0.9659258262890684,-0.2588190451025206,0.7818314824680298,0.6234898018587336,-1
2025-02-22 00:00:00,Cafeteria,Cafeteria,460.33,31.36,51.51,181,1,0,1,0.0,38,377.47,3682.6,2025,2,22,0,5,374.06,422.92,461.76,448.6233333333333,434.26708333333335,57.93617548866717,0.0,1.0,-0.9749279121818236,-0.2225209339563146,-1
2025-02-22 18:00:00,Cafeteria,Cafeteria,363.88,29.33,68.06,27,1,0,1,0.0,30,298.38,2911.04,2025,2,22,18,5,471.03,504.83,389.4,415.2833333333333,441.9270833333333,49.82530721379753,-1.0,-1.8369701987210292e-16,-0.9749279121818236,-0.2225209339563146,-1
2025-02-23 15:00:00,Cafeteria,Cafeteria,357.69,36.0,70.01,72,1,0,1,29.81,5,293.31,2861.53,2025,2,23,15,6,341.62,384.4,503.3,354.95,427.7708333333333,52.76111042414118,-0.7071067811865471,-0.7071067811865479,-0.7818314824680299,0.6234898018587334,-1
2025-02-24 10:00:00,Cafeteria,Cafeteria,414.59,29.16,57.59,241,1,1,0,30.49,14,339.97,3316.74,2025,2,24,10,0,432.25,408.51,350.14,411.8633333333333,429.96875,59.06144540351335,0.4999999999999999,-0.8660254037844387,0.0,1.0,-1
2025-02-28 00:00:00,Cafeteria,Cafeteria,498.35,33.77,53.91,283,1,0,0,0.0,9,408.65,3986.83,2025,2,28,0,4,529.03,527.71,422.92,478.4466666666667,434.2708333333333,69.38842040450197,0.0,1.0,-0.433883739117558,-0.9009688679024191,-1
2025-03-01 05:00:00,Cafeteria,Cafeteria,449.72,30.49,63.19,99,1,0,1,0.0,33,368.77,3597.79,2025,3,1,5,5,511.92,352.95,477.51,452.1266666666667,397.2937500000001,59.32223916238424,0.9659258262890684,0.2588190451025207,-0.9749279121818236,-0.2225209339563146,-1
2025-03-01 16:00:00,Cafeteria,Cafeteria,438.57,19.57,53.38,296,1,0,1,57.03,15,359.63,3508.54,2025,3,1,16,5,464.55,315.75,410.94,437.0866666666668,421.40333333333336,55.497188543491895,-0.8660254037844385,-0.5000000000000004,-0.9749279121818236,-0.2225209339563146,-1
2025-03-03 01:00:00,Cafeteria,Cafeteria,354.73,24.13,71.11,21,1,0,0,0.0,37,290.88,2837.84,2025,3,3,1,0,538.39,467.06,520.4,435.1133333333334,428.0058333333333,65.80502788486261,0.2588190451025207,0.9659258262890684,0.0,1.0,-1
2025-03-08 00:00:00,Cafeteria,Cafeteria,349.37,25.62,61.72,26,0,1,1,0.0,17,286.48,2794.94,2025,3,8,0,5,392.24,437.83,328.96,375.6533333333334,429.9225,54.10312915888158,0.0,1.0,-0.9749279121818236,-0.2225209339563146,-1
2025-03-08 16:00:00,Cafeteria,Cafeteria,525.26,30.01,82.88,394,1,0,1,21.53,37,430.71,4202.09,2025,3,8,16,5,547.56,400.76,438.57,473.29333333333335,428.23083333333335,67.85238754036256,-0.8660254037844385,-0.5000000000000004,-0.9749279121818236,-0.2225209339563146,-1
2025-03-09 00:00:00,Cafeteria,Cafeteria,359.72,23.39,63.63,21,1,0,1,0.0,23,294.97,2877.79,2025,3,9,0,6,526.38,349.37,366.64,437.94333333333344,436.2158333333333,70.68278462789678,0.0,1.0,-0.7818314824680299,0.6234898018587334,-1
2025-03-10 23:00:00,Cafeteria,Cafeteria,343.75,29.44,58.19,75,0,1,0,0.0,8,281.87,2749.97,2025,3,10,23,0,374.08,393.5,412.24,374.9566666666668,426.5516666666667,73.9704111624117,-0.2588190451025215,0.965925826289068,0.0,1.0,-1
2025-03-16 18:00:00,Cafeteria,Cafeteria,419.08,35.23,46.08,113,1,0,1,0.0,29,343.64,3352.63,2025,3,16,18,6,355.5,496.24,433.99,396.29,439.8525,67.25304177701479,-1.0,-1.8369701987210292e-16,-0.7818314824680299,0.6234898018587334,-1
2025-03-21 03:00:00,Cafeteria,Cafeteria,526.68,27.77,54.32,321,1,1,0,0.0,32,431.87,4213.41,2025,3,21,3,4,399.33,466.31,397.9,463.63,445.9270833333333,77.0970720404489,0.7071067811865476,0.7071067811865476,-0.433883739117558,-0.9009688679024191,-1
2025-03-30 03:00:00,Cafeteria,Cafeteria,411.29,20.15,75.06,149,1,0,1,0.0,29,337.26,3290.36,2025,3,30,3,6,372.9,448.81,375.05,428.8799999999999,438.325,57.58921487192922,0.7071067811865476,0.7071067811865476,-0.7818314824680299,0.6234898018587334,-1
2025-03-30 11:00:00,Cafeteria,Cafeteria,382.64,32.36,84.55,92,1,0,1,37.45,37,313.77,3061.16,2025,3,30,11,6,453.08,537.48,389.73,406.12666666666655,435.3845833333334,59.01552861078309,0.258819045102521,-0.9659258262890682,-0.7818314824680299,0.6234898018587334,-1
2025-04-03 23:00:00,Cafeteria,Cafeteria,553.73,19.74,55.18,386,1,0,0,0.0,36,454.06,4429.88,2025,4,3,23,3,483.52,456.17,447.45,503.8666666666666,444.60041666666666,63.087919981918354,-0.2588190451025215,0.965925826289068,0.4338837391175582,-0.900968867902419,-1
2025-04-04 00:00:00,Cafeteria,Cafeteria,501.25,23.79,51.79,338,1,0,0,0.0,33,411.02,4009.98,2025,4,4,0,4,553.73,348.66,374.55,512.8333333333334,450.9583333333333,60.64021736701521,0.0,1.0,-0.433883739117558,-0.9009688679024191,-1
2025-04-06 17:00:00,Cafeteria,Cafeteria,309.37,27.28,54.85,37,0,1,1,30.68,16,253.68,2474.96,2025,4,6,17,6,459.99,446.94,481.86,384.5199999999999,435.4304166666666,68.73250774966657,-0.9659258262890684,-0.2588190451025206,-0.7818314824680299,0.6234898018587334,-1
2025-04-20 11:00:00,Cafeteria,Cafeteria,392.66,34.54,67.81,122,1,0,1,20.49,24,321.98,3141.26,2025,4,20,11,6,493.15,406.68,318.76,420.91666666666646,428.29833333333335,59.17478705655312,0.258819045102521,-0.9659258262890682,-0.7818314824680299,0.6234898018587334,-1
2025-04-20 13:00:00,Cafeteria,Cafeteria,319.08,22.8,62.88,104,0,1,1,56.16,9,261.65,2552.65,2025,4,20,13,6,444.67,434.72,517.14,385.4699999999998,420.8070833333333,60.742837150039534,-0.2588190451025208,-0.9659258262890684,-0.7818314824680299,0.6234898018587334,-1
2025-04-25 09:00:00,Cafeteria,Cafeteria,384.11,31.91,60.91,102,1,1,0,29.14,36,314.97,3072.91,2025,4,25,9,4,424.07,484.14,466.97,395.383333333333,454.7245833333333,64.10493448952137,0.7071067811865476,-0.7071067811865475,-0.433883739117558,-0.9009688679024191,-1
2025-04-25 15:00:00,Cafeteria,Cafeteria,519.06,33.39,54.02,371,1,0,0,33.13,20,425.63,4152.49,2025,4,25,15,4,282.2,477.39,376.11,381.2566666666664,440.71583333333336,75.76780731525977,-0.7071067811865471,-0.7071067811865479,-0.433883739117558,-0.9009688679024191,-1
2025-04-26 16:00:00,Cafeteria,Cafeteria,338.53,31.53,62.8,28,1,0,1,48.71,38,277.6,2708.27,2025,4,26,16,5,349.94,467.87,393.58,388.9333333333331,435.4141666666666,67.47865304425301,-0.8660254037844385,-0.5000000000000004,-0.9749279121818236,-0.2225209339563146,-1
2025-04-26 21:00:00,Cafeteria,Cafeteria,306.69,31.23,87.15,26,0,0,1,0.0,17,251.48,2453.51,2025,4,26,21,5,478.91,396.91,504.91,424.393333333333,424.1854166666667,75.77563908064188,-0.7071067811865477,0.7071067811865474,-0.9749279121818236,-0.2225209339563146,-1
2025-04-30 08:00:00,Cafeteria,Cafeteria,418.42,32.89,45.58,151,1,1,0,57.69,28,343.1,3347.36,2025,4,30,8,2,362.09,452.44,393.16,433.3699999999997,421.5279166666666,68.03831407690461,0.8660254037844387,-0.4999999999999998,0.9749279121818236,-0.2225209339563143,-1
2025-05-02 11:00:00,Cafeteria,Cafeteria,453.78,21.73,42.04,319,1,1,0,15.85,27,372.1,3630.28,2025,5,2,11,4,375.9,370.68,320.39,435.8899999999998,442.53375,49.89662137316046,0.258819045102521,-0.9659258262890682,-0.433883739117558,-0.9009688679024191,-1
2025-05-03 11:00:00,Cafeteria,Cafeteria,295.78,25.8,71.85,37,0,1,1,67.4,22,242.54,2366.26,2025,5,3,11,5,381.92,453.78,509.66,337.5333333333331,426.6279166666666,62.12912339420113,0.258819045102521,-0.9659258262890682,-0.9749279121818236,-0.2225209339563146,-1
2025-05-03 23:00:00,Cafeteria,Cafeteria,437.26,23.03,75.85,250,1,0,1,0.0,27,358.55,3498.08,2025,5,3,23,5,522.31,495.95,358.86,463.8233333333331,435.64125,64.2209619247756,-0.2588190451025215,0.965925826289068,-0.9749279121818236,-0.2225209339563146,-1
2025-05-04 10:00:00,Cafeteria,Cafeteria,468.26,28.57,76.14,338,1,0,1,54.07,32,383.97,3746.09,2025,5,4,10,6,340.81,381.92,362.9,391.6366666666664,427.6454166666667,63.21623793733111,0.4999999999999999,-0.8660254037844387,-0.7818314824680299,0.6234898018587334,-1
2025-05-10 10:00:00,Cafeteria,Cafeteria,371.87,35.41,69.37,67,1,0,1,20.77,35,304.94,2974.98,2025,5,10,10,5,489.6,336.04,381.92,439.32999999999976,430.98625,43.19240913708354,0.4999999999999999,-0.8660254037844387,-0.9749279121818236,-0.2225209339563146,-1
2025-05-24 00:00:00,Cafeteria,Cafeteria,451.49,37.31,84.39,179,0,1,1,0.0,19,370.22,3611.9,2025,5,24,0,5,523.89,364.56,527.43,434.95999999999975,445.32125,74.94522105671022,0.0,1.0,-0.9749279121818236,-0.2225209339563146,-1
2025-05-24 22:00:00,Cafeteria,Cafeteria,466.18,27.15,68.66,270,1,1,1,0.0,21,382.27,3729.45,2025,5,24,22,5,365.47,329.5,476.54,449.0066666666664,454.00250000000005,58.387884408087686,-0.5000000000000004,0.8660254037844384,-0.9749279121818236,-0.2225209339563146,-1
2025-05-25 07:00:00,Cafeteria,Cafeteria,532.38,17.24,44.64,388,0,1,1,22.54,35,436.55,4259.06,2025,5,25,7,6,554.33,403.7,423.67,504.853333333333,455.88208333333336,61.98218411483226,0.9659258262890684,-0.2588190451025206,-0.7818314824680299,0.6234898018587334,-1
2025-06-01 05:00:00,Cafeteria,Cafeteria,334.6,23.63,66.01,22,1,0,1,0.0,8,274.37,2676.8,2025,6,1,5,6,401.33,349.31,427.85,419.17999999999984,420.6908333333333,64.89954263365799,0.9659258262890684,0.2588190451025207,-0.7818314824680299,0.6234898018587334,-1
2025-06-01 09:00:00,Cafeteria,Cafeteria,522.27,26.8,69.6,364,1,0,1,40.1,30,428.26,4178.13,2025,6,1,9,6,445.97,367.09,490.71,463.2633333333332,421.535,68.82494479537905,0.7071067811865476,-0.7071067811865475,-0.7818314824680299,0.6234898018587334,-1
2025-06-08 16:00:00,Cafeteria,Cafeteria,329.99,30.1,48.86,74,1,0,1,76.59,20,270.59,2639.88,2025,6,8,16,6,421.25,464.56,422.8,386.3999999999998,447.0945833333333,66.24890010435091,-0.8660254037844385,-0.5000000000000004,-0.7818314824680299,0.6234898018587334,-1
2025-06-21 17:00:00,Cafeteria,Cafeteria,487.3,38.78,62.92,263,1,0,1,18.9,26,399.59,3898.43,2025,6,21,17,5,448.83,436.34,355.11,453.27333333333314,438.4775,72.25594870952197,-0.9659258262890684,-0.2588190451025206,-0.9749279121818236,-0.2225209339563146,-1
2025-06-28 23:00:00,Cafeteria,Cafeteria,345.79,24.38,76.21,118,1,0,1,0.0,15,283.55,2766.3,2025,6,28,23,5,465.43,499.49,446.33,388.02333333333326,433.5579166666667,73.14785770462036,-0.2588190451025215,0.965925826289068,-0.9749279121818236,-0.2225209339563146,-1
2025-07-12 01:00:00,Cafeteria,Cafeteria,390.27,25.56,50.19,119,1,1,1,0.0,19,320.02,3122.15,2025,7,12,1,5,443.87,495.99,465.45,428.28666666666646,434.31,74.26217388122467,0.2588190451025207,0.9659258262890684,-0.9749279121818236,-0.2225209339563146,-1
2025-07-13 18:00:00,Cafeteria,Cafeteria,537.13,27.83,84.08,384,1,0,1,0.0,31,440.44,4297.02,2025,7,13,18,6,431.74,474.13,347.87,456.5499999999998,431.5654166666666,65.95527733634755,-1.0,-1.8369701987210292e-16,-0.7818314824680299,0.6234898018587334,-1
2025-07-27 20:00:00,Cafeteria,Cafeteria,480.67,29.27,72.28,273,1,0,1,0.0,21,394.15,3845.35,2025,7,27,20,6,477.19,521.91,535.4,458.0833333333331,449.95666666666665,66.74794220353013,-0.8660254037844386,0.5000000000000001,-0.7818314824680299,0.6234898018587334,-1
2025-08-02 09:00:00,Cafeteria,Cafeteria,542.24,26.9,91.05,390,1,0,1,53.99,33,444.64,4337.95,2025,8,2,9,5,340.2,362.74,378.88,429.883333333333,429.9166666666667,59.68196360467871,0.7071067811865476,-0.7071067811865475,-0.9749279121818236,-0.2225209339563146,-1
2025-08-09 00:00:00,Cafeteria,Cafeteria,432.85,33.0,62.94,125,1,0,1,0.0,33,354.94,3462.8,2025,8,9,0,5,418.03,446.65,498.15,432.8233333333331,433.0820833333334,37.55886347995421,0.0,1.0,-0.9749279121818236,-0.2225209339563146,-1
2025-08-09 01:00:00,Cafeteria,Cafeteria,326.4,23.85,55.14,25,1,0,1,0.0,26,267.65,2611.21,2025,8,9,1,5,432.85,458.1,342.99,392.4266666666665,427.5945833333333,42.97513750178293,0.2588190451025207,0.9659258262890684,-0.9749279121818236,-0.2225209339563146,-1
2025-08-09 05:00:00,Cafeteria,Cafeteria,447.19,28.94,55.32,278,1,0,1,0.0,11,366.69,3577.49,2025,8,9,5,5,451.05,438.37,394.64,410.6833333333331,420.6529166666666,47.95173882499608,0.9659258262890684,0.2588190451025207,-0.9749279121818236,-0.2225209339563146,-1
2025-08-10 11:00:00,Cafeteria,Cafeteria,346.71,27.21,51.21,150,1,0,1,46.01,5,284.3,2773.65,2025,8,10,11,6,339.35,473.23,397.16,359.8466666666664,419.7116666666666,66.13326543504037,0.258819045102521,-0.9659258262890682,-0.7818314824680299,0.6234898018587334,-1
2025-08-11 08:00:00,Cafeteria,Cafeteria,326.67,29.8,59.11,55,1,0,0,36.3,8,267.87,2613.33,2025,8,11,8,0,463.21,436.72,403.19,402.0766666666664,414.01625,62.51799823024925,0.8660254037844387,-0.4999999999999998,0.0,1.0,-1
2025-08-15 21:00:00,Cafeteria,Cafeteria,375.4,29.14,64.09,67,1,1,0,0.0,9,307.83,3003.18,2025,8,15,21,4,472.84,500.39,405.28,461.703333333333,431.3083333333333,56.26020646855201,-0.7071067811865477,0.7071067811865474,-0.433883739117558,-0.9009688679024191,-1
2025-08-17 03:00:00,Cafeteria,Cafeteria,508.0,27.19,54.15,298,1,0,1,0.0,31,416.56,4063.98,2025,8,17,3,6,414.22,429.28,493.07,475.33999999999975,439.3941666666667,55.15750222271945,0.7071067811865476,0.7071067811865476,-0.7818314824680299,0.6234898018587334,-1
2025-08-18 11:00:00,Cafeteria,Cafeteria,338.03,32.46,71.82,65,1,0,0,74.74,9,277.18,2704.23,2025,8,18,11,0,396.54,449.62,443.48,401.4199999999998,417.8225,74.55824430254728,0.258819045102521,-0.9659258262890682,0.0,1.0,-1
2025-08-23 23:00:00,Cafeteria,Cafeteria,496.16,23.81,59.59,352,0,1,1,0.0,6,406.85,3969.24,2025,8,23,23,5,543.56,324.57,511.6,520.2066666666664,454.61958333333337,67.53214335985021,-0.2588190451025215,0.965925826289068,-0.9749279121818236,-0.2225209339563146,-1
2025-08-24 20:00:00,Cafeteria,Cafeteria,492.76,31.97,56.67,311,1,0,1,0.0,24,404.06,3942.05,2025,8,24,20,6,410.47,483.61,592.03,475.9699999999998,455.57666666666665,68.03086656656005,-0.8660254037844386,0.5000000000000001,-0.7818314824680299,0.6234898018587334,-1
2025-08-30 18:00:00,Cafeteria,Cafeteria,564.94,29.84,73.02,324,1,0,1,0.0,36,463.25,4519.49,2025,8,30,18,5,457.04,515.49,524.47,506.3899999999998,421.87416666666667,68.82228562955054,-1.0,-1.8369701987210292e-16,-0.9749279121818236,-0.2225209339563146,-1
2025-08-31 17:00:00,Cafeteria,Cafeteria,451.44,20.8,60.34,232,1,1,1,45.58,36,370.18,3611.48,2025,8,31,17,6,498.37,457.04,378.65,483.17999999999984,444.8454166666667,70.87046112936216,-0.9659258262890684,-0.2588190451025206,-0.7818314824680299,0.6234898018587334,-1
2025-09-05 06:00:00,Cafeteria,Cafeteria,516.35,29.59,94.77,275,1,0,0,0.0,27,423.41,4130.83,2025,9,5,6,4,371.52,509.72,420.28,439.2366666666665,458.455,65.67770556814273,1.0,6.123233995736766e-17,-0.433883739117558,-0.9009688679024191,-1
2025-09-08 03:00:00,Cafeteria,Cafeteria,549.46,27.5,46.73,391,1,0,0,0.0,39,450.55,4395.65,2025,9,8,3,0,432.96,449.48,403.66,477.5433333333333,432.3008333333334,68.7145059627893,0.7071067811865476,0.7071067811865476,0.0,1.0,-1
2025-09-13 15:00:00,Cafeteria,Cafeteria,453.93,38.49,65.14,217,1,0,1,50.19,39,372.22,3631.43,2025,9,13,15,5,391.76,399.38,412.18,447.49999999999983,443.59375,55.17110269228466,-0.7071067811865471,-0.7071067811865479,-0.9749279121818236,-0.2225209339563146,-1
2025-09-15 03:00:00,Cafeteria,Cafeteria,361.75,29.43,72.7,44,1,0,0,0.0,28,296.64,2894.0,2025,9,15,3,0,347.94,544.61,549.46,393.4166666666665,432.4766666666667,56.46809554512003,0.7071067811865476,0.7071067811865476,0.0,1.0,-1
2025-09-27 13:00:00,Cafeteria,Cafeteria,345.94,24.71,78.77,88,1,0,1,46.8,29,283.67,2767.5,2025,9,27,13,5,448.33,444.18,307.98,390.1599999999999,441.4470833333333,68.93690167727546,-0.2588190451025208,-0.9659258262890684,-0.9749279121818236,-0.2225209339563146,-1
2025-09-28 05:00:00,Cafeteria,Cafeteria,516.25,31.72,63.14,314,1,0,1,0.0,35,423.33,4130.02,2025,9,28,5,6,537.89,533.54,543.42,486.0566666666667,445.00458333333336,71.6565809338068,0.9659258262890684,0.2588190451025207,-0.7818314824680299,0.6234898018587334,-1
2025-09-28 12:00:00,Cafeteria,Cafeteria,502.58,34.17,80.1,242,1,0,1,54.16,30,412.11,4020.63,2025,9,28,12,6,387.05,448.33,375.68,410.6433333333334,446.4570833333333,74.9306723914596,1.2246467991473532e-16,-1.0,-0.7818314824680299,0.6234898018587334,-1
2025-10-01 06:00:00,Cafeteria,Cafeteria,534.32,31.26,33.83,327,1,0,0,0.0,17,438.14,4274.58,2025,10,1,6,2,497.94,412.96,469.31,513.8666666666667,459.1608333333333,64.87532879478805,1.0,6.123233995736766e-17,0.9749279121818236,-0.2225209339563143,-1
2025-10-04 02:00:00,Cafeteria,Cafeteria,495.51,30.56,73.85,289,1,0,1,0.0,29,406.32,3964.1,2025,10,4,2,5,562.84,417.89,438.52,506.6933333333334,428.0645833333333,64.85059022085159,0.4999999999999999,0.8660254037844387,-0.9749279121818236,-0.2225209339563146,-1
2025-10-04 12:00:00,Cafeteria,Cafeteria,517.71,26.91,81.39,388,1,0,1,38.9,26,424.52,4141.68,2025,10,4,12,5,503.86,519.89,448.33,452.7066666666667,436.0558333333333,67.13118817183525,1.2246467991473532e-16,-1.0,-0.9749279121818236,-0.2225209339563146,-1
2025-10-04 19:00:00,Cafeteria,Cafeteria,401.87,32.82,68.15,151,1,0,1,0.0,11,329.54,3214.99,2025,10,4,19,5,475.34,451.3,527.19,410.6033333333333,433.86875,73.40418690300537,-0.9659258262890684,0.2588190451025203,-0.9749279121818236,-0.2225209339563146,-1
2025-10-05 08:00:00,Cafeteria,Cafeteria,335.68,28.4,55.64,28,1,1,1,50.81,39,275.25,2685.41,2025,10,5,8,6,385.81,503.38,464.19,372.0533333333333,423.2395833333333,62.81538689090195,0.8660254037844387,-0.4999999999999998,-0.7818314824680299,0.6234898018587334,-1
2025-10-05 12:00:00,Cafeteria,Cafeteria,416.96,29.81,73.44,245,1,0,1,80.32,11,341.9,3335.64,2025,10,5,12,6,370.48,517.71,502.58,416.3500000000001,417.8541666666667,56.09196244961807,1.2246467991473532e-16,-1.0,-0.7818314824680299,0.6234898018587334,-1
2025-10-12 21:00:00,Cafeteria,Cafeteria,387.07,27.59,65.19,95,1,0,1,0.0,20,317.4,3096.56,2025,10,12,21,6,418.83,379.35,474.88,444.9,455.38999999999993,60.49675133210953,-0.7071067811865477,0.7071067811865474,-0.7818314824680299,0.6234898018587334,-1
2025-10-13 03:00:00,Cafeteria,Cafeteria,480.01,31.9,79.43,319,1,0,0,0.0,19,393.6,3840.05,2025,10,13,3,0,443.85,501.08,409.68,480.49000000000007,460.2433333333333,55.74138698658614,0.7071067811865476,0.7071067811865476,0.0,1.0,-1
2025-10-19 14:00:00,Cafeteria,Cafeteria,404.98,26.29,59.47,227,1,0,1,55.73,15,332.09,3239.85,2025,10,19,14,6,332.86,550.19,400.7,389.0466666666668,428.9675,61.660773398385125,-0.4999999999999997,-0.8660254037844388,-0.7818314824680299,0.6234898018587334,-1
2025-10-25 15:00:00,Cafeteria,Cafeteria,320.57,20.24,55.78,85,0,1,1,32.88,17,262.87,2564.57,2025,10,25,15,5,507.46,473.54,509.54,416.8533333333333,430.5058333333334,54.6610103405463,-0.7071067811865471,-0.7071067811865479,-0.9749279121818236,-0.2225209339563146,-1
2025-10-27 21:00:00,Cafeteria,Cafeteria,432.05,30.38,58.99,158,1,0,0,0.0,8,354.28,3456.36,2025,10,27,21,0,541.57,364.91,538.33,482.1866666666667,449.285,57.07700869648939,-0.7071067811865477,0.7071067811865474,0.0,1.0,-1
2025-11-02 23:00:00,Cafeteria,Cafeteria,354.32,30.11,45.73,26,0,0,1,0.0,26,290.54,2834.56,2025,11,2,23,6,475.23,504.2,411.81,437.97666666666674,436.1854166666666,48.551932749705394,-0.2588190451025215,0.965925826289068,-0.7818314824680299,0.6234898018587334,-1
2025-11-03 15:00:00,Cafeteria,Cafeteria,371.27,32.32,96.3,119,1,0,0,48.0,8,304.44,2970.18,2025,11,3,15,0,341.36,440.75,391.86,368.3033333333335,438.05,53.26203305561494,-0.7071067811865471,-0.7071067811865479,0.0,1.0,-1
2025-11-08 11:00:00,Cafeteria,Cafeteria,480.74,23.0,49.54,306,1,0,1,40.8,38,394.2,3845.9,2025,11,8,11,5,434.15,463.57,413.99,467.00000000000017,462.2991666666667,44.21434175317635,0.258819045102521,-0.9659258262890682,-0.9749279121818236,-0.2225209339563146,-1
2025-11-15 16:00:00,Cafeteria,Cafeteria,387.43,33.23,55.07,72,1,1,1,33.82,36,317.7,3099.48,2025,11,15,16,5,448.05,476.75,550.08,385.4766666666669,417.92041666666665,58.26623069110705,-0.8660254037844385,-0.5000000000000004,-0.9749279121818236,-0.2225209339563146,-1
2025-11-17 12:00:00,Cafeteria,Cafeteria,288.56,28.57,55.06,23,1,1,0,79.2,16,236.62,2308.45,2025,11,17,12,0,444.89,414.62,462.63,415.8133333333336,431.9404166666666,59.53696400075801,1.2246467991473532e-16,-1.0,0.0,1.0,-1
2025-11-19 07:00:00,Cafeteria,Cafeteria,314.77,25.55,59.55,38,1,0,0,72.16,28,258.11,2518.14,2025,11,19,7,2,424.01,503.6,483.4,380.0066666666669,429.9570833333334,68.35800970715287,0.9659258262890684,-0.2588190451025206,0.9749279121818236,-0.2225209339563143,-1
2025-11-19 23:00:00,Cafeteria,Cafeteria,428.08,24.29,35.59,219,1,0,0,0.0,17,351.02,3424.6,2025,11,19,23,2,385.26,433.56,520.62,397.7233333333335,432.64125000000007,63.350819377186326,-0.2588190451025215,0.965925826289068,0.9749279121818236,-0.2225209339563143,-1
2025-11-22 16:00:00,Cafeteria,Cafeteria,299.15,24.94,54.18,33,0,1,1,10.1,9,245.3,2393.17,2025,11,22,16,5,357.67,428.6,387.43,354.45333333333355,412.91625,58.31349346513833,-0.8660254037844385,-0.5000000000000004,-0.9749279121818236,-0.2225209339563146,-1
2025-11-23 01:00:00,Cafeteria,Cafeteria,338.07,24.03,74.86,46,1,0,1,0.0,14,277.21,2704.52,2025,11,23,1,6,440.69,532.0,474.6,402.1933333333336,418.1091666666666,58.763148457742616,0.2588190451025207,0.9659258262890684,-0.7818314824680299,0.6234898018587334,-1
2025-11-24 14:00:00,Cafeteria,Cafeteria,342.98,26.72,85.72,83,1,0,0,34.2,14,281.25,2743.88,2025,11,24,14,0,386.39,500.65,391.42,370.4300000000003,441.03541666666666,58.10369066921718,-0.4999999999999997,-0.8660254037844388,0.0,1.0,-1
2025-11-27 17:00:00,Cafeteria,Cafeteria,372.17,29.8,66.71,62,1,1,0,50.93,38,305.18,2977.36,2025,11,27,17,3,340.3,363.16,322.23,386.8833333333336,412.79375,43.60869297189968,-0.9659258262890684,-0.2588190451025206,0.4338837391175582,-0.900968867902419,-1
2025-11-30 22:00:00,Cafeteria,Cafeteria,376.85,28.23,63.71,107,1,0,1,0.0,16,309.01,3014.78,2025,11,30,22,6,549.58,457.91,476.04,472.6033333333335,445.0954166666666,63.558888611727525,-0.5000000000000004,0.8660254037844384,-0.7818314824680299,0.6234898018587334,-1
2025-12-02 02:00:00,Cafeteria,Cafeteria,412.13,24.48,64.7,149,1,0,0,0.0,35,337.95,3297.03,2025,12,2,2,1,402.63,434.01,381.94,409.3333333333335,432.59375,55.20781260186494,0.4999999999999999,0.8660254037844387,0.7818314824680298,0.6234898018587336,-1
2025-12-02 20:00:00,Cafeteria,Cafeteria,396.71,28.92,80.21,27,1,0,0,0.0,9,325.3,3173.69,2025,12,2,20,1,508.31,523.67,450.84,434.7966666666668,422.83541666666673,43.43352551830576,-0.8660254037844386,0.5000000000000001,0.7818314824680298,0.6234898018587336,-1
2025-12-07 11:00:00,Cafeteria,Cafeteria,511.2,26.06,81.09,321,1,0,1,22.25,33,419.19,4089.63,2025,12,7,11,6,351.48,395.35,360.08,470.76000000000016,445.26625,70.15667341355719,0.258819045102521,-0.9659258262890682,-0.7818314824680299,0.6234898018587334,-1
2025-12-07 15:00:00,Cafeteria,Cafeteria,470.92,27.92,61.16,196,1,0,1,18.39,37,386.15,3767.37,2025,12,7,15,6,414.45,390.18,477.48,421.7666666666668,443.46333333333337,70.3374596632837,-0.7071067811865471,-0.7071067811865479,-0.7818314824680299,0.6234898018587334,-1
2025-12-14 04:00:00,Cafeteria,Cafeteria,384.16,30.06,49.4,96,1,0,1,0.0,24,315.01,3073.29,2025,12,14,4,6,408.13,346.2,456.45,428.7366666666669,428.41125,60.33231013475027,0.8660254037844386,0.5000000000000001,-0.7818314824680299,0.6234898018587334,-1
2025-12-14 13:00:00,Cafeteria,Cafeteria,335.01,32.29,48.28,67,0,1,1,61.78,36,274.71,2680.08,2025,12,14,13,6,416.64,396.53,379.93,380.50000000000017,430.59625,69.6840719004743,-0.2588190451025208,-0.9659258262890684,-0.7818314824680299,0.6234898018587334,-1
2025-12-19 02:00:00,Cafeteria,Cafeteria,351.73,27.33,55.93,43,1,0,0,0.0,7,288.42,2813.82,2025,12,19,2,4,404.11,366.22,446.92,391.5033333333336,439.43625,58.95911028268749,0.4999999999999999,0.8660254037844387,-0.433883739117558,-0.9009688679024191,-1
2025-12-21 04:00:00,Cafeteria,Cafeteria,343.03,24.62,62.06,67,1,0,1,0.0,5,281.29,2744.25,2025,12,21,4,6,446.36,333.9,384.16,403.16666666666697,430.53625000000005,50.48997789596287,0.8660254037844386,0.5000000000000001,-0.7818314824680299,0.6234898018587334,-1
2025-12-21 17:00:00,Cafeteria,Cafeteria,418.81,22.96,70.36,233,1,0,1,42.75,13,343.43,3350.5,2025,12,21,17,6,374.8,419.02,428.95,394.7866666666669,425.6662500000001,51.93271230222102,-0.9659258262890684,-0.2588190451025206,-0.7818314824680299,0.6234898018587334,-1
2025-12-28 23:00:00,Cafeteria,Cafeteria,366.66,25.37,62.97,61,0,1,1,0.0,10,300.66,2933.28,2025,12,28,23,6,520.51,487.16,524.24,449.53000000000026,433.8829166666667,47.40790417303595,-0.2588190451025215,0.965925826289068,-0.7818314824680299,0.6234898018587334,-1
2025-12-30 12:00:00,Cafeteria,Cafeteria,464.24,28.7,51.05,364,1,0,0,29.04,7,380.68,3713.92,2025,12,30,12,1,352.47,446.05,279.55,435.14000000000016,445.2533333333334,45.24604048654639,1.2246467991473532e-16,-1.0,0.7818314824680298,0.6234898018587336,-1
2025-01-08 21:00:00,Central_Library,Library,378.69,18.99,55.33,208,1,0,0,0.0,7,310.53,3029.54,2025,1,8,21,2,429.25,396.46,516.79,446.7466666666666,419.0191666666667,70.21761310796391,-0.7071067811865477,0.7071067811865474,0.9749279121818236,-0.2225209339563143,-1
2025-01-11 13:00:00,Central_Library,Library,343.11,23.85,75.22,197,1,0,1,43.53,39,281.35,2744.87,2025,1,11,13,5,505.05,480.31,366.23,450.75666666666666,432.0420833333333,75.63935707651983,-0.2588190451025208,-0.9659258262890684,-0.9749279121818236,-0.2225209339563146,-1
2025-01-12 08:00:00,Central_Library,Library,326.64,26.67,73.85,97,0,1,1,32.59,20,267.84,2613.12,2025,1,12,8,6,324.88,460.14,326.75,359.5033333333333,411.01708333333335,67.7572884883766,0.8660254037844387,-0.4999999999999998,-0.7818314824680299,0.6234898018587334,-1
2025-01-12 17:00:00,Central_Library,Library,385.69,24.82,78.99,156,1,0,1,46.54,20,316.27,3085.52,2025,1,12,17,6,460.74,423.45,438.61,434.7533333333333,413.5179166666666,58.229167125819856,-0.9659258262890684,-0.2588190451025206,-0.7818314824680299,0.6234898018587334,-1
2025-01-19 23:00:00,Central_Library,Library,514.37,33.26,61.96,316,1,0,1,0.0,38,421.79,4114.98,2025,1,19,23,6,446.74,469.15,310.67,494.5833333333332,439.57666666666665,61.543611519316656,-0.2588190451025215,0.965925826289068,-0.7818314824680299,0.6234898018587334,-1
2025-01-20 15:00:00,Central_Library,Library,345.65,21.58,77.93,159,1,0,0,53.13,6,283.43,2765.18,2025,1,20,15,0,413.86,412.66,388.47,345.06333333333333,433.5641666666666,68.63137854519957,-0.7071067811865471,-0.7071067811865479,0.0,1.0,-1
2025-01-25 05:00:00,Central_Library,Library,502.81,22.47,48.88,362,1,1,1,0.0,29,412.31,4022.51,2025,1,25,5,5,473.28,443.55,448.35,442.4133333333333,443.44875,70.55402951623834,0.9659258262890684,0.2588190451025207,-0.9749279121818236,-0.2225209339563146,-1
2025-01-28 07:00:00,Central_Library,Library,307.71,28.88,50.65,35,1,0,0,63.08,19,252.32,2461.66,2025,1,28,7,1,457.29,516.31,441.17,430.7533333333333,423.9283333333333,71.52539790121767,0.9659258262890684,-0.2588190451025206,0.7818314824680298,0.6234898018587336,-1
2025-01-30 23:00:00,Central_Library,Library,365.53,26.53,77.47,33,1,0,0,0.0,34,299.74,2924.25,2025,1,30,23,3,396.17,495.58,501.45,416.67666666666656,423.95875,66.47703116327162,-0.2588190451025215,0.965925826289068,0.4338837391175582,-0.900968867902419,-1
2025-02-01 00:00:00,Central_Library,Library,510.46,29.14,43.78,329,0,1,1,0.0,11,418.58,4083.68,2025,2,1,0,5,509.51,494.65,311.6,491.93666666666667,432.48291666666665,72.87697736770923,0.0,1.0,-0.9749279121818236,-0.2225209339563146,-1
2025-02-02 23:00:00,Central_Library,Library,561.17,19.37,67.39,395,0,0,1,0.0,14,460.16,4489.34,2025,2,2,23,6,524.9,437.16,477.27,515.7066666666666,428.2666666666667,76.91149784947147,-0.2588190451025215,0.965925826289068,-0.7818314824680299,0.6234898018587334,-1
2025-02-04 19:00:00,Central_Library,Library,434.51,20.81,49.88,297,1,0,0,0.0,6,356.29,3476.04,2025,2,4,19,1,482.61,541.89,320.8,465.0866666666665,430.9270833333333,50.54497450434519,-0.9659258262890684,0.2588190451025203,0.7818314824680298,0.6234898018587336,-1
2025-02-08 16:00:00,Central_Library,Library,291.7,31.55,92.4,37,0,1,1,42.19,16,239.19,2333.59,2025,2,8,16,5,493.0,409.84,361.97,405.73999999999984,416.9466666666667,72.45198077927591,-0.8660254037844385,-0.5000000000000004,-0.9749279121818236,-0.2225209339563146,-1
2025-02-16 20:00:00,Central_Library,Library,549.31,23.08,46.7,374,1,0,1,0.0,39,450.44,4394.49,2025,2,16,20,6,363.08,464.87,436.94,437.6066666666665,429.3654166666667,56.9290942641095,-0.8660254037844386,0.5000000000000001,-0.7818314824680299,0.6234898018587334,-1
2025-02-18 17:00:00,Central_Library,Library,478.3,31.8,98.37,298,1,0,0,16.23,24,392.21,3826.4,2025,2,18,17,1,315.37,491.8,522.72,359.5633333333333,413.11375,68.43512007178136,-0.9659258262890684,-0.2588190451025206,0.7818314824680298,0.6234898018587336,-1
2025-02-24 10:00:00,Central_Library,Library,460.7,29.16,57.59,353,1,1,0,69.82,25,377.77,3685.57,2025,2,24,10,0,431.92,333.14,376.66,440.36,412.5641666666666,70.25831591916433,0.4999999999999999,-0.8660254037844387,0.0,1.0,-1
2025-02-26 12:00:00,Central_Library,Library,318.5,32.0,59.55,52,1,0,0,92.06,33,261.17,2548.0,2025,2,26,12,2,362.6,511.75,467.9,398.1699999999999,415.025,71.35835260820215,1.2246467991473532e-16,-1.0,0.9749279121818236,-0.2225209339563143,-1
2025-02-28 00:00:00,Central_Library,Library,467.79,33.77,53.91,281,1,0,0,0.0,20,383.59,3742.31,2025,2,28,0,4,413.13,516.83,406.46,412.6666666666666,420.2708333333333,46.2155139505137,0.0,1.0,-0.433883739117558,-0.9009688679024191,-1
2025-03-01 05:00:00,Central_Library,Library,452.28,30.49,63.19,266,1,0,1,0.0,33,370.87,3618.23,2025,3,1,5,5,389.39,417.33,514.29,408.07,404.24375,40.22342404430318,0.9659258262890684,0.2588190451025207,-0.9749279121818236,-0.2225209339563146,-1
2025-03-01 16:00:00,Central_Library,Library,465.79,19.57,53.38,349,1,0,1,56.38,38,381.95,3726.34,2025,3,1,16,5,318.44,483.73,489.64,376.8533333333333,394.5575,60.99007397858324,-0.8660254037844385,-0.5000000000000004,-0.9749279121818236,-0.2225209339563146,-1
2025-03-02 22:00:00,Central_Library,Library,461.94,31.0,75.68,214,0,1,1,0.0,11,378.79,3695.48,2025,3,2,22,6,464.78,576.47,326.72,472.6033333333333,424.835,48.06420009148971,-0.5000000000000004,0.8660254037844384,-0.7818314824680299,0.6234898018587334,-1
2025-03-09 14:00:00,Central_Library,Library,319.96,30.02,51.42,92,1,0,1,46.38,18,262.37,2559.71,2025,3,9,14,6,497.24,352.82,464.46,399.5033333333333,422.9225,61.94878580766092,-0.4999999999999997,-0.8660254037844388,-0.7818314824680299,0.6234898018587334,-1
2025-03-13 00:00:00,Central_Library,Library,507.16,31.85,57.04,311,1,0,0,0.0,37,415.87,4057.28,2025,3,13,0,3,391.87,533.72,375.15,422.8833333333334,413.5529166666667,74.34818681331454,0.0,1.0,0.4338837391175582,-0.900968867902419,-1
2025-03-13 21:00:00,Central_Library,Library,419.97,25.16,85.89,137,1,0,0,0.0,34,344.38,3359.79,2025,3,13,21,3,334.21,330.21,337.61,396.9866666666667,401.9508333333333,50.52000541470112,-0.7071067811865477,0.7071067811865474,0.4338837391175582,-0.900968867902419,-1
2025-03-16 18:00:00,Central_Library,Library,445.14,35.23,46.08,207,1,0,1,0.0,6,365.01,3561.1,2025,3,16,18,6,495.22,387.58,449.38,448.61,434.64416666666665,58.13591435941965,-1.0,-1.8369701987210292e-16,-0.7818314824680299,0.6234898018587334,-1
2025-03-30 03:00:00,Central_Library,Library,425.87,20.15,75.06,195,1,0,1,0.0,21,349.21,3406.95,2025,3,30,3,6,401.5,422.97,521.81,379.7133333333333,410.14,48.67510121469535,0.7071067811865476,0.7071067811865476,-0.7818314824680299,0.6234898018587334,-1
2025-03-30 11:00:00,Central_Library,Library,493.7,32.36,84.55,270,1,0,1,43.38,19,404.84,3949.63,2025,3,30,11,6,502.91,484.83,406.86,491.54,411.39208333333335,56.99805900426426,0.258819045102521,-0.9659258262890682,-0.7818314824680299,0.6234898018587334,-1
2025-04-03 23:00:00,Central_Library,Library,433.96,19.74,55.18,248,1,0,0,0.0,13,355.84,3471.66,2025,4,3,23,3,379.2,455.62,468.19,388.62,395.6679166666666,48.72780297148128,-0.2588190451025215,0.965925826289068,0.4338837391175582,-0.900968867902419,-1
2025-04-04 00:00:00,Central_Library,Library,492.52,23.79,51.79,325,1,0,0,0.0,27,403.87,3940.2,2025,4,4,0,4,433.96,452.5,374.22,435.2266666666666,397.3354166666666,51.37030058727999,0.0,1.0,-0.433883739117558,-0.9009688679024191,-1
2025-04-06 07:00:00,Central_Library,Library,342.12,36.57,59.01,40,0,1,1,29.64,24,280.54,2736.93,2025,4,6,7,6,489.28,373.08,307.89,437.54,429.72,77.03051128978164,0.9659258262890684,-0.2588190451025206,-0.7818314824680299,0.6234898018587334,-1
2025-04-20 11:00:00,Central_Library,Library,407.83,34.54,67.81,220,1,0,1,62.43,12,334.42,3262.66,2025,4,20,11,6,345.96,442.41,484.91,362.4233333333335,453.36666666666673,59.8671661239285,0.258819045102521,-0.9659258262890682,-0.7818314824680299,0.6234898018587334,-1
2025-04-25 09:00:00,Central_Library,Library,312.16,31.91,60.91,78,1,1,0,42.6,15,255.97,2497.27,2025,4,25,9,4,428.14,461.62,404.71,376.6466666666669,403.05375,63.0420708259313,0.7071067811865476,-0.7071067811865475,-0.433883739117558,-0.9009688679024191,-1
2025-04-30 08:00:00,Central_Library,Library,305.59,32.89,45.58,49,1,1,0,47.19,21,250.58,2444.69,2025,4,30,8,2,409.6,350.71,488.53,387.8033333333336,435.17,63.146515618698366,0.8660254037844387,-0.4999999999999998,0.9749279121818236,-0.2225209339563143,-1
2025-05-01 00:00:00,Central_Library,Library,483.11,26.67,53.57,357,1,0,0,0.0,7,396.15,3864.88,2025,5,1,0,3,404.74,497.18,476.3,433.1866666666669,441.4020833333333,51.721829297750936,0.0,1.0,0.4338837391175582,-0.900968867902419,-1
2025-05-02 11:00:00,Central_Library,Library,344.31,21.73,42.04,145,1,1,0,50.14,14,282.34,2754.49,2025,5,2,11,4,329.68,529.5,437.59,337.2300000000002,430.09291666666667,72.49423128348893,0.258819045102521,-0.9659258262890682,-0.433883739117558,-0.9009688679024191,-1
2025-05-03 23:00:00,Central_Library,Library,403.74,23.03,75.85,132,1,0,1,0.0,32,331.07,3229.95,2025,5,3,23,5,317.7,416.17,428.62,356.9466666666669,427.4308333333333,61.24929897853733,-0.2588190451025215,0.965925826289068,-0.9749279121818236,-0.2225209339563146,-1
2025-05-05 01:00:00,Central_Library,Library,358.98,24.64,75.19,149,1,0,0,0.0,7,294.36,2871.84,2025,5,5,1,0,470.26,322.69,390.73,417.7833333333336,432.34083333333336,44.600317791484,0.2588190451025207,0.9659258262890684,0.0,1.0,-1
2025-05-05 13:00:00,Central_Library,Library,404.79,27.47,48.27,252,1,0,0,43.21,20,331.93,3238.34,2025,5,5,13,0,367.13,506.91,397.47,390.8633333333336,413.25875,48.29346569469134,-0.2588190451025208,-0.9659258262890684,0.0,1.0,-1
2025-05-24 22:00:00,Central_Library,Library,501.37,27.15,68.66,353,1,1,1,0.0,8,411.13,4010.99,2025,5,24,22,5,393.3,379.89,334.21,433.06000000000034,427.8533333333334,78.3557671175495,-0.5000000000000004,0.8660254037844384,-0.9749279121818236,-0.2225209339563146,-1
2025-06-01 04:00:00,Central_Library,Library,342.83,31.95,68.63,80,0,1,1,0.0,6,281.12,2742.62,2025,6,1,4,6,484.99,402.21,382.43,393.2733333333336,435.7625000000001,69.51802432838306,0.8660254037844386,0.5000000000000001,-0.7818314824680299,0.6234898018587334,-1
2025-06-01 05:00:00,Central_Library,Library,504.05,23.63,66.01,357,1,0,1,0.0,24,413.32,4032.42,2025,6,1,5,6,342.83,498.03,530.79,443.9566666666669,436.0133333333333,69.76289419022854,0.9659258262890684,0.2588190451025207,-0.7818314824680299,0.6234898018587334,-1
2025-06-12 11:00:00,Central_Library,Library,303.39,24.81,62.45,52,1,0,0,69.41,8,248.78,2427.12,2025,6,12,11,3,342.04,544.02,437.28,371.4433333333336,425.1104166666667,51.16976183162994,0.258819045102521,-0.9659258262890682,0.4338837391175582,-0.900968867902419,-1
2025-06-28 23:00:00,Central_Library,Library,326.36,24.38,76.21,54,1,0,1,0.0,19,267.62,2610.89,2025,6,28,23,5,480.78,488.02,558.36,398.5166666666671,431.115,73.23649500078429,-0.2588190451025215,0.965925826289068,-0.9749279121818236,-0.2225209339563146,-1
2025-07-01 13:00:00,Central_Library,Library,383.28,20.2,53.27,229,0,1,0,70.14,9,314.29,3066.27,2025,7,1,13,1,526.23,319.77,338.79,424.6200000000004,421.50916666666666,72.3207337470387,-0.2588190451025208,-0.9659258262890684,0.7818314824680298,0.6234898018587336,-1
2025-07-05 11:00:00,Central_Library,Library,347.12,30.72,58.34,111,1,0,1,40.53,8,284.63,2776.92,2025,7,5,11,5,314.83,399.66,473.56,334.4000000000004,421.9525,67.74793423771813,0.258819045102521,-0.9659258262890682,-0.9749279121818236,-0.2225209339563146,-1
2025-07-12 01:00:00,Central_Library,Library,491.54,25.56,50.19,354,1,1,1,0.0,10,403.07,3932.35,2025,7,12,1,5,413.58,428.25,490.01,467.1500000000003,422.0225,61.79101843063897,0.2588190451025207,0.9659258262890684,-0.9749279121818236,-0.2225209339563146,-1
2025-07-14 00:00:00,Central_Library,Library,338.25,22.7,77.75,33,1,0,0,0.0,15,277.36,2706.0,2025,7,14,0,0,501.96,468.55,445.51,418.29000000000025,428.8075,67.9969422106605,0.0,1.0,0.0,1.0,-1
2025-07-28 09:00:00,Central_Library,Library,353.29,29.0,75.14,165,1,0,0,81.1,8,289.7,2826.31,2025,7,28,9,0,441.38,357.78,438.91,401.89000000000016,398.81625,44.6585168674947,0.7071067811865476,-0.7071067811865475,0.0,1.0,-1
2025-07-28 13:00:00,Central_Library,Library,346.55,31.96,52.15,69,1,0,0,48.73,11,284.17,2772.44,2025,7,28,13,0,424.46,365.54,380.22,414.47666666666686,411.33291666666673,53.19411862546957,-0.2588190451025208,-0.9659258262890684,0.0,1.0,-1
2025-08-02 09:00:00,Central_Library,Library,317.76,26.9,91.05,48,1,0,1,49.09,5,260.57,2542.1,2025,8,2,9,5,404.71,414.55,347.78,371.8400000000001,412.8087500000001,64.6152507447298,0.7071067811865476,-0.7071067811865475,-0.9749279121818236,-0.2225209339563146,-1
2025-08-04 08:00:00,Central_Library,Library,274.54,24.57,69.27,22,1,0,0,59.77,9,225.12,2196.31,2025,8,4,8,0,450.33,407.52,441.38,414.3000000000001,411.2870833333333,69.14301910622025,0.8660254037844387,-0.4999999999999998,0.0,1.0,-1
2025-08-10 11:00:00,Central_Library,Library,347.3,27.21,51.21,56,1,0,1,4.57,32,284.79,2778.42,2025,8,10,11,6,381.18,497.68,460.15,356.62333333333345,432.12375,58.9307868024184,0.258819045102521,-0.9659258262890682,-0.7818314824680299,0.6234898018587334,-1
2025-08-10 18:00:00,Central_Library,Library,524.57,17.81,73.71,276,1,0,1,0.0,38,430.15,4196.54,2025,8,10,18,6,346.25,404.17,403.23,440.6300000000001,429.96125000000006,61.20301621670012,-1.0,-1.8369701987210292e-16,-0.7818314824680299,0.6234898018587334,-1
2025-08-27 11:00:00,Central_Library,Library,315.1,29.48,76.4,82,1,0,0,66.19,27,258.38,2520.79,2025,8,27,11,2,426.03,526.14,516.67,430.6200000000003,437.56958333333336,77.0363519204411,0.258819045102521,-0.9659258262890682,0.9749279121818236,-0.2225209339563143,-1
2025-08-31 17:00:00,Central_Library,Library,452.62,20.8,60.34,248,1,1,1,26.42,32,371.15,3620.93,2025,8,31,17,6,341.04,379.17,410.92,419.8500000000002,445.3058333333333,48.78203437266768,-0.9659258262890684,-0.2588190451025206,-0.7818314824680299,0.6234898018587334,-1
2025-09-02 18:00:00,Central_Library,Library,390.64,32.47,76.23,144,1,0,0,0.0,5,320.33,3125.13,2025,9,2,18,1,500.9,453.4,459.32,401.8733333333335,415.8583333333333,59.69235809123865,-1.0,-1.8369701987210292e-16,0.7818314824680298,0.6234898018587336,-1
2025-09-04 21:00:00,Central_Library,Library,386.64,23.19,57.49,45,1,0,0,0.0,27,317.05,3093.15,2025,9,4,21,3,402.68,535.18,488.86,370.386666666667,407.3683333333333,46.46598996242651,-0.7071067811865477,0.7071067811865474,0.4338837391175582,-0.900968867902419,-1
2025-09-05 06:00:00,Central_Library,Library,472.87,29.59,94.77,230,1,0,0,0.0,12,387.75,3782.97,2025,9,5,6,4,387.02,429.55,538.79,407.3700000000003,408.45416666666665,51.83346425492494,1.0,6.123233995736766e-17,-0.433883739117558,-0.9009688679024191,-1
2025-09-07 17:00:00,Central_Library,Library,302.12,36.32,56.66,43,0,1,1,45.97,25,247.74,2416.96,2025,9,7,17,6,466.17,372.16,452.62,383.6133333333336,442.5945833333333,67.43091259750088,-0.9659258262890684,-0.2588190451025206,-0.7818314824680299,0.6234898018587334,-1
2025-09-13 15:00:00,Central_Library,Library,460.24,38.49,65.14,297,1,0,1,27.4,5,377.39,3681.89,2025,9,13,15,5,421.44,402.26,341.43,418.98666666666696,425.2820833333333,44.95399203428727,-0.7071067811865471,-0.7071067811865479,-0.9749279121818236,-0.2225209339563146,-1
2025-09-27 13:00:00,Central_Library,Library,353.63,24.71,78.77,195,1,0,1,45.76,6,289.98,2829.03,2025,9,27,13,5,365.06,419.63,323.96,373.61333333333386,404.2091666666666,58.61896465024433,-0.2588190451025208,-0.9659258262890684,-0.9749279121818236,-0.2225209339563146,-1
2025-09-28 05:00:00,Central_Library,Library,471.43,31.72,63.14,329,1,0,1,0.0,8,386.57,3771.46,2025,9,28,5,6,360.77,462.88,375.86,435.92666666666713,438.8975,78.68240868806981,0.9659258262890684,0.2588190451025207,-0.7818314824680299,0.6234898018587334,-1
2025-09-28 12:00:00,Central_Library,Library,468.27,34.17,80.1,320,1,0,1,30.48,17,383.98,3746.17,2025,9,28,12,6,421.21,365.06,412.97,451.96333333333376,458.7575,60.68143747759893,1.2246467991473532e-16,-1.0,-0.7818314824680299,0.6234898018587334,-1
2025-10-01 06:00:00,Central_Library,Library,495.79,31.26,33.83,352,1,0,0,0.0,17,406.55,3966.31,2025,10,1,6,2,364.88,539.95,509.52,406.7233333333338,410.4983333333333,67.05466878448523,1.0,6.123233995736766e-17,0.9749279121818236,-0.2225209339563143,-1
2025-10-04 02:00:00,Central_Library,Library,516.64,30.56,73.85,394,1,0,1,0.0,9,423.65,4133.13,2025,10,4,2,5,376.3,389.81,503.44,459.58333333333377,434.935,56.1181248718306,0.4999999999999999,0.8660254037844387,-0.9749279121818236,-0.2225209339563146,-1
2025-10-04 12:00:00,Central_Library,Library,440.69,26.91,81.39,199,1,0,1,31.25,31,361.37,3525.54,2025,10,4,12,5,428.01,388.94,365.06,428.4966666666671,441.06875,52.43021302169144,1.2246467991473532e-16,-1.0,-0.9749279121818236,-0.2225209339563146,-1
2025-10-04 19:00:00,Central_Library,Library,464.58,32.82,68.15,252,1,0,1,0.0,6,380.96,3716.65,2025,10,4,19,5,432.01,438.47,493.17,404.68000000000046,448.64791666666673,60.23966936360278,-0.9659258262890684,0.2588190451025203,-0.9749279121818236,-0.2225209339563146,-1
2025-10-05 08:00:00,Central_Library,Library,442.93,28.4,55.64,189,1,1,1,32.26,35,363.2,3543.44,2025,10,5,8,6,381.09,434.18,442.85,430.2700000000005,438.0466666666667,61.69503275521141,0.8660254037844387,-0.4999999999999998,-0.7818314824680299,0.6234898018587334,-1
2025-10-05 12:00:00,Central_Library,Library,357.49,29.81,73.44,147,1,0,1,43.4,11,293.14,2859.92,2025,10,5,12,6,441.99,440.69,468.27,394.8966666666672,434.7575,65.06965640590509,1.2246467991473532e-16,-1.0,-0.7818314824680299,0.6234898018587334,-1
2025-10-11 13:00:00,Central_Library,Library,314.78,32.65,43.44,22,0,0,1,65.48,15,258.12,2518.23,2025,10,11,13,5,474.66,464.96,547.71,397.8233333333338,419.37,47.2842494228065,-0.2588190451025208,-0.9659258262890684,-0.9749279121818236,-0.2225209339563146,-1
2025-10-12 21:00:00,Central_Library,Library,420.61,27.59,65.19,178,1,0,1,0.0,15,344.9,3364.87,2025,10,12,21,6,494.41,448.43,458.86,471.1300000000005,423.5033333333333,49.75088495316552,-0.7071067811865477,0.7071067811865474,-0.7818314824680299,0.6234898018587334,-1
2025-10-13 03:00:00,Central_Library,Library,374.87,31.9,79.43,143,1,0,0,0.0,36,307.39,2998.94,2025,10,13,3,0,435.1,422.69,538.76,410.0000000000005,433.9654166666666,48.78368214164487,0.7071067811865476,0.7071067811865476,0.0,1.0,-1
2025-10-30 12:00:00,Central_Library,Library,329.24,24.87,55.82,136,1,0,0,50.33,8,269.98,2633.92,2025,10,30,12,3,350.79,352.78,364.77,374.1833333333338,418.75875,62.28171357786775,1.2246467991473532e-16,-1.0,0.4338837391175582,-0.900968867902419,-1
2025-11-01 12:00:00,Central_Library,Library,317.67,30.33,69.07,75,0,1,1,44.02,14,260.49,2541.39,2025,11,1,12,5,412.86,434.33,349.41,347.3000000000004,426.0316666666667,58.714055251344135,1.2246467991473532e-16,-1.0,-0.9749279121818236,-0.2225209339563146,-1
2025-11-02 11:00:00,Central_Library,Library,305.89,29.98,63.78,30,0,1,1,29.26,16,250.83,2447.13,2025,11,2,11,6,361.07,412.86,428.55,345.18000000000046,419.13708333333335,62.16442037603437,0.258819045102521,-0.9659258262890682,-0.7818314824680299,0.6234898018587334,-1
2025-11-03 15:00:00,Central_Library,Library,428.09,32.32,96.3,206,1,0,0,28.87,12,351.03,3424.68,2025,11,3,15,0,395.52,437.06,424.37,393.5100000000005,428.5408333333333,63.33773982572958,-0.7071067811865471,-0.7071067811865479,0.0,1.0,-1
2025-11-08 11:00:00,Central_Library,Library,407.68,23.0,49.54,216,1,0,1,28.76,32,334.3,3261.45,2025,11,8,11,5,385.62,354.48,412.86,381.3766666666672,404.0820833333333,46.9688372155832,0.258819045102521,-0.9659258262890682,-0.9749279121818236,-0.2225209339563146,-1
2025-11-13 05:00:00,Central_Library,Library,516.77,27.65,64.63,397,1,1,0,0.0,12,423.75,4134.19,2025,11,13,5,3,398.38,489.23,365.05,450.25000000000045,439.9329166666666,42.25942359317597,0.9659258262890684,0.2588190451025207,0.4338837391175582,-0.900968867902419,-1
2025-11-15 16:00:00,Central_Library,Library,320.95,33.23,55.07,36,1,1,1,54.35,6,263.18,2567.61,2025,11,15,16,5,336.12,494.97,434.84,323.2366666666672,407.2870833333334,64.73433129062829,-0.8660254037844385,-0.5000000000000004,-0.9749279121818236,-0.2225209339563146,-1
2025-11-16 11:00:00,Central_Library,Library,316.62,24.01,61.64,35,0,1,1,59.2,32,259.63,2532.98,2025,11,16,11,6,491.94,317.48,427.06,442.6100000000005,422.03833333333336,77.63602417225701,0.258819045102521,-0.9659258262890682,-0.7818314824680299,0.6234898018587334,-1
2025-11-17 12:00:00,Central_Library,Library,545.5,28.57,55.06,397,1,1,0,36.47,23,447.31,4363.98,2025,11,17,12,0,315.17,377.46,378.77,423.3700000000006,414.7991666666667,71.97184672505213,1.2246467991473532e-16,-1.0,0.0,1.0,-1
2025-11-19 07:00:00,Central_Library,Library,445.53,25.55,59.55,381,1,0,0,15.05,10,365.33,3564.21,2025,11,19,7,2,366.39,433.58,490.67,417.5966666666672,433.915,47.05969178930384,0.9659258262890684,-0.2588190451025206,0.9749279121818236,-0.2225209339563143,-1
2025-11-19 23:00:00,Central_Library,Library,420.77,24.29,35.59,180,1,0,0,0.0,37,345.03,3366.16,2025,11,19,23,2,400.27,469.53,466.46,436.5466666666672,415.8241666666666,45.70737319615575,-0.2588190451025215,0.965925826289068,0.9749279121818236,-0.2225209339563143,-1
2025-11-23 01:00:00,Central_Library,Library,340.27,24.03,74.86,46,1,0,1,0.0,35,279.02,2722.12,2025,11,23,1,6,340.47,367.53,328.3,355.6000000000004,425.7820833333333,62.53452020452432,0.2588190451025207,0.9659258262890684,-0.7818314824680299,0.6234898018587334,-1
2025-11-24 14:00:00,Central_Library,Library,305.73,26.72,85.72,30,1,0,0,37.52,11,250.7,2445.81,2025,11,24,14,0,481.12,496.55,361.22,376.7333333333338,407.65333333333336,60.9188940967488,-0.4999999999999997,-0.8660254037844388,0.0,1.0,-1
2025-11-27 17:00:00,Central_Library,Library,371.76,29.8,66.71,66,1,1,0,30.63,25,304.85,2974.11,2025,11,27,17,3,359.55,348.11,420.61,361.3366666666672,414.2275,60.49804971703726,-0.9659258262890684,-0.2588190451025206,0.4338837391175582,-0.900968867902419,-1
2025-11-30 13:00:00,Central_Library,Library,307.12,27.59,55.92,115,0,0,1,63.13,6,251.84,2456.98,2025,11,30,13,6,400.6,463.42,486.88,394.2400000000005,429.83,46.75057004999966,-0.2588190451025208,-0.9659258262890684,-0.7818314824680299,0.6234898018587334,-1
2025-11-30 22:00:00,Central_Library,Library,532.96,28.23,63.71,364,1,0,1,0.0,37,437.03,4263.72,2025,11,30,22,6,449.96,406.73,440.74,461.80000000000047,423.145,58.17144286690253,-0.5000000000000004,0.8660254037844384,-0.7818314824680299,0.6234898018587334,-1
2025-12-02 02:00:00,Central_Library,Library,517.26,24.48,64.7,391,1,0,0,0.0,20,424.15,4138.05,2025,12,2,2,1,552.35,381.03,497.39,504.4766666666672,442.8129166666667,54.84392388200648,0.4999999999999999,0.8660254037844387,0.7818314824680298,0.6234898018587336,-1
2025-12-03 10:00:00,Central_Library,Library,337.28,30.44,67.76,49,1,0,0,37.52,11,276.57,2698.23,2025,12,3,10,2,392.33,414.02,434.48,417.4433333333339,449.9045833333333,64.06851570129153,0.4999999999999999,-0.8660254037844387,0.9749279121818236,-0.2225209339563143,-1
2025-12-03 18:00:00,Central_Library,Library,523.44,26.55,66.11,372,1,0,0,0.0,35,429.22,4187.53,2025,12,3,18,2,351.15,428.35,409.34,422.2733333333338,444.5475,66.36095678019242,-1.0,-1.8369701987210292e-16,0.9749279121818236,-0.2225209339563143,-1
2025-12-04 09:00:00,Central_Library,Library,463.41,34.1,70.41,322,1,0,0,25.36,7,379.99,3707.24,2025,12,4,9,3,364.23,392.33,510.45,400.3066666666672,421.1495833333333,63.8652008720511,0.7071067811865476,-0.7071067811865475,0.4338837391175582,-0.900968867902419,-1
2025-12-07 11:00:00,Central_Library,Library,331.7,26.06,81.09,71,1,0,1,61.26,31,272.0,2653.62,2025,12,7,11,6,394.36,407.7,475.0,397.8500000000005,423.62958333333336,67.54267761807156,0.258819045102521,-0.9659258262890682,-0.7818314824680299,0.6234898018587334,-1
2025-12-08 17:00:00,Central_Library,Library,451.64,31.76,38.86,359,1,0,0,43.3,8,370.34,3613.08,2025,12,8,17,0,427.4,430.06,448.31,411.4166666666672,444.045,61.75834743790356,-0.9659258262890684,-0.2588190451025206,0.0,1.0,-1
2025-12-09 01:00:00,Central_Library,Library,342.98,25.81,66.31,54,1,0,0,0.0,15,281.25,2743.87,2025,12,9,1,1,548.31,522.94,552.35,423.1466666666672,438.87375,71.96101074842343,0.2588190451025207,0.9659258262890684,0.7818314824680298,0.6234898018587336,-1
2025-12-11 18:00:00,Central_Library,Library,340.17,22.18,42.83,85,1,0,0,0.0,9,278.94,2721.35,2025,12,11,18,3,454.76,339.83,326.34,379.743333333334,418.31375,63.32806684672583,-1.0,-1.8369701987210292e-16,0.4338837391175582,-0.900968867902419,-1
2025-12-13 17:00:00,Central_Library,Library,338.95,27.56,73.06,36,1,0,1,58.2,28,277.94,2711.63,2025,12,13,17,5,336.22,477.59,334.9,335.5566666666673,420.01916666666665,71.49107648277909,-0.9659258262890684,-0.2588190451025206,-0.9749279121818236,-0.2225209339563146,-1
2025-12-14 04:00:00,Central_Library,Library,355.79,30.06,49.4,25,1,0,1,0.0,23,291.75,2846.34,2025,12,14,4,6,405.1,360.57,318.13,367.39333333333406,415.00208333333336,72.8096377984431,0.8660254037844386,0.5000000000000001,-0.7818314824680299,0.6234898018587334,-1
2025-12-21 04:00:00,Central_Library,Library,481.34,24.62,62.06,226,1,0,1,0.0,24,394.7,3850.73,2025,12,21,4,6,410.09,483.57,355.79,471.113333333334,444.0041666666666,59.997549581604055,0.8660254037844386,0.5000000000000001,-0.7818314824680299,0.6234898018587334,-1
2025-12-21 17:00:00,Central_Library,Library,385.11,22.96,70.36,147,1,0,1,20.5,27,315.79,3080.85,2025,12,21,17,6,337.44,400.21,420.14,389.4033333333341,449.66375,56.88148876028916,-0.9659258262890684,-0.2588190451025206,-0.7818314824680299,0.6234898018587334,-1
2025-12-22 12:00:00,Central_Library,Library,354.94,25.24,61.96,104,1,0,0,67.75,29,291.05,2839.53,2025,12,22,12,0,477.37,445.76,346.5,400.4666666666674,426.9820833333333,50.42592561105637,1.2246467991473532e-16,-1.0,0.0,1.0,-1
2025-12-22 15:00:00,Central_Library,Library,475.68,31.07,58.94,330,1,0,0,73.5,35,390.06,3805.43,2025,12,22,15,0,423.88,445.66,430.42,446.63000000000073,424.8516666666667,49.517169851929445,-0.7071067811865471,-0.7071067811865479,0.0,1.0,-1
2025-12-29 06:00:00,Central_Library,Library,476.14,25.84,58.76,368,1,0,0,0.0,12,390.44,3809.13,2025,12,29,6,0,318.61,317.06,398.63,390.7400000000007,404.9933333333333,57.72856377359631,1.0,6.123233995736766e-17,0.0,1.0,-1
2025-01-19 23:00:00,Hostel_A,Hostel,653.46,33.26,61.96,332,1,0,1,0.0,22,535.84,5227.66,2025,1,19,23,6,723.32,575.52,669.94,651.88,622.5833333333334,69.25273805082523,-0.2588190451025215,0.965925826289068,-0.7818314824680299,0.6234898018587334,-1
2025-01-25 05:00:00,Hostel_A,Hostel,695.99,22.47,48.88,361,1,1,1,0.0,38,570.71,5567.9,2025,1,25,5,5,692.84,582.64,619.77,702.4566666666666,630.445,68.70429896048815,0.9659258262890684,0.2588190451025207,-0.9749279121818236,-0.2225209339563146,-1
2025-01-26 20:00:00,Hostel_A,Hostel,673.85,25.72,59.51,393,0,1,1,0.0,5,552.55,5390.76,2025,1,26,20,6,598.61,573.23,710.66,616.7399999999999,616.5195833333333,52.56744326218601,-0.8660254037844386,0.5000000000000001,-0.7818314824680299,0.6234898018587334,-1
2025-01-29 10:00:00,Hostel_A,Hostel,635.34,19.8,77.67,344,1,0,0,58.2,38,520.98,5082.76,2025,1,29,10,2,502.45,519.55,545.09,566.3499999999999,637.2125,74.88181779949306,0.4999999999999999,-0.8660254037844387,0.9749279121818236,-0.2225209339563143,-1
2025-01-31 13:00:00,Hostel_A,Hostel,728.92,26.8,61.08,376,1,0,0,8.47,33,597.71,5831.36,2025,1,31,13,4,536.84,643.03,686.76,598.6066666666666,633.3883333333334,82.08628459639607,-0.2588190451025208,-0.9659258262890684,-0.433883739117558,-0.9009688679024191,-1
2025-02-17 08:00:00,Hostel_A,Hostel,684.25,32.44,39.81,362,1,0,0,60.27,7,561.08,5473.98,2025,2,17,8,0,559.79,720.24,641.41,658.3933333333333,627.7933333333334,55.639345061211216,0.8660254037844387,-0.4999999999999998,0.0,1.0,-1
2025-02-18 17:00:00,Hostel_A,Hostel,554.2,31.8,98.37,131,1,0,0,48.23,7,454.44,4433.61,2025,2,18,17,1,554.59,596.41,692.96,606.87,630.5541666666667,77.32442664383001,-0.9659258262890684,-0.2588190451025206,0.7818314824680298,0.6234898018587336,-1
2025-03-30 11:00:00,Hostel_A,Hostel,728.45,32.36,84.55,373,1,0,1,33.13,39,597.33,5827.62,2025,3,30,11,6,618.14,551.34,562.39,627.6866666666666,618.5529166666666,57.99395909164343,0.258819045102521,-0.9659258262890682,-0.7818314824680299,0.6234898018587334,-1
2025-04-19 14:00:00,Hostel_A,Hostel,750.22,28.83,76.99,393,0,1,1,10.28,31,615.18,6001.75,2025,4,19,14,5,547.52,631.31,690.43,615.4566666666666,630.8266666666666,77.68020259604228,-0.4999999999999997,-0.8660254037844388,-0.9749279121818236,-0.2225209339563146,-1
2025-04-27 20:00:00,Hostel_A,Hostel,698.45,31.44,75.01,373,0,1,1,0.0,18,572.73,5587.6,2025,4,27,20,6,706.8,730.78,710.68,707.5366666666665,629.07375,70.89868974152543,-0.8660254037844386,0.5000000000000001,-0.7818314824680299,0.6234898018587334,-1
2025-04-30 08:00:00,Hostel_A,Hostel,634.36,32.89,45.58,225,1,1,0,32.49,28,520.18,5074.89,2025,4,30,8,2,666.48,514.03,605.05,619.8666666666667,628.6,53.39710104490579,0.8660254037844387,-0.4999999999999998,0.9749279121818236,-0.2225209339563143,-1
2025-05-02 11:00:00,Hostel_A,Hostel,546.76,21.73,42.04,92,1,1,0,38.25,8,448.34,4374.05,2025,5,2,11,4,616.08,550.06,555.09,606.98,617.1358333333334,64.30676689774295,0.258819045102521,-0.9659258262890682,-0.433883739117558,-0.9009688679024191,-1
2025-05-15 21:00:00,Hostel_A,Hostel,737.09,26.14,61.33,363,1,1,0,0.0,30,604.41,5896.73,2025,5,15,21,3,557.82,686.38,626.54,643.5133333333332,639.4608333333334,59.44339074802948,-0.7071067811865477,0.7071067811865474,0.4338837391175582,-0.900968867902419,-1
2025-05-24 22:00:00,Hostel_A,Hostel,604.86,27.15,68.66,154,1,1,1,0.0,21,495.99,4838.9,2025,5,24,22,5,602.19,666.42,610.6,624.5766666666666,623.1558333333334,47.10060314546582,-0.5000000000000004,0.8660254037844384,-0.9749279121818236,-0.2225209339563146,-1
2025-05-25 07:00:00,Hostel_A,Hostel,590.05,17.24,44.64,286,0,1,1,55.97,14,483.84,4720.37,2025,5,25,7,6,689.64,599.72,674.88,622.7633333333332,619.8783333333334,50.61996372515773,0.9659258262890684,-0.2588190451025206,-0.7818314824680299,0.6234898018587334,-1
2025-06-28 23:00:00,Hostel_A,Hostel,612.26,24.38,76.21,205,1,0,1,0.0,25,502.05,4898.07,2025,6,28,23,5,655.65,613.3,570.42,675.0666666666666,609.02,68.70144774121825,-0.2588190451025215,0.965925826289068,-0.9749279121818236,-0.2225209339563146,-1
2025-07-09 01:00:00,Hostel_A,Hostel,638.49,27.6,65.06,248,1,1,0,0.0,13,523.56,5107.92,2025,7,9,1,2,763.52,612.32,595.32,692.1899999999999,634.3220833333334,76.41374483572068,0.2588190451025207,0.9659258262890684,0.9749279121818236,-0.2225209339563143,-1
2025-07-12 01:00:00,Hostel_A,Hostel,593.53,25.56,50.19,121,1,1,1,0.0,10,486.7,4748.27,2025,7,12,1,5,636.14,751.64,679.57,620.52,621.5816666666667,53.69993738694974,0.2588190451025207,0.9659258262890684,-0.9749279121818236,-0.2225209339563146,-1
2025-07-15 00:00:00,Hostel_A,Hostel,616.19,40.26,75.59,71,1,1,0,0.0,37,505.28,4929.53,2025,7,15,0,1,610.67,622.19,591.74,592.0366666666665,604.8170833333332,59.59833295590982,0.0,1.0,0.7818314824680298,0.6234898018587336,-1
2025-07-27 20:00:00,Hostel_A,Hostel,684.65,29.27,72.28,329,1,0,1,0.0,12,561.41,5477.19,2025,7,27,20,6,696.49,596.96,718.43,664.5166666666665,614.3470833333333,69.17230637606478,-0.8660254037844386,0.5000000000000001,-0.7818314824680299,0.6234898018587334,-1
2025-07-27 23:00:00,Hostel_A,Hostel,748.58,26.45,67.04,398,0,1,1,0.0,27,613.84,5988.65,2025,7,27,23,6,674.63,601.11,597.4,674.9999999999999,620.7170833333333,72.32627687020674,-0.2588190451025215,0.965925826289068,-0.7818314824680299,0.6234898018587334,-1
2025-08-15 21:00:00,Hostel_A,Hostel,681.14,29.14,64.09,353,1,1,0,0.0,7,558.53,5449.1,2025,8,15,21,4,608.52,596.64,679.31,614.4699999999999,628.1995833333334,57.14536813967274,-0.7071067811865477,0.7071067811865474,-0.433883739117558,-0.9009688679024191,-1
2025-08-24 20:00:00,Hostel_A,Hostel,661.56,31.97,56.67,324,1,0,1,0.0,9,542.48,5292.46,2025,8,24,20,6,574.71,738.08,688.13,629.5999999999999,649.9895833333334,67.4004871920921,-0.8660254037844386,0.5000000000000001,-0.7818314824680299,0.6234898018587334,-1
2025-08-31 17:00:00,Hostel_A,Hostel,551.1,20.8,60.34,133,1,1,1,52.93,28,451.91,4408.84,2025,8,31,17,6,617.21,554.31,713.04,597.5999999999999,632.8220833333334,61.19702862772121,-0.9659258262890684,-0.2588190451025206,-0.7818314824680299,0.6234898018587334,-1
2025-09-02 18:00:00,Hostel_A,Hostel,543.29,32.47,76.23,53,1,0,0,0.0,8,445.5,4346.32,2025,9,2,18,1,718.49,571.85,709.66,625.9433333333333,625.97625,74.04882518590685,-1.0,-1.8369701987210292e-16,0.7818314824680298,0.6234898018587336,-1
2025-09-27 13:00:00,Hostel_A,Hostel,682.6,24.71,78.77,302,1,0,1,39.0,10,559.73,5460.79,2025,9,27,13,5,721.55,609.97,563.58,695.2666666666665,623.5070833333333,50.109952710898206,-0.2588190451025208,-0.9659258262890684,-0.9749279121818236,-0.2225209339563146,-1
2025-10-04 12:00:00,Hostel_A,Hostel,685.37,26.91,81.39,379,1,0,1,46.47,36,562.0,5482.97,2025,10,4,12,5,696.64,624.96,721.55,663.1566666666666,619.67875,68.97752622743626,1.2246467991473532e-16,-1.0,-0.9749279121818236,-0.2225209339563146,-1
2025-10-05 08:00:00,Hostel_A,Hostel,596.45,28.4,55.64,164,1,1,1,29.5,33,489.09,4771.58,2025,10,5,8,6,521.99,652.36,667.34,609.18,616.6491666666667,66.83536781210914,0.8660254037844387,-0.4999999999999998,-0.7818314824680299,0.6234898018587334,-1
2025-11-15 16:00:00,Hostel_A,Hostel,572.13,33.23,55.07,138,1,1,1,28.53,12,469.14,4577.02,2025,11,15,16,5,688.48,687.43,574.03,595.3666666666667,641.2312499999999,64.25175851509634,-0.8660254037844385,-0.5000000000000004,-0.9749279121818236,-0.2225209339563146,-1
2025-11-17 12:00:00,Hostel_A,Hostel,542.06,28.57,55.06,56,1,1,0,30.69,22,444.49,4336.44,2025,11,17,12,0,661.77,698.66,673.09,616.7199999999999,630.8466666666667,59.46867729914672,1.2246467991473532e-16,-1.0,0.0,1.0,-1
2025-11-19 23:00:00,Hostel_A,Hostel,716.63,24.29,35.59,384,1,0,0,0.0,33,587.63,5733.01,2025,11,19,23,2,673.62,578.67,654.62,674.9933333333333,624.56625,76.19848987505718,-0.2588190451025215,0.965925826289068,0.9749279121818236,-0.2225209339563143,-1
2025-11-22 12:00:00,Hostel_A,Hostel,754.3,30.89,82.8,376,0,1,1,32.87,37,618.52,6034.37,2025,11,22,12,5,505.84,655.28,655.62,651.7466666666666,629.33,77.23427860286064,1.2246467991473532e-16,-1.0,-0.9749279121818236,-0.2225209339563146,-1
2025-11-23 01:00:00,Hostel_A,Hostel,711.42,24.03,74.86,369,1,0,1,0.0,33,583.36,5691.33,2025,11,23,1,6,607.28,588.79,680.26,657.8966666666665,641.14875,70.89045415056651,0.2588190451025207,0.9659258262890684,-0.7818314824680299,0.6234898018587334,-1
2025-11-27 17:00:00,Hostel_A,Hostel,715.25,29.8,66.71,382,1,1,0,46.73,9,586.5,5721.98,2025,11,27,17,3,550.48,540.08,626.32,600.6466666666666,643.54625,59.16858191072088,-0.9659258262890684,-0.2588190451025206,0.4338837391175582,-0.900968867902419,-1
2025-12-07 11:00:00,Hostel_A,Hostel,593.87,26.06,81.09,188,1,0,1,42.22,37,486.97,4750.93,2025,12,7,11,6,706.33,547.38,520.27,632.7299999999999,627.3983333333333,62.42070327304459,0.258819045102521,-0.9659258262890682,-0.7818314824680299,0.6234898018587334,-1
2025-12-08 17:00:00,Hostel_A,Hostel,702.23,31.76,38.86,391,1,0,0,60.79,14,575.83,5617.83,2025,12,8,17,0,575.19,605.88,660.79,636.5033333333332,615.9275,48.98281892664319,-0.9659258262890684,-0.2588190451025206,0.0,1.0,-1
2025-12-20 23:00:00,Hostel_A,Hostel,642.54,22.61,51.98,227,0,1,1,0.0,17,526.88,5140.3,2025,12,20,23,5,719.61,599.87,585.53,647.4399999999998,602.8745833333334,84.09025311761584,-0.2588190451025215,0.965925826289068,-0.9749279121818236,-0.2225209339563146,-1
2025-12-21 04:00:00,Hostel_A,Hostel,571.17,24.62,62.06,91,1,0,1,0.0,8,468.36,4569.35,2025,12,21,4,6,595.06,625.05,707.91,614.3166666666665,594.8416666666667,80.68931299673405,0.8660254037844386,0.5000000000000001,-0.7818314824680299,0.6234898018587334,-1
2025-12-22 12:00:00,Hostel_A,Hostel,684.11,25.24,61.96,372,1,0,0,62.81,39,560.97,5472.88,2025,12,22,12,0,598.78,627.39,591.25,638.9966666666666,622.9662500000001,54.60179474773705,1.2246467991473532e-16,-1.0,0.0,1.0,-1
2025-12-31 05:00:00,Hostel_A,Hostel,756.89,30.75,63.11,394,0,1,0,0.0,39,620.65,6055.14,2025,12,31,5,2,692.19,713.31,744.4,703.3933333333331,650.04625,79.87997119659548,0.9659258262890684,0.2588190451025207,0.9749279121818236,-0.2225209339563143,-1
2025-01-08 21:00:00,Hostel_B,Hostel,672.63,18.99,55.33,368,1,0,0,0.0,8,551.56,5381.04,2025,1,8,21,2,591.28,611.9,611.2,653.1633333333333,618.2033333333333,67.17702451871774,-0.7071067811865477,0.7071067811865474,0.9749279121818236,-0.2225209339563143,-1
2025-01-12 17:00:00,Hostel_B,Hostel,719.65,24.82,78.99,378,1,0,1,33.02,38,590.11,5757.17,2025,1,12,17,6,651.56,592.64,646.11,654.4833333333332,624.0208333333334,73.30600318952868,-0.9659258262890684,-0.2588190451025206,-0.7818314824680299,0.6234898018587334,-1
2025-01-17 02:00:00,Hostel_B,Hostel,550.39,27.67,75.97,47,1,0,0,0.0,6,451.32,4403.12,2025,1,17,2,4,649.74,765.56,671.74,615.3466666666667,628.2854166666667,65.14404460612592,0.4999999999999999,0.8660254037844387,-0.433883739117558,-0.9009688679024191,-1
2025-01-18 00:00:00,Hostel_B,Hostel,733.41,32.67,62.55,367,1,0,1,0.0,8,601.4,5867.3,2025,1,18,0,5,616.21,645.91,613.64,682.07,616.2379166666666,54.11413091823832,0.0,1.0,-0.9749279121818236,-0.2225209339563146,-1
2025-01-19 23:00:00,Hostel_B,Hostel,704.82,33.26,61.96,229,1,0,1,0.0,27,577.95,5638.55,2025,1,19,23,6,573.74,515.5,576.8,632.8933333333333,634.1479166666667,55.03689450123975,-0.2588190451025215,0.965925826289068,-0.7818314824680299,0.6234898018587334,-1
2025-01-22 05:00:00,Hostel_B,Hostel,558.02,22.66,83.48,90,1,0,0,0.0,8,457.58,4464.19,2025,1,22,5,2,686.2,607.19,627.23,628.91,631.7995833333333,67.65168865652748,0.9659258262890684,0.2588190451025207,0.9749279121818236,-0.2225209339563143,-1
2025-01-25 04:00:00,Hostel_B,Hostel,678.75,23.53,50.42,340,1,0,1,0.0,20,556.58,5430.03,2025,1,25,4,5,620.98,718.21,704.08,664.2133333333333,639.5979166666666,59.50574630484963,0.8660254037844386,0.5000000000000001,-0.9749279121818236,-0.2225209339563146,-1
2025-01-25 05:00:00,Hostel_B,Hostel,636.21,22.47,48.88,233,1,1,1,0.0,7,521.69,5089.7,2025,1,25,5,5,678.75,599.36,521.0,645.3133333333334,641.1333333333333,58.89463190025633,0.9659258262890684,0.2588190451025207,-0.9749279121818236,-0.2225209339563146,-1
2025-01-25 18:00:00,Hostel_B,Hostel,596.81,26.55,61.48,160,1,0,1,0.0,16,489.38,4774.47,2025,1,25,18,5,604.9,646.95,565.08,622.9699999999999,635.3345833333334,69.72983517019343,-1.0,-1.8369701987210292e-16,-0.9749279121818236,-0.2225209339563146,-1
2025-01-29 10:00:00,Hostel_B,Hostel,605.05,19.8,77.67,279,1,0,0,59.27,8,496.14,4840.38,2025,1,29,10,2,558.15,585.12,657.4,617.3166666666666,609.1216666666667,64.70755635376298,0.4999999999999999,-0.8660254037844387,0.9749279121818236,-0.2225209339563143,-1
2025-01-30 23:00:00,Hostel_B,Hostel,699.12,26.53,77.47,353,1,0,0,0.0,30,573.28,5592.94,2025,1,30,23,3,737.6,693.6,562.01,685.3233333333334,624.3695833333333,66.95563479090956,-0.2588190451025215,0.965925826289068,0.4338837391175582,-0.900968867902419,-1
2025-02-05 05:00:00,Hostel_B,Hostel,572.06,24.52,63.33,94,1,0,0,0.0,25,469.09,4576.47,2025,2,5,5,2,674.32,704.18,698.47,653.39,625.76125,69.91290776589565,0.9659258262890684,0.2588190451025207,0.9749279121818236,-0.2225209339563143,-1
2025-02-09 07:00:00,Hostel_B,Hostel,651.35,22.26,59.05,305,1,0,1,64.91,34,534.11,5210.83,2025,2,9,7,6,757.35,565.14,496.84,646.97,642.3233333333334,69.07861996473221,0.9659258262890684,-0.2588190451025206,-0.7818314824680299,0.6234898018587334,-1
2025-02-11 13:00:00,Hostel_B,Hostel,678.86,28.15,44.81,360,1,0,0,61.56,8,556.66,5430.85,2025,2,11,13,1,606.71,601.87,539.94,640.0500000000001,649.1770833333334,60.22915627033332,-0.2588190451025208,-0.9659258262890684,0.7818314824680298,0.6234898018587336,-1
2025-02-15 15:00:00,Hostel_B,Hostel,712.41,29.28,57.68,398,1,0,1,24.19,23,584.17,5699.25,2025,2,15,15,5,657.78,603.87,639.69,635.9433333333333,625.7675,69.11675278264622,-0.7071067811865471,-0.7071067811865479,-0.9749279121818236,-0.2225209339563146,-1
2025-02-16 20:00:00,Hostel_B,Hostel,594.86,23.08,46.7,156,1,0,1,0.0,6,487.79,4758.88,2025,2,16,20,6,697.26,551.72,716.6,622.4833333333335,616.2416666666667,58.91495806718391,-0.8660254037844386,0.5000000000000001,-0.7818314824680299,0.6234898018587334,-1
2025-02-18 17:00:00,Hostel_B,Hostel,585.44,31.8,98.37,38,1,0,0,39.1,27,480.06,4683.5,2025,2,18,17,1,590.8,675.29,609.07,593.4200000000001,606.17625,49.26835882164475,-0.9659258262890684,-0.2588190451025206,0.7818314824680298,0.6234898018587336,-1
2025-02-24 10:00:00,Hostel_B,Hostel,643.31,29.16,57.59,248,1,1,0,33.51,5,527.51,5146.45,2025,2,24,10,0,685.95,523.99,516.8,632.9000000000001,616.2491666666667,59.76795752827364,0.4999999999999999,-0.8660254037844387,0.0,1.0,-1
2025-03-01 16:00:00,Hostel_B,Hostel,559.38,19.57,53.38,192,1,0,1,63.47,17,458.69,4475.07,2025,3,1,16,5,724.34,622.64,609.04,626.0333333333334,631.6008333333333,58.32589781389671,-0.8660254037844385,-0.5000000000000004,-0.9749279121818236,-0.2225209339563146,-1
2025-03-04 01:00:00,Hostel_B,Hostel,738.88,28.02,79.24,392,1,0,0,0.0,11,605.88,5911.01,2025,3,4,1,1,645.06,685.36,636.18,658.16,619.80875,71.17085586429738,0.2588190451025207,0.9659258262890684,0.7818314824680298,0.6234898018587336,-1
2025-03-09 00:00:00,Hostel_B,Hostel,546.48,23.39,63.63,104,1,0,1,0.0,14,448.12,4371.86,2025,3,9,0,6,719.32,679.87,663.13,640.3866666666668,624.85375,74.98806321313127,0.0,1.0,-0.7818314824680299,0.6234898018587334,-1
2025-03-12 00:00:00,Hostel_B,Hostel,560.17,33.12,69.52,22,1,0,0,0.0,13,459.34,4481.35,2025,3,12,0,2,641.51,730.73,621.83,624.4366666666666,639.8929166666667,73.94142690577645,0.0,1.0,0.9749279121818236,-0.2225209339563143,-1
2025-03-14 04:00:00,Hostel_B,Hostel,562.93,27.23,56.11,121,1,0,0,0.0,9,461.6,4503.45,2025,3,14,4,4,543.53,577.11,686.14,597.6133333333333,635.0712500000001,51.92842233493764,0.8660254037844386,0.5000000000000001,-0.433883739117558,-0.9009688679024191,-1
2025-03-16 18:00:00,Hostel_B,Hostel,561.69,35.23,46.08,27,1,0,1,0.0,20,460.58,4493.48,2025,3,16,18,6,656.9,577.14,710.23,571.5633333333334,639.3945833333333,65.40257021802105,-1.0,-1.8369701987210292e-16,-0.7818314824680299,0.6234898018587334,-1
2025-03-21 03:00:00,Hostel_B,Hostel,597.69,27.77,54.32,90,1,1,0,0.0,28,490.1,4781.48,2025,3,21,3,4,679.43,668.73,543.53,658.3333333333334,623.5545833333334,70.47822574502497,0.7071067811865476,0.7071067811865476,-0.433883739117558,-0.9009688679024191,-1
2025-03-30 03:00:00,Hostel_B,Hostel,664.98,20.15,75.06,363,1,0,1,0.0,17,545.29,5319.86,2025,3,30,3,6,707.8,541.72,720.15,653.0233333333333,644.535,47.99209137746111,0.7071067811865476,0.7071067811865476,-0.7818314824680299,0.6234898018587334,-1
2025-04-12 19:00:00,Hostel_B,Hostel,723.25,29.73,63.53,336,1,0,1,0.0,29,593.07,5786.03,2025,4,12,19,5,659.67,636.16,668.11,671.1633333333333,628.9941666666667,56.73996597113748,-0.9659258262890684,0.2588190451025203,-0.9749279121818236,-0.2225209339563146,-1
2025-04-19 13:00:00,Hostel_B,Hostel,511.64,23.95,65.97,47,1,0,1,56.82,38,419.55,4093.13,2025,4,19,13,5,543.79,561.23,526.7,561.2633333333333,624.4204166666667,68.95282744646804,-0.2588190451025208,-0.9659258262890684,-0.9749279121818236,-0.2225209339563146,-1
2025-04-20 11:00:00,Hostel_B,Hostel,559.6,34.54,67.81,78,1,0,1,38.83,7,458.87,4476.78,2025,4,20,11,6,679.43,628.36,624.03,603.08,618.5725,67.64484255220893,0.258819045102521,-0.9659258262890682,-0.7818314824680299,0.6234898018587334,-1
2025-04-25 09:00:00,Hostel_B,Hostel,660.97,31.91,60.91,230,1,1,0,18.95,27,541.99,5287.75,2025,4,25,9,4,653.02,667.73,660.36,674.7933333333334,645.3170833333334,66.14377215937287,0.7071067811865476,-0.7071067811865475,-0.433883739117558,-0.9009688679024191,-1
2025-04-30 08:00:00,Hostel_B,Hostel,724.35,32.89,45.58,357,1,1,0,42.83,31,593.96,5794.77,2025,4,30,8,2,651.16,684.07,545.38,648.7800000000001,638.72375,58.38211182355679,0.8660254037844387,-0.4999999999999998,0.9749279121818236,-0.2225209339563143,-1
2025-05-02 07:00:00,Hostel_B,Hostel,682.36,30.03,66.06,351,1,0,0,57.48,30,559.54,5458.92,2025,5,2,7,4,605.5,740.9,710.39,636.6333333333333,632.5533333333333,48.93045123408394,0.9659258262890684,-0.2588190451025206,-0.433883739117558,-0.9009688679024191,-1
2025-05-02 11:00:00,Hostel_B,Hostel,648.82,21.73,42.04,286,1,1,0,39.12,23,532.03,5190.54,2025,5,2,11,4,658.38,706.4,681.7,620.4166666666667,627.62,44.59998372002126,0.258819045102521,-0.9659258262890682,-0.433883739117558,-0.9009688679024191,-1
2025-05-09 21:00:00,Hostel_B,Hostel,706.54,32.14,50.94,352,1,0,0,0.0,19,579.36,5652.34,2025,5,9,21,4,642.32,724.81,640.71,702.3200000000002,644.45125,68.75053981211003,-0.7071067811865477,0.7071067811865474,-0.433883739117558,-0.9009688679024191,-1
2025-05-11 10:00:00,Hostel_B,Hostel,558.87,27.21,75.65,54,1,0,1,30.15,39,458.27,4470.94,2025,5,11,10,6,641.88,698.59,582.84,603.9133333333334,602.6995833333333,71.86468997384206,0.4999999999999999,-0.8660254037844387,-0.7818314824680299,0.6234898018587334,-1
2025-05-15 21:00:00,Hostel_B,Hostel,731.16,26.14,61.33,373,1,1,0,0.0,32,599.55,5849.31,2025,5,15,21,3,569.91,686.53,724.81,628.2033333333334,610.7658333333333,75.88222710608788,-0.7071067811865477,0.7071067811865474,0.4338837391175582,-0.900968867902419,-1
2025-05-24 22:00:00,Hostel_B,Hostel,618.05,27.15,68.66,157,1,1,1,0.0,23,506.8,4944.41,2025,5,24,22,5,684.71,584.62,705.89,637.4066666666666,628.2304166666667,57.233242581044365,-0.5000000000000004,0.8660254037844384,-0.9749279121818236,-0.2225209339563146,-1
2025-05-31 06:00:00,Hostel_B,Hostel,651.97,29.52,51.68,271,0,1,1,0.0,6,534.61,5215.73,2025,5,31,6,5,624.25,816.25,655.69,651.97,629.59375,64.2466044991796,1.0,6.123233995736766e-17,-0.9749279121818236,-0.2225209339563146,-1
2025-06-07 13:00:00,Hostel_B,Hostel,710.99,37.55,79.08,367,0,1,1,54.93,37,583.02,5687.95,2025,6,7,13,5,619.9,550.21,596.94,619.38,625.7770833333333,60.70618494950318,-0.2588190451025208,-0.9659258262890684,-0.9749279121818236,-0.2225209339563146,-1
2025-06-08 19:00:00,Hostel_B,Hostel,703.04,24.77,42.03,306,0,1,1,0.0,37,576.49,5624.29,2025,6,8,19,6,598.01,653.84,677.49,636.7199999999999,629.97,57.82202589205034,-0.9659258262890684,0.2588190451025203,-0.7818314824680299,0.6234898018587334,-1
2025-06-28 16:00:00,Hostel_B,Hostel,714.92,32.37,85.34,347,0,1,1,52.42,11,586.23,5719.35,2025,6,28,16,5,639.81,603.89,635.94,615.87,621.0783333333333,72.94961409837316,-0.8660254037844385,-0.5000000000000004,-0.9749279121818236,-0.2225209339563146,-1
2025-06-28 23:00:00,Hostel_B,Hostel,600.43,24.38,76.21,140,1,0,1,0.0,39,492.35,4803.44,2025,6,28,23,5,698.0,689.14,763.61,641.5,626.9483333333334,70.08705379843703,-0.2588190451025215,0.965925826289068,-0.9749279121818236,-0.2225209339563146,-1
2025-07-09 01:00:00,Hostel_B,Hostel,704.53,27.6,65.06,394,1,1,0,0.0,31,577.71,5636.22,2025,7,9,1,2,548.1,666.35,720.66,609.99,615.7329166666667,63.43229615480686,0.2588190451025207,0.9659258262890684,0.9749279121818236,-0.2225209339563143,-1
2025-07-12 01:00:00,Hostel_B,Hostel,578.3,25.56,50.19,79,1,1,1,0.0,31,474.2,4626.38,2025,7,12,1,5,541.99,725.81,604.38,576.01,628.1516666666668,61.48019162558704,0.2588190451025207,0.9659258262890684,-0.9749279121818236,-0.2225209339563146,-1
2025-07-15 00:00:00,Hostel_B,Hostel,780.65,40.26,75.59,387,1,1,0,0.0,36,640.13,6245.18,2025,7,15,0,1,654.99,550.44,636.61,665.3266666666667,613.5341666666667,73.10451784746445,0.0,1.0,0.7818314824680298,0.6234898018587336,-1
2025-07-15 18:00:00,Hostel_B,Hostel,743.67,32.61,66.42,350,1,0,0,0.0,35,609.81,5949.32,2025,7,15,18,1,556.8,693.84,539.58,626.66,614.1804166666666,69.69055200634718,-1.0,-1.8369701987210292e-16,0.7818314824680298,0.6234898018587336,-1
2025-07-26 22:00:00,Hostel_B,Hostel,635.08,33.98,64.28,280,0,1,1,0.0,10,520.77,5080.67,2025,7,26,22,5,620.61,750.86,748.11,644.5666666666667,650.0137500000001,67.67982467423184,-0.5000000000000004,0.8660254037844384,-0.9749279121818236,-0.2225209339563146,-1
2025-07-27 20:00:00,Hostel_B,Hostel,730.44,29.27,72.28,378,1,0,1,0.0,21,598.96,5843.51,2025,7,27,20,6,681.72,678.01,577.21,695.5333333333334,632.2066666666666,52.05858319295718,-0.8660254037844386,0.5000000000000001,-0.7818314824680299,0.6234898018587334,-1
2025-08-02 09:00:00,Hostel_B,Hostel,570.99,26.9,91.05,122,1,0,1,59.05,20,468.21,4567.9,2025,8,2,9,5,681.49,639.01,646.08,660.4266666666666,642.04125,62.63961292237721,0.7071067811865476,-0.7071067811865475,-0.9749279121818236,-0.2225209339563146,-1
2025-08-06 03:00:00,Hostel_B,Hostel,687.49,33.71,73.76,296,1,0,0,0.0,12,563.74,5499.91,2025,8,6,3,2,606.03,693.34,654.23,651.3966666666666,616.34375,53.215132435322005,0.7071067811865476,0.7071067811865476,0.9749279121818236,-0.2225209339563143,-1
2025-08-10 18:00:00,Hostel_B,Hostel,536.59,17.81,73.71,76,1,0,1,0.0,11,440.0,4292.7,2025,8,10,18,6,474.08,674.59,749.42,541.3966666666666,625.0041666666667,68.02459605790168,-1.0,-1.8369701987210292e-16,-0.7818314824680299,0.6234898018587334,-1
2025-08-15 21:00:00,Hostel_B,Hostel,704.45,29.14,64.09,280,1,1,0,0.0,34,577.65,5635.57,2025,8,15,21,4,664.45,620.72,714.37,644.45,613.3416666666667,63.75550790642307,-0.7071067811865477,0.7071067811865474,-0.433883739117558,-0.9009688679024191,-1
2025-08-23 23:00:00,Hostel_B,Hostel,661.8,23.81,59.59,177,0,1,1,0.0,39,542.67,5294.37,2025,8,23,23,5,733.83,748.13,670.24,679.4433333333334,621.8066666666666,75.52000072924436,-0.2588190451025215,0.965925826289068,-0.9749279121818236,-0.2225209339563146,-1
2025-08-24 10:00:00,Hostel_B,Hostel,722.68,25.27,66.92,391,0,1,1,8.24,37,592.59,5781.41,2025,8,24,10,6,497.71,603.82,531.51,618.91,610.1354166666666,68.60279471929212,0.4999999999999999,-0.8660254037844387,-0.7818314824680299,0.6234898018587334,-1
2025-08-28 04:00:00,Hostel_B,Hostel,532.4,26.23,65.94,27,1,0,0,0.0,7,436.57,4259.22,2025,8,28,4,3,706.64,716.91,695.97,619.7266666666666,632.8312500000001,65.79798195085,0.8660254037844386,0.5000000000000001,0.4338837391175582,-0.900968867902419,-1
2025-08-31 17:00:00,Hostel_B,Hostel,499.17,20.8,60.34,60,1,1,1,69.44,28,409.32,3993.35,2025,8,31,17,6,576.58,524.36,622.85,533.6966666666666,612.4329166666666,68.43936132139086,-0.9659258262890684,-0.2588190451025206,-0.7818314824680299,0.6234898018587334,-1
2025-09-05 06:00:00,Hostel_B,Hostel,641.04,29.59,94.77,244,1,0,0,0.0,16,525.65,5128.29,2025,9,5,6,4,704.2,639.91,549.81,682.6899999999999,621.2970833333334,60.22380696955241,1.0,6.123233995736766e-17,-0.433883739117558,-0.9009688679024191,-1
2025-09-07 02:00:00,Hostel_B,Hostel,725.68,37.78,63.57,389,0,1,1,0.0,12,595.06,5805.46,2025,9,7,2,6,758.71,671.17,731.64,717.5099999999999,626.3870833333333,69.60891987314466,0.4999999999999999,0.8660254037844387,-0.7818314824680299,0.6234898018587334,-1
2025-09-07 17:00:00,Hostel_B,Hostel,706.58,36.32,56.66,338,0,1,1,30.74,29,579.39,5652.6,2025,9,7,17,6,546.06,658.78,499.17,612.67,612.9879166666667,76.36735114928459,-0.9659258262890684,-0.2588190451025206,-0.7818314824680299,0.6234898018587334,-1
2025-09-07 21:00:00,Hostel_B,Hostel,694.99,25.49,71.31,307,0,1,1,0.0,38,569.89,5559.93,2025,9,7,21,6,689.44,547.94,646.22,676.2533333333334,630.0008333333333,75.15359813288316,-0.7071067811865477,0.7071067811865474,-0.7818314824680299,0.6234898018587334,-1
2025-09-17 23:00:00,Hostel_B,Hostel,721.34,34.41,76.42,367,0,1,0,0.0,37,591.5,5770.69,2025,9,17,23,2,752.93,663.42,596.03,730.8066666666667,645.79,67.47582137006684,-0.2588190451025215,0.965925826289068,0.9749279121818236,-0.2225209339563143,-1
2025-09-27 13:00:00,Hostel_B,Hostel,670.62,24.71,78.77,342,1,0,1,46.18,26,549.91,5364.94,2025,9,27,13,5,552.02,565.81,654.63,651.0666666666667,648.0354166666667,42.84163831755067,-0.2588190451025208,-0.9659258262890684,-0.9749279121818236,-0.2225209339563146,-1
2025-09-28 05:00:00,Hostel_B,Hostel,721.56,31.72,63.14,399,1,0,1,0.0,32,591.68,5772.49,2025,9,28,5,6,615.6,697.15,574.84,661.1066666666667,638.4604166666667,63.900409094367646,0.9659258262890684,0.2588190451025207,-0.7818314824680299,0.6234898018587334,-1
2025-09-28 12:00:00,Hostel_B,Hostel,667.77,34.17,80.1,357,1,0,1,40.73,13,547.57,5342.19,2025,9,28,12,6,708.36,552.02,646.31,699.8733333333333,640.3662499999999,71.4219090008527,1.2246467991473532e-16,-1.0,-0.7818314824680299,0.6234898018587334,-1
2025-09-28 15:00:00,Hostel_B,Hostel,508.21,32.06,46.44,31,0,1,1,33.09,7,416.73,4065.67,2025,9,28,15,6,763.5,678.64,532.67,672.9333333333333,640.37,82.91330422429985,-0.7071067811865471,-0.7071067811865479,-0.7818314824680299,0.6234898018587334,-1
2025-10-01 06:00:00,Hostel_B,Hostel,729.94,31.26,33.83,358,1,0,0,0.0,33,598.55,5839.52,2025,10,1,6,2,612.92,646.29,627.14,665.6466666666666,646.48625,50.44201783817655,1.0,6.123233995736766e-17,0.9749279121818236,-0.2225209339563143,-1
2025-10-02 00:00:00,Hostel_B,Hostel,705.94,26.02,51.38,298,1,0,0,0.0,24,578.87,5647.54,2025,10,2,0,3,545.02,680.64,653.67,650.4,628.7320833333333,71.03310091714886,0.0,1.0,0.4338837391175582,-0.900968867902419,-1
2025-10-04 05:00:00,Hostel_B,Hostel,701.14,26.97,80.92,236,0,1,1,0.0,38,574.94,5609.15,2025,10,4,5,5,576.81,698.11,697.15,647.2733333333333,600.8116666666666,67.73823585761318,0.9659258262890684,0.2588190451025207,-0.9749279121818236,-0.2225209339563146,-1
2025-10-04 19:00:00,Hostel_B,Hostel,521.09,32.82,68.15,73,1,0,1,0.0,10,427.3,4168.74,2025,10,4,19,5,676.7,570.76,680.19,568.36,621.3662499999999,70.96278337591193,-0.9659258262890684,0.2588190451025203,-0.9749279121818236,-0.2225209339563146,-1
2025-10-05 08:00:00,Hostel_B,Hostel,646.51,28.4,55.64,250,1,1,1,43.78,26,530.14,5172.11,2025,10,5,8,6,612.78,579.66,477.66,596.0133333333333,618.2529166666667,62.75077006138807,0.8660254037844387,-0.4999999999999998,-0.7818314824680299,0.6234898018587334,-1
2025-10-08 13:00:00,Hostel_B,Hostel,663.77,32.0,57.46,326,1,0,0,45.31,10,544.29,5310.17,2025,10,8,13,2,658.15,682.36,681.69,637.4366666666666,638.6883333333334,59.63511401169959,-0.2588190451025208,-0.9659258262890684,0.9749279121818236,-0.2225209339563143,-1
2025-11-02 12:00:00,Hostel_B,Hostel,645.08,24.36,51.7,310,0,1,1,60.61,30,528.97,5160.65,2025,11,2,12,6,690.47,701.49,617.15,682.93,645.95875,68.11910262068753,1.2246467991473532e-16,-1.0,-0.7818314824680299,0.6234898018587334,-1
2025-11-03 15:00:00,Hostel_B,Hostel,658.68,32.32,96.3,315,1,0,0,40.98,23,540.12,5269.46,2025,11,3,15,0,628.34,656.15,689.35,644.0500000000001,627.44875,59.66390302734606,-0.7071067811865471,-0.7071067811865479,0.0,1.0,-1
2025-11-05 10:00:00,Hostel_B,Hostel,700.97,29.25,54.71,371,1,0,0,69.29,19,574.79,5607.75,2025,11,5,10,2,634.54,526.72,577.41,612.2966666666667,612.9325,64.58156920077798,0.4999999999999999,-0.8660254037844387,0.9749279121818236,-0.2225209339563143,-1
2025-11-06 10:00:00,Hostel_B,Hostel,539.8,19.7,64.74,156,1,0,0,36.37,8,442.64,4318.44,2025,11,6,10,3,713.17,700.97,647.21,659.1066666666667,623.8504166666667,62.673892663197606,0.4999999999999999,-0.8660254037844387,0.4338837391175582,-0.900968867902419,-1
2025-11-08 11:00:00,Hostel_B,Hostel,531.98,23.0,49.54,28,1,0,1,49.29,21,436.22,4255.81,2025,11,8,11,5,635.43,599.31,560.22,613.8066666666667,627.5170833333333,66.34897282905781,0.258819045102521,-0.9659258262890682,-0.9749279121818236,-0.2225209339563146,-1
2025-11-13 05:00:00,Hostel_B,Hostel,644.41,27.65,64.63,204,1,1,0,0.0,28,528.42,5155.27,2025,11,13,5,3,716.06,588.92,536.81,656.5933333333332,625.6033333333334,69.4961065325853,0.9659258262890684,0.2588190451025207,0.4338837391175582,-0.900968867902419,-1
2025-11-15 16:00:00,Hostel_B,Hostel,617.62,33.23,55.07,199,1,1,1,54.09,17,506.45,4940.99,2025,11,15,16,5,512.11,710.44,573.4,565.6033333333334,613.77375,73.18885777710626,-0.8660254037844385,-0.5000000000000004,-0.9749279121818236,-0.2225209339563146,-1
2025-11-17 12:00:00,Hostel_B,Hostel,547.85,28.57,55.06,136,1,1,0,68.8,29,449.23,4382.76,2025,11,17,12,0,588.91,579.65,678.32,565.4533333333334,613.6808333333333,71.41829797910317,1.2246467991473532e-16,-1.0,0.0,1.0,-1
2025-11-19 23:00:00,Hostel_B,Hostel,739.16,24.29,35.59,371,1,0,0,0.0,37,606.11,5913.29,2025,11,19,23,2,566.49,685.07,637.62,681.6633333333333,612.635,64.20616833431195,-0.2588190451025215,0.965925826289068,0.9749279121818236,-0.2225209339563143,-1
2025-11-22 09:00:00,Hostel_B,Hostel,717.64,32.85,66.58,387,0,1,1,56.37,5,588.47,5741.15,2025,11,22,9,5,601.32,594.49,664.96,634.65,626.4208333333333,61.433786973326384,0.7071067811865476,-0.7071067811865475,-0.9749279121818236,-0.2225209339563146,-1
2025-11-23 01:00:00,Hostel_B,Hostel,707.69,24.03,74.86,388,1,0,1,0.0,19,580.3,5661.51,2025,11,23,1,6,559.87,637.48,577.71,639.3166666666666,629.535,68.76505349818801,0.2588190451025207,0.9659258262890684,-0.7818314824680299,0.6234898018587334,-1
2025-11-27 17:00:00,Hostel_B,Hostel,682.72,29.8,66.71,355,1,1,0,42.96,9,559.83,5461.75,2025,11,27,17,3,596.48,569.8,623.59,618.1066666666666,602.6116666666667,52.32452086792769,-0.9659258262890684,-0.2588190451025206,0.4338837391175582,-0.900968867902419,-1
2025-11-30 06:00:00,Hostel_B,Hostel,603.33,33.94,55.84,110,0,1,1,0.0,28,494.73,4826.67,2025,11,30,6,6,711.3,692.0,686.47,696.1166666666667,628.5770833333333,71.12275282484546,1.0,6.123233995736766e-17,-0.7818314824680299,0.6234898018587334,-1
2025-11-30 07:00:00,Hostel_B,Hostel,675.89,36.02,67.52,272,0,1,1,48.5,29,554.23,5407.09,2025,11,30,7,6,603.33,515.61,696.32,663.5066666666665,635.2554166666667,67.48616740579614,0.9659258262890684,-0.2588190451025206,-0.7818314824680299,0.6234898018587334,-1
2025-12-02 05:00:00,Hostel_B,Hostel,547.61,21.26,58.18,73,1,0,0,0.0,20,449.04,4380.87,2025,12,2,5,1,608.71,721.28,714.2,613.8533333333334,641.3741666666667,61.97355325962111,0.9659258262890684,0.2588190451025207,0.7818314824680298,0.6234898018587336,-1
2025-12-07 11:00:00,Hostel_B,Hostel,543.81,26.06,81.09,105,1,0,1,51.47,24,445.92,4350.47,2025,12,7,11,6,520.96,527.81,619.57,582.1033333333331,616.7837499999999,68.56817697752953,0.258819045102521,-0.9659258262890682,-0.7818314824680299,0.6234898018587334,-1
2025-12-07 18:00:00,Hostel_B,Hostel,710.15,30.26,76.32,350,0,1,1,0.0,16,582.32,5681.2,2025,12,7,18,6,551.73,561.9,669.62,621.9966666666666,623.6520833333333,69.93637922390106,-1.0,-1.8369701987210292e-16,-0.7818314824680299,0.6234898018587334,-1
2025-12-09 06:00:00,Hostel_B,Hostel,763.13,33.31,72.17,391,1,0,0,0.0,33,625.76,6105.0,2025,12,9,6,1,815.84,679.73,647.38,766.9766666666666,631.80875,76.33571574544592,1.0,6.123233995736766e-17,0.7818314824680298,0.6234898018587336,-1
2025-12-11 18:00:00,Hostel_B,Hostel,560.28,22.18,42.83,98,1,0,0,0.0,5,459.43,4482.21,2025,12,11,18,3,681.78,613.25,515.63,624.0233333333332,633.695,64.26334759003927,-1.0,-1.8369701987210292e-16,0.4338837391175582,-0.900968867902419,-1
2025-12-13 17:00:00,Hostel_B,Hostel,648.3,27.56,73.06,267,1,0,1,73.57,35,531.6,5186.38,2025,12,13,17,5,600.83,495.97,677.3,633.17,620.3891666666667,45.29599482406258,-0.9659258262890684,-0.2588190451025206,-0.9749279121818236,-0.2225209339563146,-1
2025-12-14 04:00:00,Hostel_B,Hostel,647.5,30.06,49.4,311,1,0,1,0.0,8,530.95,5179.98,2025,12,14,4,6,622.58,570.61,598.93,665.6933333333333,627.44125,50.2918478407697,0.8660254037844386,0.5000000000000001,-0.7818314824680299,0.6234898018587334,-1
2025-12-14 07:00:00,Hostel_B,Hostel,712.43,23.95,67.58,347,0,1,1,49.72,37,584.19,5699.44,2025,12,14,7,6,543.43,600.49,488.6,630.0933333333331,625.9766666666667,53.999944015000615,0.9659258262890684,-0.2588190451025206,-0.7818314824680299,0.6234898018587334,-1
2025-12-19 02:00:00,Hostel_B,Hostel,613.5,27.33,55.93,104,1,0,0,0.0,33,503.07,4907.97,2025,12,19,2,4,739.11,724.31,711.26,694.8133333333332,633.9329166666666,53.6340539517297,0.4999999999999999,0.8660254037844387,-0.433883739117558,-0.9009688679024191,-1
2025-12-20 23:00:00,Hostel_B,Hostel,640.43,22.61,51.98,292,0,1,1,0.0,6,525.15,5123.42,2025,12,20,23,5,709.13,716.94,541.13,640.0633333333332,628.0445833333333,54.49745610171154,-0.2588190451025215,0.965925826289068,-0.9749279121818236,-0.2225209339563146,-1
2025-12-21 17:00:00,Hostel_B,Hostel,595.97,22.96,70.36,204,1,0,1,62.09,18,488.69,4767.75,2025,12,21,17,6,697.05,649.65,719.38,628.6766666666666,647.36375,51.34043180087052,-0.9659258262890684,-0.2588190451025206,-0.7818314824680299,0.6234898018587334,-1
2025-12-22 15:00:00,Hostel_B,Hostel,670.02,31.07,58.94,319,1,0,0,59.02,34,549.41,5360.12,2025,12,22,15,0,628.06,593.01,522.13,617.3199999999998,620.71,57.42820069254014,-0.7071067811865471,-0.7071067811865479,0.0,1.0,-1
2025-12-28 11:00:00,Hostel_B,Hostel,676.65,31.95,71.32,375,0,1,1,52.59,12,554.85,5413.18,2025,12,28,11,6,621.6,553.21,681.92,673.2066666666666,607.1004166666667,70.12562116157869,0.258819045102521,-0.9659258262890682,-0.7818314824680299,0.6234898018587334,-1
2025-12-30 12:00:00,Hostel_B,Hostel,725.46,28.7,51.05,347,1,0,0,10.36,36,594.88,5803.67,2025,12,30,12,1,533.44,636.15,694.41,640.9599999999999,637.5766666666667,69.62630947432466,1.2246467991473532e-16,-1.0,0.7818314824680298,0.6234898018587336,-1
2025-01-08 21:00:00,Robotics_Lab,Lab,718.96,18.99,55.33,201,1,0,0,0.0,20,589.55,5751.71,2025,1,8,21,2,763.43,703.1,788.87,765.9666666666666,719.0933333333334,74.75368908544952,-0.7071067811865477,0.7071067811865474,0.9749279121818236,-0.2225209339563143,-1
2025-01-10 16:00:00,Robotics_Lab,Lab,811.39,28.17,57.83,352,1,0,0,35.85,95,665.34,6491.14,2025,1,10,16,4,694.01,666.4,735.29,723.9133333333334,714.6879166666666,65.923008253645,-0.8660254037844385,-0.5000000000000004,-0.433883739117558,-0.9009688679024191,-1
2025-01-11 13:00:00,Robotics_Lab,Lab,724.68,23.85,75.22,278,1,0,1,39.34,57,594.24,5797.45,2025,1,11,13,5,743.8,709.12,639.47,697.3166666666666,716.2637500000001,63.369445648891606,-0.2588190451025208,-0.9659258262890684,-0.9749279121818236,-0.2225209339563146,-1
2025-01-12 08:00:00,Robotics_Lab,Lab,687.01,26.67,73.85,42,0,1,1,15.74,96,563.35,5496.1,2025,1,12,8,6,714.02,788.92,609.73,693.0566666666667,701.4483333333334,49.16166946847454,0.8660254037844387,-0.4999999999999998,-0.7818314824680299,0.6234898018587334,-1
2025-01-12 17:00:00,Robotics_Lab,Lab,629.71,24.82,78.99,59,1,0,1,46.88,84,516.37,5037.71,2025,1,12,17,6,845.74,714.93,803.23,749.5766666666667,707.0979166666666,65.5011336097832,-0.9659258262890684,-0.2588190451025206,-0.7818314824680299,0.6234898018587334,-1
2025-01-13 13:00:00,Robotics_Lab,Lab,749.99,27.27,74.6,289,1,0,0,37.25,63,614.99,5999.91,2025,1,13,13,0,668.47,814.13,759.62,690.62,719.09,71.74016939168617,-0.2588190451025208,-0.9659258262890684,0.0,1.0,-1
2025-01-16 05:00:00,Robotics_Lab,Lab,867.57,23.29,69.33,391,0,1,0,0.0,99,711.41,6940.58,2025,1,16,5,3,700.09,747.17,630.56,768.1033333333335,725.5691666666667,67.84945797205347,0.9659258262890684,0.2588190451025207,0.4338837391175582,-0.900968867902419,-1
2025-01-17 02:00:00,Robotics_Lab,Lab,880.54,27.67,75.97,396,1,0,0,0.0,78,722.04,7044.29,2025,1,17,2,4,706.21,678.93,644.77,796.4033333333333,743.9983333333334,70.4109435458331,0.4999999999999999,0.8660254037844387,-0.433883739117558,-0.9009688679024191,-1
2025-01-17 03:00:00,Robotics_Lab,Lab,668.0,28.41,57.46,68,1,0,0,0.0,55,547.76,5344.03,2025,1,17,3,4,880.54,736.65,666.71,751.5833333333334,741.1379166666667,72.096705404988,0.7071067811865476,0.7071067811865476,-0.433883739117558,-0.9009688679024191,-1
2025-01-17 12:00:00,Robotics_Lab,Lab,604.5,24.23,55.75,155,1,0,0,33.97,49,495.69,4836.01,2025,1,17,12,4,749.11,743.16,693.3,717.87,726.7216666666667,76.60855177979222,1.2246467991473532e-16,-1.0,-0.433883739117558,-0.9009688679024191,-1
2025-01-17 20:00:00,Robotics_Lab,Lab,761.88,19.36,77.31,286,0,0,0,0.0,92,624.74,6095.04,2025,1,17,20,4,832.86,716.47,693.08,786.1666666666666,734.2054166666667,79.97139934290462,-0.8660254037844386,0.5000000000000001,-0.433883739117558,-0.9009688679024191,-1
2025-01-18 00:00:00,Robotics_Lab,Lab,745.62,32.67,62.55,207,1,0,1,0.0,37,611.41,5964.99,2025,1,18,0,5,717.88,802.46,756.32,700.9033333333333,717.1891666666666,74.77765045768035,0.0,1.0,-0.9749279121818236,-0.2225209339563146,-1
2025-01-18 11:00:00,Robotics_Lab,Lab,703.7,32.15,63.01,219,1,0,1,37.98,45,577.04,5629.63,2025,1,18,11,5,764.37,749.11,623.47,749.6966666666667,709.5566666666667,60.13518753367412,0.258819045102521,-0.9659258262890682,-0.9749279121818236,-0.2225209339563146,-1
2025-01-19 01:00:00,Robotics_Lab,Lab,703.41,29.06,50.45,104,0,1,1,0.0,64,576.8,5627.3,2025,1,19,1,6,692.06,760.41,763.99,686.2166666666666,694.5779166666666,60.658473366242966,0.2588190451025207,0.9659258262890684,-0.7818314824680299,0.6234898018587334,-1
2025-01-19 23:00:00,Robotics_Lab,Lab,699.92,33.26,61.96,27,1,0,1,0.0,99,573.94,5599.39,2025,1,19,23,6,825.89,663.18,734.65,721.1433333333333,717.6795833333334,63.87009237365204,-0.2588190451025215,0.965925826289068,-0.7818314824680299,0.6234898018587334,-1
2025-01-20 15:00:00,Robotics_Lab,Lab,663.34,21.58,77.93,192,1,0,0,67.15,48,543.94,5306.71,2025,1,20,15,0,705.36,702.69,783.32,671.89,712.0504166666666,59.57712432886557,-0.7071067811865471,-0.7071067811865479,0.0,1.0,-1
2025-01-21 03:00:00,Robotics_Lab,Lab,841.56,30.53,62.11,370,1,0,0,0.0,95,690.08,6732.47,2025,1,21,3,1,664.03,677.15,764.12,731.2233333333334,730.1370833333334,64.00607576317634,0.7071067811865476,0.7071067811865476,0.7818314824680298,0.6234898018587336,-1
2025-01-22 05:00:00,Robotics_Lab,Lab,745.64,22.66,83.48,386,1,0,0,0.0,23,611.42,5965.11,2025,1,22,5,2,811.05,776.97,747.17,770.5466666666666,744.1366666666667,62.99511000115808,0.9659258262890684,0.2588190451025207,0.9749279121818236,-0.2225209339563143,-1
2025-01-23 01:00:00,Robotics_Lab,Lab,842.88,25.31,77.56,393,0,0,0,0.0,92,691.16,6743.03,2025,1,23,1,3,829.11,689.51,644.05,789.61,753.2058333333333,58.581769676289625,0.2588190451025207,0.9659258262890684,0.4338837391175582,-0.900968867902419,-1
2025-01-23 06:00:00,Robotics_Lab,Lab,640.74,20.55,64.71,40,0,1,0,0.0,57,525.41,5125.91,2025,1,23,6,3,787.73,825.22,803.23,753.6533333333333,748.2620833333332,64.68802671143156,1.0,6.123233995736766e-17,0.4338837391175582,-0.900968867902419,-1
2025-01-23 11:00:00,Robotics_Lab,Lab,773.7,28.03,71.42,306,1,0,0,34.25,73,634.43,6189.57,2025,1,23,11,3,754.44,740.47,684.28,717.1166666666667,740.77,78.47396516486013,0.258819045102521,-0.9659258262890682,0.4338837391175582,-0.900968867902419,-1
2025-01-23 20:00:00,Robotics_Lab,Lab,811.53,23.57,68.8,267,0,1,0,0.0,92,665.46,6492.27,2025,1,23,20,3,697.23,679.75,716.47,743.6666666666666,730.9545833333333,83.37807886130183,-0.8660254037844386,0.5000000000000001,0.4338837391175582,-0.900968867902419,-1
2025-01-24 10:00:00,Robotics_Lab,Lab,729.49,27.93,48.96,233,1,0,0,42.46,62,598.18,5835.95,2025,1,24,10,4,700.17,754.44,800.0,732.44,726.3704166666666,54.373129191538354,0.4999999999999999,-0.8660254037844387,-0.433883739117558,-0.9009688679024191,-1
2025-01-25 04:00:00,Robotics_Lab,Lab,795.91,23.53,50.42,352,1,0,1,0.0,94,652.65,6367.29,2025,1,25,4,5,864.25,740.62,668.39,808.35,744.1320833333334,61.08944895587061,0.8660254037844386,0.5000000000000001,-0.9749279121818236,-0.2225209339563146,-1
2025-01-25 05:00:00,Robotics_Lab,Lab,731.71,22.47,48.88,270,1,1,1,0.0,36,600.0,5853.7,2025,1,25,5,5,795.91,758.49,693.84,797.29,743.01625,61.060360073313056,0.9659258262890684,0.2588190451025207,-0.9749279121818236,-0.2225209339563146,-1
2025-01-25 18:00:00,Robotics_Lab,Lab,748.3,26.55,61.48,335,1,0,1,0.0,32,613.6,5986.37,2025,1,25,18,5,732.67,711.14,664.61,747.18,745.1454166666667,68.96699594917602,-1.0,-1.8369701987210292e-16,-0.9749279121818236,-0.2225209339563146,-1
2025-01-26 00:00:00,Robotics_Lab,Lab,730.31,35.99,60.29,43,0,0,1,0.0,91,598.85,5842.47,2025,1,26,0,6,682.85,624.06,692.06,734.31,742.8062500000001,64.92644050485494,0.0,1.0,-0.7818314824680299,0.6234898018587334,-1
2025-01-26 02:00:00,Robotics_Lab,Lab,854.75,27.32,69.07,392,0,0,1,0.0,83,700.9,6838.01,2025,1,26,2,6,738.63,764.89,860.45,774.5633333333334,745.0499999999998,68.48742194897854,0.4999999999999999,0.8660254037844387,-0.7818314824680299,0.6234898018587334,-1
2025-01-26 05:00:00,Robotics_Lab,Lab,771.83,26.55,60.49,179,0,1,1,0.0,99,632.9,6174.67,2025,1,26,5,6,802.14,731.71,788.19,750.85,739.245,65.43989269949766,0.9659258262890684,0.2588190451025207,-0.7818314824680299,0.6234898018587334,-1
2025-01-26 20:00:00,Robotics_Lab,Lab,755.57,25.72,59.51,218,0,1,1,0.0,85,619.57,6044.55,2025,1,26,20,6,726.81,787.39,701.3,764.9233333333333,722.265,63.03190662017077,-0.8660254037844386,0.5000000000000001,-0.7818314824680299,0.6234898018587334,-1
2025-01-28 07:00:00,Robotics_Lab,Lab,620.87,28.88,50.65,57,1,0,0,59.77,46,509.11,4966.95,2025,1,28,7,1,720.24,703.48,754.63,702.0066666666667,708.07,51.36319516337856,0.9659258262890684,-0.2588190451025206,0.7818314824680298,0.6234898018587336,-1
2025-01-29 03:00:00,Robotics_Lab,Lab,797.72,24.65,64.6,236,0,1,0,0.0,99,654.13,6381.73,2025,1,29,3,2,748.92,755.83,754.95,740.2433333333333,703.0637499999999,71.03661216538121,0.7071067811865476,0.7071067811865476,0.9749279121818236,-0.2225209339563143,-1
2025-01-29 10:00:00,Robotics_Lab,Lab,741.45,19.8,77.67,285,1,0,0,48.89,48,607.99,5931.58,2025,1,29,10,2,806.36,796.89,712.86,790.1433333333334,724.0504166666666,71.61729639756811,0.4999999999999999,-0.8660254037844387,0.9749279121818236,-0.2225209339563143,-1
2025-01-30 23:00:00,Robotics_Lab,Lab,744.6,26.53,77.47,297,1,0,0,0.0,42,610.57,5956.79,2025,1,30,23,3,685.5,877.43,831.17,761.81,727.9879166666666,62.34343115769703,-0.2588190451025215,0.965925826289068,0.4338837391175582,-0.900968867902419,-1
2025-01-31 21:00:00,Robotics_Lab,Lab,801.99,26.04,86.33,336,0,0,0,0.0,75,657.64,6415.96,2025,1,31,21,4,732.1,855.33,801.24,732.1233333333333,709.6629166666667,67.63828620454831,-0.7071067811865477,0.7071067811865474,-0.433883739117558,-0.9009688679024191,-1
2025-01-31 22:00:00,Robotics_Lab,Lab,868.3,31.02,61.79,348,0,0,0,0.0,99,712.01,6946.4,2025,1,31,22,4,801.99,685.5,798.73,800.7966666666666,717.2795833333333,74.72067390297336,-0.5000000000000004,0.8660254037844384,-0.433883739117558,-0.9009688679024191,-1
2025-02-01 00:00:00,Robotics_Lab,Lab,870.39,29.14,43.78,394,0,1,1,0.0,65,713.72,6963.15,2025,2,1,0,5,630.38,685.09,624.06,789.6899999999999,720.24125,82.72909352676882,0.0,1.0,-0.9749279121818236,-0.2225209339563146,-1
2025-02-01 02:00:00,Robotics_Lab,Lab,816.63,24.95,75.78,388,0,0,1,0.0,66,669.63,6533.02,2025,2,1,2,5,728.84,830.24,764.89,805.2866666666667,717.37875,80.87200328766971,0.4999999999999999,0.8660254037844387,-0.9749279121818236,-0.2225209339563146,-1
2025-02-01 03:00:00,Robotics_Lab,Lab,649.76,28.88,74.15,25,0,0,1,0.0,84,532.81,5198.1,2025,2,1,3,5,816.63,846.16,864.25,731.7433333333333,709.1954166666666,77.12410647663171,0.7071067811865476,0.7071067811865476,-0.9749279121818236,-0.2225209339563146,-1
2025-02-01 05:00:00,Robotics_Lab,Lab,840.68,22.47,59.35,399,0,0,1,0.0,91,689.36,6725.42,2025,2,1,5,5,684.05,759.41,731.71,724.8299999999999,711.1125000000001,81.29800597854134,0.9659258262890684,0.2588190451025207,-0.9749279121818236,-0.2225209339563146,-1
2025-02-01 06:00:00,Robotics_Lab,Lab,713.91,28.7,90.28,128,0,0,1,0.0,60,585.41,5711.3,2025,2,1,6,5,840.68,730.32,816.79,746.2133333333333,710.42875,81.19838573639036,1.0,6.123233995736766e-17,-0.9749279121818236,-0.2225209339563146,-1
2025-02-01 16:00:00,Robotics_Lab,Lab,816.84,28.64,69.47,371,0,0,1,51.84,97,669.8,6534.68,2025,2,1,16,5,578.42,696.33,760.57,677.34,726.6529166666666,90.10971614258422,-0.8660254037844385,-0.5000000000000004,-0.9749279121818236,-0.2225209339563146,-1
2025-02-02 02:00:00,Robotics_Lab,Lab,780.31,34.81,54.62,227,0,0,1,0.0,77,639.85,6242.45,2025,2,2,2,6,649.9,816.63,854.75,689.9833333333332,703.5208333333334,80.41225036007253,0.4999999999999999,0.8660254037844387,-0.7818314824680299,0.6234898018587334,-1
2025-02-02 04:00:00,Robotics_Lab,Lab,824.49,25.98,69.74,288,0,0,1,0.0,72,676.08,6595.92,2025,2,2,4,6,758.42,684.05,802.14,787.7399999999999,713.9,83.53953945392503,0.8660254037844386,0.5000000000000001,-0.7818314824680299,0.6234898018587334,-1
2025-02-02 05:00:00,Robotics_Lab,Lab,637.06,23.74,70.27,20,0,0,1,0.0,60,522.39,5096.46,2025,2,2,5,6,824.49,840.68,771.83,739.9899999999999,705.4158333333334,80.38422086761013,0.9659258262890684,0.2588190451025207,-0.7818314824680299,0.6234898018587334,-1
2025-02-02 07:00:00,Robotics_Lab,Lab,756.49,31.05,60.87,216,0,0,1,35.08,97,620.32,6051.9,2025,2,2,7,6,661.98,800.54,736.76,685.1766666666666,701.4166666666666,79.01787699032378,0.9659258262890684,-0.2588190451025206,-0.7818314824680299,0.6234898018587334,-1
2025-02-02 08:00:00,Robotics_Lab,Lab,749.12,27.61,52.15,233,0,0,1,55.37,90,614.28,5992.96,2025,2,2,8,6,756.49,751.62,671.57,722.5300000000001,701.3125,78.950437190738,0.8660254037844387,-0.4999999999999998,-0.7818314824680299,0.6234898018587334,-1
2025-02-02 09:00:00,Robotics_Lab,Lab,659.98,30.12,63.74,185,0,1,1,39.5,25,541.18,5279.85,2025,2,2,9,6,749.12,686.36,759.45,721.8633333333333,700.2133333333333,79.35028219267996,0.7071067811865476,-0.7071067811865475,-0.7818314824680299,0.6234898018587334,-1
2025-02-02 11:00:00,Robotics_Lab,Lab,770.98,32.05,79.87,337,0,0,1,59.98,62,632.21,6167.88,2025,2,2,11,6,732.79,791.55,769.01,721.25,700.3441666666666,78.70321041552317,0.258819045102521,-0.9659258262890682,-0.7818314824680299,0.6234898018587334,-1
2025-02-04 19:00:00,Robotics_Lab,Lab,665.52,20.81,49.88,195,1,0,0,0.0,28,545.72,5324.13,2025,2,4,19,1,849.91,788.48,768.13,710.4166666666666,710.5991666666667,60.13527792776262,-0.9659258262890684,0.2588190451025203,0.7818314824680298,0.6234898018587336,-1
2025-02-05 05:00:00,Robotics_Lab,Lab,834.81,24.52,63.33,346,1,0,0,0.0,85,684.55,6678.5,2025,2,5,5,2,668.44,790.93,799.81,743.5033333333334,719.8112499999999,61.29468402458655,0.9659258262890684,0.2588190451025207,0.9749279121818236,-0.2225209339563143,-1
2025-02-08 05:00:00,Robotics_Lab,Lab,889.58,29.22,71.1,387,1,0,1,0.0,97,729.46,7116.66,2025,2,8,5,5,851.67,794.01,840.68,847.2833333333333,726.5879166666667,79.26079100742804,0.9659258262890684,0.2588190451025207,-0.9749279121818236,-0.2225209339563146,-1
2025-02-08 16:00:00,Robotics_Lab,Lab,597.39,31.55,92.4,90,0,1,1,49.35,20,489.86,4779.09,2025,2,8,16,5,714.11,573.72,816.84,681.9433333333333,728.2179166666666,80.20917853686053,-0.8660254037844385,-0.5000000000000004,-0.9749279121818236,-0.2225209339563146,-1
2025-02-08 21:00:00,Robotics_Lab,Lab,806.4,19.92,56.78,343,0,0,1,0.0,97,661.25,6451.2,2025,2,8,21,5,720.69,767.73,672.05,749.9866666666667,739.8683333333333,80.77708347354941,-0.7071067811865477,0.7071067811865474,-0.9749279121818236,-0.2225209339563146,-1
2025-02-09 00:00:00,Robotics_Lab,Lab,826.72,25.57,53.05,392,0,0,1,0.0,71,677.91,6613.78,2025,2,9,0,6,671.26,703.6,639.74,770.1033333333334,744.6483333333334,83.33623032065941,0.0,1.0,-0.7818314824680299,0.6234898018587334,-1
2025-02-09 02:00:00,Robotics_Lab,Lab,732.81,25.66,61.4,185,0,1,1,0.0,72,600.9,5862.49,2025,2,9,2,6,768.24,753.19,780.31,775.9233333333333,748.4570833333333,81.35536018145116,0.4999999999999999,0.8660254037844387,-0.7818314824680299,0.6234898018587334,-1
2025-02-09 03:00:00,Robotics_Lab,Lab,594.28,29.84,61.64,27,0,1,1,0.0,41,487.31,4754.27,2025,2,9,3,6,732.81,800.6,758.42,698.4433333333333,739.8604166666665,86.35316803831597,0.7071067811865476,0.7071067811865476,-0.7818314824680299,0.6234898018587334,-1
2025-02-09 04:00:00,Robotics_Lab,Lab,763.73,25.09,73.36,180,1,0,1,0.0,91,626.26,6109.83,2025,2,9,4,6,594.28,851.67,824.49,696.9399999999999,736.1962500000001,83.21113762265558,0.8660254037844386,0.5000000000000001,-0.7818314824680299,0.6234898018587334,-1
2025-02-09 07:00:00,Robotics_Lab,Lab,736.14,22.26,59.05,339,1,0,1,51.38,68,603.64,5889.15,2025,2,9,7,6,764.2,691.89,756.49,701.5233333333334,724.8837500000001,79.53164335044089,0.9659258262890684,-0.2588190451025206,-0.7818314824680299,0.6234898018587334,-1
2025-02-12 11:00:00,Robotics_Lab,Lab,834.97,28.38,76.14,361,1,0,0,35.18,96,684.67,6679.73,2025,2,12,11,2,693.09,691.95,640.9,754.9499999999999,725.5820833333333,66.84000077922396,0.258819045102521,-0.9659258262890682,0.9749279121818236,-0.2225209339563143,-1
2025-02-15 00:00:00,Robotics_Lab,Lab,844.62,28.95,55.12,301,0,0,1,0.0,96,692.59,6756.98,2025,2,15,0,5,731.77,807.64,703.6,792.63,733.7820833333334,78.2800712591691,0.0,1.0,-0.9749279121818236,-0.2225209339563146,-1
2025-02-15 06:00:00,Robotics_Lab,Lab,712.79,23.51,68.54,161,1,0,1,0.0,63,584.49,5702.32,2025,2,15,6,5,705.41,845.15,794.6,681.4966666666666,721.1929166666667,75.95813855580126,1.0,6.123233995736766e-17,-0.9749279121818236,-0.2225209339563146,-1
2025-02-15 12:00:00,Robotics_Lab,Lab,780.1,31.0,63.53,260,0,1,1,62.09,99,639.68,6240.76,2025,2,15,12,5,763.08,739.16,587.19,743.93,722.3220833333334,73.44367217417386,1.2246467991473532e-16,-1.0,-0.9749279121818236,-0.2225209339563146,-1
2025-02-16 00:00:00,Robotics_Lab,Lab,763.34,32.5,44.08,188,0,0,1,0.0,66,625.94,6106.76,2025,2,16,0,6,768.29,844.62,826.72,779.3866666666667,718.9133333333333,48.95658144383288,0.0,1.0,-0.7818314824680299,0.6234898018587334,-1
2025-02-16 01:00:00,Robotics_Lab,Lab,727.42,17.88,60.35,253,0,1,1,0.0,63,596.49,5819.39,2025,2,16,1,6,763.34,746.11,768.24,753.0166666666668,718.1345833333334,48.65286434028798,0.2588190451025207,0.9659258262890684,-0.7818314824680299,0.6234898018587334,-1
2025-02-16 20:00:00,Robotics_Lab,Lab,737.5,23.08,46.7,335,1,0,1,0.0,38,604.75,5899.96,2025,2,16,20,6,656.83,705.29,697.94,725.1933333333333,721.4641666666666,50.49800554965247,-0.8660254037844386,0.5000000000000001,-0.7818314824680299,0.6234898018587334,-1
2025-02-17 08:00:00,Robotics_Lab,Lab,635.06,32.44,39.81,51,1,0,0,20.13,36,520.75,5080.51,2025,2,17,8,0,720.57,699.67,731.79,703.9666666666667,700.82125,49.3362392878211,0.8660254037844387,-0.4999999999999998,0.0,1.0,-1
2025-02-17 19:00:00,Robotics_Lab,Lab,816.55,28.52,64.87,255,1,0,0,0.0,99,669.57,6532.4,2025,2,17,19,0,761.67,656.83,723.92,746.07,705.4129166666667,68.73045635126805,-0.9659258262890684,0.2588190451025203,0.0,1.0,-1
2025-02-22 00:00:00,Robotics_Lab,Lab,676.92,31.36,51.51,203,1,0,1,0.0,24,555.07,5415.36,2025,2,22,0,5,709.97,771.52,844.62,736.6266666666667,735.5433333333334,59.25837946005574,0.0,1.0,-0.9749279121818236,-0.2225209339563146,-1
2025-02-22 13:00:00,Robotics_Lab,Lab,701.69,26.76,56.44,132,1,0,1,25.96,64,575.39,5613.54,2025,2,22,13,5,678.59,822.7,696.92,711.85,726.7608333333333,64.12590902257095,-0.2588190451025208,-0.9659258262890684,-0.9749279121818236,-0.2225209339563146,-1
2025-02-22 18:00:00,Robotics_Lab,Lab,748.54,29.33,68.06,203,1,0,1,0.0,85,613.8,5988.28,2025,2,22,18,5,712.73,728.26,735.75,695.7966666666667,723.1154166666666,62.45145091635572,-1.0,-1.8369701987210292e-16,-0.9749279121818236,-0.2225209339563146,-1
2025-02-23 00:00:00,Robotics_Lab,Lab,691.96,27.49,55.06,24,0,0,1,0.0,91,567.41,5535.7,2025,2,23,0,6,604.51,676.92,763.34,645.16,709.2608333333334,60.58910627559478,0.0,1.0,-0.7818314824680299,0.6234898018587334,-1
2025-02-23 15:00:00,Robotics_Lab,Lab,618.83,36.0,70.01,48,1,0,1,35.57,35,507.44,4950.64,2025,2,23,15,6,640.54,748.16,674.14,667.5966666666667,696.5829166666666,65.9406638728536,-0.7071067811865471,-0.7071067811865479,-0.7818314824680299,0.6234898018587334,-1
2025-02-24 06:00:00,Robotics_Lab,Lab,786.05,25.49,53.57,335,1,0,0,0.0,37,644.56,6288.41,2025,2,24,6,0,767.25,762.39,756.27,782.79,731.1620833333333,73.87077123800144,1.0,6.123233995736766e-17,0.0,1.0,-1
2025-02-24 10:00:00,Robotics_Lab,Lab,797.76,29.16,57.59,310,1,1,0,59.91,94,654.16,6382.05,2025,2,24,10,0,603.9,616.8,632.56,704.9333333333334,738.2204166666667,71.31074981340008,0.4999999999999999,-0.8660254037844387,0.0,1.0,-1
2025-02-24 12:00:00,Robotics_Lab,Lab,780.75,28.63,70.69,261,0,1,0,51.36,98,640.21,6245.98,2025,2,24,12,0,692.28,709.75,777.84,756.93,737.0216666666666,71.3645693766795,1.2246467991473532e-16,-1.0,0.0,1.0,-1
2025-02-25 10:00:00,Robotics_Lab,Lab,801.58,31.41,71.0,264,1,0,0,34.78,98,657.29,6412.62,2025,2,25,10,1,647.55,797.76,683.11,730.3633333333333,726.965,58.18472621932162,0.4999999999999999,-0.8660254037844387,0.7818314824680298,0.6234898018587336,-1
2025-02-26 12:00:00,Robotics_Lab,Lab,793.27,32.0,59.55,244,1,0,0,38.57,94,650.48,6346.12,2025,2,26,12,2,567.0,756.61,770.0,694.1066666666667,743.3320833333332,77.8260623597752,1.2246467991473532e-16,-1.0,0.9749279121818236,-0.2225209339563143,-1
2025-02-28 00:00:00,Robotics_Lab,Lab,843.87,33.77,53.91,375,1,0,0,0.0,51,691.97,6750.95,2025,2,28,0,4,683.05,660.94,771.52,747.3033333333333,706.4079166666667,65.85846041712811,0.0,1.0,-0.433883739117558,-0.9009688679024191,-1
2025-02-28 23:00:00,Robotics_Lab,Lab,684.12,26.42,73.22,84,1,0,0,0.0,45,560.98,5472.96,2025,2,28,23,4,761.13,683.05,709.97,754.7333333333332,726.81625,62.414158079752745,-0.2588190451025215,0.965925826289068,-0.433883739117558,-0.9009688679024191,-1
2025-03-01 00:00:00,Robotics_Lab,Lab,861.87,27.89,77.5,396,0,0,1,0.0,71,706.74,6895.0,2025,3,1,0,5,684.12,843.87,676.92,769.04,727.56625,63.9706314961933,0.0,1.0,-0.9749279121818236,-0.2225209339563146,-1
2025-03-01 05:00:00,Robotics_Lab,Lab,704.92,30.49,63.19,163,1,0,1,0.0,74,578.04,5639.37,2025,3,1,5,5,773.71,781.43,687.61,744.3966666666666,734.2900000000001,60.08187023083438,0.9659258262890684,0.2588190451025207,-0.9749279121818236,-0.2225209339563146,-1
2025-03-01 10:00:00,Robotics_Lab,Lab,711.66,31.07,75.76,181,0,1,1,46.68,65,583.56,5693.29,2025,3,1,10,5,719.29,795.01,831.63,732.7799999999999,740.4991666666666,54.33876548154208,0.4999999999999999,-0.8660254037844387,-0.9749279121818236,-0.2225209339563146,-1
2025-03-01 16:00:00,Robotics_Lab,Lab,723.26,19.57,53.38,187,1,0,1,40.64,85,593.08,5786.11,2025,3,1,16,5,785.19,696.43,626.12,705.8566666666667,741.1758333333332,58.10868713896876,-0.8660254037844385,-0.5000000000000004,-0.9749279121818236,-0.2225209339563146,-1
2025-03-01 19:00:00,Robotics_Lab,Lab,850.46,36.12,51.71,346,0,0,1,0.0,76,697.37,6803.65,2025,3,1,19,5,752.64,779.81,792.12,799.6866666666666,746.9766666666666,62.67436398918901,-0.9659258262890684,0.2588190451025203,-0.9749279121818236,-0.2225209339563146,-1
2025-03-01 20:00:00,Robotics_Lab,Lab,838.46,23.08,65.52,322,0,0,1,0.0,94,687.54,6707.67,2025,3,1,20,5,850.46,732.56,733.73,813.8533333333334,751.3891666666667,65.28859744087929,-0.8660254037844386,0.5000000000000001,-0.9749279121818236,-0.2225209339563146,-1
2025-03-01 21:00:00,Robotics_Lab,Lab,813.67,27.93,52.87,379,0,0,1,0.0,67,667.21,6509.35,2025,3,1,21,5,838.46,818.95,763.91,834.1966666666667,751.1691666666667,65.05953674146919,-0.7071067811865477,0.7071067811865474,-0.9749279121818236,-0.2225209339563146,-1
2025-03-02 07:00:00,Robotics_Lab,Lab,793.6,28.55,69.22,351,0,0,1,70.31,95,650.76,6348.83,2025,3,2,7,6,811.34,605.61,766.24,742.3466666666667,746.0070833333334,64.17656761041133,0.9659258262890684,-0.2588190451025206,-0.7818314824680299,0.6234898018587334,-1
2025-03-02 11:00:00,Robotics_Lab,Lab,649.29,24.65,66.82,27,0,0,1,42.61,99,532.42,5194.35,2025,3,2,11,6,814.08,730.5,792.05,701.9633333333333,737.4020833333334,75.71345213765852,0.258819045102521,-0.9659258262890682,-0.7818314824680299,0.6234898018587334,-1
2025-03-02 20:00:00,Robotics_Lab,Lab,806.93,27.64,62.19,183,0,1,1,0.0,99,661.68,6455.42,2025,3,2,20,6,774.25,838.46,751.56,780.6700000000001,723.4520833333332,67.94786735490484,-0.8660254037844386,0.5000000000000001,-0.7818314824680299,0.6234898018587334,-1
2025-03-02 22:00:00,Robotics_Lab,Lab,838.61,31.0,75.68,345,0,1,1,0.0,77,687.66,6708.87,2025,3,2,22,6,661.56,767.58,798.18,769.0333333333333,720.07375,70.06844683484752,-0.5000000000000004,0.8660254037844384,-0.7818314824680299,0.6234898018587334,-1
2025-03-03 01:00:00,Robotics_Lab,Lab,730.87,24.13,71.11,191,1,0,0,0.0,97,599.31,5846.98,2025,3,3,1,0,808.69,735.83,844.92,733.5099999999999,727.0970833333332,69.52919371084168,0.2588190451025207,0.9659258262890684,0.0,1.0,-1
2025-03-03 10:00:00,Robotics_Lab,Lab,817.91,32.39,55.71,392,0,0,0,45.73,75,670.69,6543.31,2025,3,3,10,0,740.02,814.08,797.76,773.1833333333334,720.5316666666668,62.86109902805167,0.4999999999999999,-0.8660254037844387,0.0,1.0,-1
2025-03-03 12:00:00,Robotics_Lab,Lab,793.99,34.15,56.2,320,0,0,0,57.27,97,651.07,6351.89,2025,3,3,12,0,705.2,684.87,780.75,772.3666666666668,727.4079166666667,62.21777265863416,1.2246467991473532e-16,-1.0,0.0,1.0,-1
2025-03-04 01:00:00,Robotics_Lab,Lab,797.37,28.02,79.24,349,1,0,0,0.0,62,653.85,6378.99,2025,3,4,1,1,716.9,730.87,710.57,773.31,731.7154166666666,62.5854223878936,0.2588190451025207,0.9659258262890684,0.7818314824680298,0.6234898018587336,-1
2025-03-07 18:00:00,Robotics_Lab,Lab,728.97,29.85,63.02,125,1,0,0,0.0,98,597.76,5831.79,2025,3,7,18,4,604.13,640.92,746.7,645.2933333333333,715.5529166666666,60.629383784430175,-1.0,-1.8369701987210292e-16,-0.433883739117558,-0.9009688679024191,-1
2025-03-08 16:00:00,Robotics_Lab,Lab,683.72,30.01,82.88,88,1,0,1,46.73,76,560.65,5469.76,2025,3,8,16,5,814.19,602.78,723.26,765.5566666666667,704.3120833333334,64.7295373729373,-0.8660254037844385,-0.5000000000000004,-0.9749279121818236,-0.2225209339563146,-1
2025-03-09 00:00:00,Robotics_Lab,Lab,748.57,23.39,63.63,345,1,0,1,0.0,63,613.83,5988.55,2025,3,9,0,6,839.15,745.23,621.68,760.7133333333335,711.1841666666666,58.99545670913012,0.0,1.0,-0.7818314824680299,0.6234898018587334,-1
2025-03-09 14:00:00,Robotics_Lab,Lab,698.23,30.02,51.42,254,1,0,1,43.16,37,572.55,5585.84,2025,3,9,14,6,718.56,798.76,761.38,732.8733333333333,728.99625,55.30479677383951,-0.4999999999999997,-0.8660254037844388,-0.7818314824680299,0.6234898018587334,-1
2025-03-09 22:00:00,Robotics_Lab,Lab,756.91,31.21,51.64,223,0,0,1,0.0,67,620.67,6055.28,2025,3,9,22,6,760.49,694.42,838.61,744.0533333333333,745.4404166666667,46.98208923105225,-0.5000000000000004,0.8660254037844384,-0.7818314824680299,0.6234898018587334,-1
2025-03-09 23:00:00,Robotics_Lab,Lab,791.03,29.18,56.25,238,0,0,1,0.0,64,648.64,6328.2,2025,3,9,23,6,756.91,839.15,660.97,769.4766666666668,743.4354166666667,43.72280660262107,-0.2588190451025215,0.965925826289068,-0.7818314824680299,0.6234898018587334,-1
2025-03-10 05:00:00,Robotics_Lab,Lab,842.41,20.01,61.82,320,0,0,0,0.0,99,690.77,6739.26,2025,3,10,5,0,674.91,801.56,633.77,758.4899999999999,749.1341666666667,47.31464300566678,0.9659258262890684,0.2588190451025207,0.0,1.0,-1
2025-03-13 03:00:00,Robotics_Lab,Lab,837.25,34.86,68.24,390,0,1,0,0.0,89,686.54,6698.0,2025,3,13,3,3,742.11,815.07,813.92,760.7766666666666,742.0091666666666,73.50397214446694,0.7071067811865476,0.7071067811865476,0.4338837391175582,-0.900968867902419,-1
2025-03-13 21:00:00,Robotics_Lab,Lab,746.35,25.16,85.89,262,1,0,0,0.0,47,612.01,5970.82,2025,3,13,21,3,772.34,845.35,800.62,716.0300000000001,725.1816666666667,71.95377983041679,-0.7071067811865477,0.7071067811865474,0.4338837391175582,-0.900968867902419,-1
2025-03-14 04:00:00,Robotics_Lab,Lab,794.31,27.23,56.11,245,1,0,0,0.0,98,651.33,6354.48,2025,3,14,4,4,742.93,794.79,759.16,753.1466666666666,721.4783333333334,68.414422053596,0.8660254037844386,0.5000000000000001,-0.433883739117558,-0.9009688679024191,-1
2025-03-14 05:00:00,Robotics_Lab,Lab,757.33,25.74,75.86,161,1,0,0,0.0,70,621.01,6058.61,2025,3,14,5,4,794.31,846.64,678.94,764.8566666666666,717.7570833333334,63.567771673002895,0.9659258262890684,0.2588190451025207,-0.433883739117558,-0.9009688679024191,-1
2025-03-16 18:00:00,Robotics_Lab,Lab,787.14,35.23,46.08,321,1,0,1,0.0,37,645.46,6297.13,2025,3,16,18,6,640.92,808.36,680.94,686.82,702.1158333333333,60.02697342366813,-1.0,-1.8369701987210292e-16,-0.7818314824680299,0.6234898018587334,-1
2025-03-16 21:00:00,Robotics_Lab,Lab,802.31,32.62,58.34,310,0,0,1,0.0,98,657.89,6418.47,2025,3,16,21,6,831.21,780.28,760.49,757.6933333333333,703.1620833333333,67.153565412753,-0.7071067811865477,0.7071067811865474,-0.7818314824680299,0.6234898018587334,-1
2025-03-19 05:00:00,Robotics_Lab,Lab,881.43,30.42,76.07,390,0,0,0,0.0,96,722.78,7051.47,2025,3,19,5,2,686.89,829.92,770.74,793.2299999999999,728.5612499999999,68.28384074629456,0.9659258262890684,0.2588190451025207,0.9749279121818236,-0.2225209339563143,-1
2025-03-21 00:00:00,Robotics_Lab,Lab,838.73,28.18,61.44,359,0,0,0,0.0,76,687.76,6709.87,2025,3,21,0,4,810.06,839.17,813.16,792.4533333333333,706.0916666666667,51.667361884055744,0.0,1.0,-0.433883739117558,-0.9009688679024191,-1
2025-03-21 03:00:00,Robotics_Lab,Lab,767.9,27.77,54.32,220,1,1,0,0.0,97,629.67,6143.16,2025,3,21,3,4,799.28,678.56,742.93,766.5233333333332,718.8520833333333,52.99000373156315,0.7071067811865476,0.7071067811865476,-0.433883739117558,-0.9009688679024191,-1
2025-03-21 23:00:00,Robotics_Lab,Lab,633.92,29.44,44.3,70,1,0,0,0.0,30,519.81,5071.34,2025,3,21,23,4,796.0,810.06,646.2,743.82,725.5804166666667,74.83508788048421,-0.2588190451025215,0.965925826289068,-0.433883739117558,-0.9009688679024191,-1
2025-03-22 10:00:00,Robotics_Lab,Lab,736.86,32.17,59.86,260,1,0,1,47.96,73,604.23,5894.9,2025,3,22,10,5,765.36,646.93,704.48,737.8866666666668,724.4120833333333,62.60071280182986,0.4999999999999999,-0.8660254037844387,-0.9749279121818236,-0.2225209339563146,-1
2025-03-23 00:00:00,Robotics_Lab,Lab,832.8,29.12,59.25,316,0,1,1,0.0,74,682.9,6662.42,2025,3,23,0,6,750.82,726.78,759.56,763.6833333333334,728.0949999999999,58.99559276096385,0.0,1.0,-0.7818314824680299,0.6234898018587334,-1
2025-03-23 13:00:00,Robotics_Lab,Lab,856.1,30.4,81.85,385,0,0,1,28.12,98,702.0,6848.8,2025,3,23,13,6,762.87,726.63,752.78,771.2800000000001,720.1508333333335,70.31490545901495,-0.2588190451025208,-0.9659258262890684,-0.7818314824680299,0.6234898018587334,-1
2025-03-24 22:00:00,Robotics_Lab,Lab,840.25,29.6,67.93,395,0,0,0,0.0,70,689.0,6721.99,2025,3,24,22,0,791.59,783.41,775.18,804.8733333333333,732.9308333333333,60.494760744517,-0.5000000000000004,0.8660254037844384,0.0,1.0,-1
2025-03-25 13:00:00,Robotics_Lab,Lab,738.55,24.48,55.81,199,1,0,0,61.61,91,605.61,5908.42,2025,3,25,13,1,589.25,668.98,627.93,688.1333333333333,737.3583333333332,69.98988651578804,-0.2588190451025208,-0.9659258262890684,0.7818314824680298,0.6234898018587336,-1
2025-03-25 17:00:00,Robotics_Lab,Lab,829.93,23.21,56.42,368,1,0,0,38.4,84,680.55,6639.47,2025,3,25,17,1,726.26,709.6,714.76,760.1066666666666,740.9358333333333,71.46085842076087,-0.9659258262890684,-0.2588190451025206,0.7818314824680298,0.6234898018587336,-1
2025-03-27 07:00:00,Robotics_Lab,Lab,856.61,24.2,69.35,399,0,1,0,16.04,95,702.42,6852.88,2025,3,27,7,3,882.91,778.86,672.64,839.2033333333334,737.2195833333334,63.540605947431736,0.9659258262890684,-0.2588190451025206,0.4338837391175582,-0.900968867902419,-1
2025-03-30 01:00:00,Robotics_Lab,Lab,706.25,20.23,67.07,124,0,0,1,0.0,93,579.13,5650.01,2025,3,30,1,6,714.27,780.41,674.55,696.0466666666667,707.9983333333333,57.72637545514584,0.2588190451025207,0.9659258262890684,-0.7818314824680299,0.6234898018587334,-1
2025-03-30 03:00:00,Robotics_Lab,Lab,805.86,20.15,75.06,325,1,0,1,0.0,78,660.81,6446.92,2025,3,30,3,6,761.07,808.92,673.36,757.7266666666668,709.2979166666668,58.40534050768733,0.7071067811865476,0.7071067811865476,-0.7818314824680299,0.6234898018587334,-1
2025-03-30 11:00:00,Robotics_Lab,Lab,701.68,32.36,84.55,191,1,0,1,27.54,47,575.38,5613.45,2025,3,30,11,6,793.01,602.06,694.87,755.4866666666667,715.89875,55.69137809411627,0.258819045102521,-0.9659258262890682,-0.7818314824680299,0.6234898018587334,-1
2025-03-30 13:00:00,Robotics_Lab,Lab,828.17,22.73,61.99,336,0,0,1,48.57,95,679.1,6625.4,2025,3,30,13,6,748.05,614.46,856.1,759.2999999999998,726.5637499999999,55.89279294074944,-0.2588190451025208,-0.9659258262890684,-0.7818314824680299,0.6234898018587334,-1
2025-03-30 14:00:00,Robotics_Lab,Lab,723.85,36.07,66.99,95,0,1,1,35.04,82,593.56,5790.78,2025,3,30,14,6,828.17,599.49,786.56,766.69,731.7454166666666,48.930888881926855,-0.4999999999999997,-0.8660254037844388,-0.7818314824680299,0.6234898018587334,-1
2025-03-30 20:00:00,Robotics_Lab,Lab,720.73,25.35,32.05,100,0,0,1,0.0,98,591.0,5765.85,2025,3,30,20,6,751.64,707.8,755.79,774.08,740.6795833333332,55.046867341991415,-0.8660254037844386,0.5000000000000001,-0.7818314824680299,0.6234898018587334,-1
2025-03-31 22:00:00,Robotics_Lab,Lab,863.24,35.61,74.39,399,0,0,0,0.0,77,707.86,6905.96,2025,3,31,22,0,796.14,671.7,840.25,776.8666666666667,737.4674999999999,73.71228988733772,-0.5000000000000004,0.8660254037844384,0.0,1.0,-1
2025-03-31 23:00:00,Robotics_Lab,Lab,640.74,20.11,49.54,168,0,0,0,0.0,34,525.41,5125.93,2025,3,31,23,0,863.24,764.95,783.85,766.7066666666666,732.2920833333334,76.02305759949068,-0.2588190451025215,0.965925826289068,0.0,1.0,-1
2025-04-03 23:00:00,Robotics_Lab,Lab,772.55,19.74,55.18,348,1,0,0,0.0,44,633.49,6180.39,2025,4,3,23,3,715.26,773.35,793.7,725.11,725.4541666666668,54.62973866953371,-0.2588190451025215,0.965925826289068,0.4338837391175582,-0.900968867902419,-1
2025-04-04 00:00:00,Robotics_Lab,Lab,708.34,23.79,51.79,202,1,0,0,0.0,87,580.84,5666.75,2025,4,4,0,4,772.55,716.62,789.86,732.0499999999998,725.1091666666666,54.71403427916412,0.0,1.0,-0.433883739117558,-0.9009688679024191,-1
2025-04-04 19:00:00,Robotics_Lab,Lab,843.01,25.44,51.41,345,1,0,0,0.0,96,691.27,6744.11,2025,4,4,19,4,699.05,755.82,780.17,744.27,712.6225,65.97473747414742,-0.9659258262890684,0.2588190451025203,-0.433883739117558,-0.9009688679024191,-1
2025-04-04 21:00:00,Robotics_Lab,Lab,840.46,25.27,63.74,325,0,0,0,0.0,97,689.18,6723.7,2025,4,4,21,4,781.0,687.52,803.81,821.4900000000001,721.4366666666666,71.79043860683957,-0.7071067811865477,0.7071067811865474,-0.433883739117558,-0.9009688679024191,-1
2025-04-05 21:00:00,Robotics_Lab,Lab,781.65,26.42,66.72,311,0,1,1,0.0,59,640.95,6253.18,2025,4,5,21,5,742.57,840.46,775.34,757.6833333333334,718.2283333333334,60.33717929931076,-0.7071067811865477,0.7071067811865474,-0.9749279121818236,-0.2225209339563146,-1
2025-04-06 09:00:00,Robotics_Lab,Lab,736.8,27.37,46.67,282,0,0,1,58.41,58,604.18,5894.41,2025,4,6,9,6,752.28,834.9,771.77,726.9799999999999,715.2508333333334,51.57957920126704,0.7071067811865476,-0.7071067811865475,-0.7818314824680299,0.6234898018587334,-1
2025-04-07 10:00:00,Robotics_Lab,Lab,655.84,22.77,82.25,90,1,0,0,14.24,78,537.79,5246.7,2025,4,7,10,0,745.66,595.08,774.88,679.1999999999999,726.705,58.07148989935174,0.4999999999999999,-0.8660254037844387,0.0,1.0,-1
2025-04-12 19:00:00,Robotics_Lab,Lab,745.34,29.73,63.53,193,1,0,1,0.0,91,611.18,5962.75,2025,4,12,19,5,711.15,604.39,748.83,683.7866666666667,708.6408333333334,64.19712244104238,-0.9659258262890684,0.2588190451025203,-0.9749279121818236,-0.2225209339563146,-1
2025-04-19 02:00:00,Robotics_Lab,Lab,843.04,23.06,60.05,399,0,0,1,0.0,83,691.3,6744.35,2025,4,19,2,5,800.01,795.06,699.25,816.1,731.3337499999999,79.24094082428256,0.4999999999999999,0.8660254037844387,-0.9749279121818236,-0.2225209339563146,-1
2025-04-19 12:00:00,Robotics_Lab,Lab,792.9,29.08,61.0,333,0,1,1,69.3,91,650.17,6343.17,2025,4,19,12,5,706.81,648.97,685.09,712.2866666666667,718.5175,77.66944400862383,1.2246467991473532e-16,-1.0,-0.9749279121818236,-0.2225209339563146,-1
2025-04-19 13:00:00,Robotics_Lab,Lab,726.94,23.95,65.97,258,1,0,1,38.69,82,596.09,5815.51,2025,4,19,13,5,792.9,707.57,668.05,742.2166666666667,719.3245833333334,77.65137692886925,-0.2588190451025208,-0.9659258262890684,-0.9749279121818236,-0.2225209339563146,-1
2025-04-20 05:00:00,Robotics_Lab,Lab,742.11,28.48,72.29,191,0,1,1,0.0,62,608.53,5936.85,2025,4,20,5,6,793.86,803.09,644.96,774.9033333333333,714.4258333333332,62.51867810757757,0.9659258262890684,0.2588190451025207,-0.7818314824680299,0.6234898018587334,-1
2025-04-20 10:00:00,Robotics_Lab,Lab,885.18,26.92,67.5,396,0,0,1,43.63,96,725.85,7081.44,2025,4,20,10,6,729.53,637.15,797.39,768.4066666666668,734.6350000000001,66.45604797942421,0.4999999999999999,-0.8660254037844387,-0.7818314824680299,0.6234898018587334,-1
2025-04-20 11:00:00,Robotics_Lab,Lab,745.01,34.54,67.81,366,1,0,1,46.33,46,610.91,5960.11,2025,4,20,11,6,885.18,706.81,822.25,786.5733333333333,736.2266666666666,66.21767580039224,0.258819045102521,-0.9659258262890682,-0.7818314824680299,0.6234898018587334,-1
2025-04-25 09:00:00,Robotics_Lab,Lab,761.18,31.91,60.91,364,1,1,0,24.75,29,624.17,6089.46,2025,4,25,9,4,627.77,742.01,743.86,738.8966666666666,723.4295833333334,68.9724298088153,0.7071067811865476,-0.7071067811865475,-0.433883739117558,-0.9009688679024191,-1
2025-04-25 23:00:00,Robotics_Lab,Lab,772.15,23.09,58.99,369,0,1,0,0.0,66,633.16,6177.19,2025,4,25,23,4,790.59,695.52,683.77,800.9933333333333,755.3504166666668,55.03371776577768,-0.2588190451025215,0.965925826289068,-0.433883739117558,-0.9009688679024191,-1
2025-04-26 00:00:00,Robotics_Lab,Lab,840.63,29.73,76.75,333,0,0,1,0.0,73,689.31,6725.01,2025,4,26,0,5,772.15,762.37,805.25,801.1233333333333,758.6112499999999,57.72064360668246,0.0,1.0,-0.9749279121818236,-0.2225209339563146,-1
2025-04-26 16:00:00,Robotics_Lab,Lab,655.46,31.53,62.8,20,1,0,1,21.0,76,537.48,5243.67,2025,4,26,16,5,669.63,749.45,708.63,722.56,728.9554166666667,75.50598225531978,-0.8660254037844385,-0.5000000000000004,-0.9749279121818236,-0.2225209339563146,-1
2025-04-27 01:00:00,Robotics_Lab,Lab,748.86,24.27,65.28,200,0,1,1,0.0,76,614.06,5990.86,2025,4,27,1,6,650.12,761.18,720.33,745.2933333333334,708.4958333333334,73.58711748767587,0.2588190451025207,0.9659258262890684,-0.7818314824680299,0.6234898018587334,-1
2025-04-27 03:00:00,Robotics_Lab,Lab,725.83,29.86,73.95,202,0,1,1,0.0,55,595.18,5806.62,2025,4,27,3,6,782.5,765.53,788.74,752.3966666666666,711.3658333333333,73.92048865337476,0.7071067811865476,0.7071067811865476,-0.7818314824680299,0.6234898018587334,-1
2025-04-27 06:00:00,Robotics_Lab,Lab,763.16,22.62,69.62,339,0,1,1,0.0,52,625.79,6105.27,2025,4,27,6,6,691.62,808.85,755.4,704.3733333333333,709.7895833333333,68.928397472158,1.0,6.123233995736766e-17,-0.7818314824680299,0.6234898018587334,-1
2025-04-27 20:00:00,Robotics_Lab,Lab,738.11,31.44,75.01,91,0,1,1,0.0,91,605.25,5904.87,2025,4,27,20,6,698.37,751.27,712.6,735.1966666666667,730.1583333333333,52.880930208443054,-0.8660254037844386,0.5000000000000001,-0.7818314824680299,0.6234898018587334,-1
2025-04-28 04:00:00,Robotics_Lab,Lab,694.27,25.08,82.94,95,1,0,0,0.0,69,569.3,5554.12,2025,4,28,4,0,847.57,658.34,703.43,785.2600000000001,741.0375,53.48638934955559,0.8660254037844386,0.5000000000000001,0.0,1.0,-1
2025-04-28 08:00:00,Robotics_Lab,Lab,862.32,31.05,52.36,369,0,0,0,28.02,97,707.1,6898.56,2025,4,28,8,0,722.38,794.38,772.02,797.85,747.6966666666666,59.21356591530253,0.8660254037844387,-0.4999999999999998,0.0,1.0,-1
2025-04-29 02:00:00,Robotics_Lab,Lab,778.05,22.29,71.35,294,0,1,0,0.0,86,638.0,6224.38,2025,4,29,2,1,730.95,813.94,706.45,703.4366666666666,733.94125,81.75982995347908,0.4999999999999999,0.8660254037844387,0.7818314824680298,0.6234898018587336,-1
2025-04-29 08:00:00,Robotics_Lab,Lab,838.47,20.84,65.59,396,0,0,0,28.86,86,687.54,6707.75,2025,4,29,8,1,778.75,862.32,652.45,754.7633333333333,723.3333333333334,77.77710514063916,0.8660254037844387,-0.4999999999999998,0.7818314824680298,0.6234898018587336,-1
2025-04-30 08:00:00,Robotics_Lab,Lab,767.34,32.89,45.58,393,1,1,0,47.25,29,629.22,6138.72,2025,4,30,8,2,644.27,838.47,731.79,692.19,717.5404166666667,62.70941018623813,0.8660254037844387,-0.4999999999999998,0.9749279121818236,-0.2225209339563143,-1
2025-05-01 00:00:00,Robotics_Lab,Lab,632.03,26.67,53.57,46,1,0,0,0.0,62,518.26,5056.22,2025,5,1,0,3,708.46,801.07,636.17,715.21,704.9854166666668,67.15681143084478,0.0,1.0,0.4338837391175582,-0.900968867902419,-1
2025-05-01 02:00:00,Robotics_Lab,Lab,693.55,26.73,68.04,54,1,0,0,0.0,94,568.71,5548.41,2025,5,1,2,3,568.55,798.83,610.31,631.3766666666667,691.4095833333334,66.65047874704439,0.4999999999999999,0.8660254037844387,0.4338837391175582,-0.900968867902419,-1
2025-05-02 00:00:00,Robotics_Lab,Lab,712.77,20.49,67.97,105,0,0,0,0.0,89,584.47,5702.19,2025,5,2,0,4,846.41,632.03,762.37,808.4933333333332,716.9783333333335,65.74001208096837,0.0,1.0,-0.433883739117558,-0.9009688679024191,-1
2025-05-02 11:00:00,Robotics_Lab,Lab,743.36,21.73,42.04,282,1,1,0,23.09,54,609.56,5946.89,2025,5,2,11,4,615.37,670.65,724.91,709.2733333333334,723.2279166666666,64.60606230668631,0.258819045102521,-0.9659258262890682,-0.433883739117558,-0.9009688679024191,-1
2025-05-03 01:00:00,Robotics_Lab,Lab,834.25,30.44,39.96,331,0,0,1,0.0,86,684.08,6673.97,2025,5,3,1,5,674.14,797.64,761.18,742.6133333333333,707.6700000000001,62.75825738152141,0.2588190451025207,0.9659258262890684,-0.9749279121818236,-0.2225209339563146,-1
2025-05-03 11:00:00,Robotics_Lab,Lab,788.37,25.8,71.85,266,0,1,1,39.92,93,646.46,6306.94,2025,5,3,11,5,677.92,743.36,647.46,756.07,721.0,66.94890725477728,0.258819045102521,-0.9659258262890682,-0.9749279121818236,-0.2225209339563146,-1
2025-05-03 23:00:00,Robotics_Lab,Lab,664.16,23.03,75.85,187,1,0,1,0.0,24,544.62,5313.32,2025,5,3,23,5,628.14,719.45,836.9,678.8233333333333,720.6966666666667,61.92866237202676,-0.2588190451025215,0.965925826289068,-0.9749279121818236,-0.2225209339563146,-1
2025-05-04 02:00:00,Robotics_Lab,Lab,864.31,31.39,37.77,397,0,0,1,0.0,86,708.74,6914.51,2025,5,4,2,6,812.84,621.22,782.5,770.4433333333333,728.2683333333333,65.43352615385798,0.4999999999999999,0.8660254037844387,-0.7818314824680299,0.6234898018587334,-1
2025-05-04 07:00:00,Robotics_Lab,Lab,835.1,23.61,74.91,348,0,0,1,9.91,96,684.78,6680.8,2025,5,4,7,6,866.99,747.03,799.12,780.06,727.2654166666667,74.68803209985758,0.9659258262890684,-0.2588190451025206,-0.7818314824680299,0.6234898018587334,-1
2025-05-04 10:00:00,Robotics_Lab,Lab,628.39,28.57,76.14,112,1,0,1,47.47,21,515.28,5027.13,2025,5,4,10,6,615.57,677.92,764.55,620.5200000000001,716.5995833333333,79.07596405433995,0.4999999999999999,-0.8660254037844387,-0.7818314824680299,0.6234898018587334,-1
2025-05-04 21:00:00,Robotics_Lab,Lab,829.24,26.03,65.24,391,0,0,1,0.0,52,679.98,6633.92,2025,5,4,21,6,739.8,744.17,747.83,785.9833333333332,718.4258333333333,79.77844145516111,-0.7071067811865477,0.7071067811865474,-0.7818314824680299,0.6234898018587334,-1
2025-05-04 22:00:00,Robotics_Lab,Lab,692.75,30.65,59.31,181,0,1,1,0.0,37,568.05,5541.97,2025,5,4,22,6,829.24,628.14,781.88,753.93,721.1179166666667,77.66135371398367,-0.5000000000000004,0.8660254037844384,-0.7818314824680299,0.6234898018587334,-1
2025-05-05 01:00:00,Robotics_Lab,Lab,753.35,24.64,75.19,278,1,0,0,0.0,44,617.74,6026.77,2025,5,5,1,0,796.59,812.84,757.47,753.39,727.3258333333333,73.84849366552274,0.2588190451025207,0.9659258262890684,0.0,1.0,-1
2025-05-05 02:00:00,Robotics_Lab,Lab,856.83,28.47,71.68,389,0,0,0,0.0,83,702.6,6854.67,2025,5,5,2,0,753.35,864.31,813.94,802.2566666666668,727.0141666666667,73.2586651302544,0.4999999999999999,0.8660254037844387,0.0,1.0,-1
2025-05-05 07:00:00,Robotics_Lab,Lab,715.99,26.9,88.55,98,0,0,0,51.65,98,587.11,5727.91,2025,5,5,7,0,759.83,835.1,722.38,739.6300000000001,725.2937499999999,60.0551203198405,0.9659258262890684,-0.2588190451025206,0.0,1.0,-1
2025-05-05 13:00:00,Robotics_Lab,Lab,770.84,27.47,48.27,321,1,0,0,53.45,61,632.09,6166.72,2025,5,5,13,0,691.19,679.34,612.72,756.23,736.6475,58.428758423140096,-0.2588190451025208,-0.9659258262890684,0.0,1.0,-1
2025-05-10 05:00:00,Robotics_Lab,Lab,642.97,22.69,53.56,22,0,1,1,0.0,53,527.23,5143.75,2025,5,10,5,5,834.12,776.95,769.57,723.21,702.6349999999999,67.02317230694946,0.9659258262890684,0.2588190451025207,-0.9749279121818236,-0.2225209339563146,-1
2025-05-11 07:00:00,Robotics_Lab,Lab,865.19,34.02,68.04,398,0,0,1,37.72,92,709.46,6921.54,2025,5,11,7,6,684.69,743.72,835.1,729.5733333333334,710.2970833333334,78.54000866239119,0.9659258262890684,-0.2588190451025206,-0.7818314824680299,0.6234898018587334,-1
2025-05-11 08:00:00,Robotics_Lab,Lab,825.28,32.94,77.94,391,0,0,1,36.42,60,676.73,6602.27,2025,5,11,8,6,865.19,745.55,617.6,791.7199999999999,713.6191666666667,81.717884632684,0.8660254037844387,-0.4999999999999998,-0.7818314824680299,0.6234898018587334,-1
2025-05-11 10:00:00,Robotics_Lab,Lab,759.57,27.21,75.65,292,1,0,1,56.89,86,622.85,6076.59,2025,5,11,10,6,657.8,738.8,628.39,747.5500000000001,716.0637499999999,80.55680403684414,0.4999999999999999,-0.8660254037844387,-0.7818314824680299,0.6234898018587334,-1
2025-05-15 21:00:00,Robotics_Lab,Lab,669.98,26.14,61.33,66,1,1,0,0.0,68,549.38,5359.81,2025,5,15,21,3,705.75,740.67,857.14,723.0833333333334,711.4491666666667,55.23779833133128,-0.7071067811865477,0.7071067811865474,0.4338837391175582,-0.900968867902419,-1
2025-05-17 04:00:00,Robotics_Lab,Lab,614.2,21.64,75.96,97,0,1,1,0.0,25,503.64,4913.6,2025,5,17,4,5,728.83,649.09,834.12,711.33,711.605,79.42258998546994,0.8660254037844386,0.5000000000000001,-0.9749279121818236,-0.2225209339563146,-1
2025-05-17 08:00:00,Robotics_Lab,Lab,802.4,20.73,65.74,359,0,0,1,37.5,98,657.97,6419.19,2025,5,17,8,5,596.91,598.48,745.55,735.73,715.6283333333334,80.87135504408673,0.8660254037844387,-0.4999999999999998,-0.9749279121818236,-0.2225209339563146,-1
2025-05-18 00:00:00,Robotics_Lab,Lab,816.11,19.56,58.08,362,0,0,1,0.0,72,669.21,6528.84,2025,5,18,0,6,779.37,849.8,793.58,754.7533333333334,709.5641666666667,68.62231351622381,0.0,1.0,-0.7818314824680299,0.6234898018587334,-1
2025-05-21 05:00:00,Robotics_Lab,Lab,738.97,20.77,71.9,202,1,0,0,0.0,92,605.96,5911.78,2025,5,21,5,2,763.97,748.33,608.7,753.3266666666667,731.3545833333334,78.81255334676241,0.9659258262890684,0.2588190451025207,0.9749279121818236,-0.2225209339563143,-1
2025-05-24 00:00:00,Robotics_Lab,Lab,744.06,37.31,84.39,173,0,1,1,0.0,79,610.13,5952.44,2025,5,24,0,5,823.72,724.54,849.8,759.5566666666667,732.99125,74.15662586201698,0.0,1.0,-0.9749279121818236,-0.2225209339563146,-1
2025-05-24 04:00:00,Robotics_Lab,Lab,720.08,30.68,58.54,145,1,0,1,0.0,92,590.46,5760.61,2025,5,24,4,5,675.58,760.33,614.2,718.73,719.7366666666667,71.6488800037875,0.8660254037844386,0.5000000000000001,-0.9749279121818236,-0.2225209339563146,-1
2025-05-24 22:00:00,Robotics_Lab,Lab,772.93,27.15,68.66,342,1,1,1,0.0,45,633.8,6183.41,2025,5,24,22,5,743.35,710.89,668.78,782.4133333333333,707.7175000000001,64.90616720546966,-0.5000000000000004,0.8660254037844384,-0.9749279121818236,-0.2225209339563146,-1
2025-05-25 01:00:00,Robotics_Lab,Lab,843.56,31.26,59.34,346,0,1,1,0.0,77,691.72,6748.5,2025,5,25,1,6,628.3,627.84,791.45,731.8133333333334,707.71,66.18446284241618,0.2588190451025207,0.9659258262890684,-0.7818314824680299,0.6234898018587334,-1
2025-05-25 07:00:00,Robotics_Lab,Lab,622.33,17.24,44.64,58,0,1,1,24.56,37,510.31,4978.62,2025,5,25,7,6,819.73,618.87,642.06,744.5133333333333,717.0291666666666,70.00682196053846,0.9659258262890684,-0.2588190451025206,-0.7818314824680299,0.6234898018587334,-1
2025-05-25 21:00:00,Robotics_Lab,Lab,797.59,30.43,47.34,325,0,1,1,0.0,77,654.03,6380.75,2025,5,25,21,6,762.27,743.35,690.21,778.0266666666666,710.9316666666667,72.71437114501182,-0.7071067811865477,0.7071067811865474,-0.7818314824680299,0.6234898018587334,-1
2025-05-26 00:00:00,Robotics_Lab,Lab,822.86,27.45,81.92,312,0,0,0,0.0,82,674.75,6582.89,2025,5,26,0,0,853.06,628.3,772.77,774.11,719.1616666666667,79.68520661718347,0.0,1.0,0.0,1.0,-1
2025-05-26 02:00:00,Robotics_Lab,Lab,707.68,31.31,74.52,104,1,0,0,0.0,83,580.29,5661.41,2025,5,26,2,0,773.05,719.8,776.56,767.8633333333333,715.71875,76.13482881861077,0.4999999999999999,0.8660254037844387,0.0,1.0,-1
2025-05-27 06:00:00,Robotics_Lab,Lab,841.24,27.62,59.63,377,0,1,0,0.0,89,689.82,6729.92,2025,5,27,6,1,826.26,791.88,852.44,824.1133333333333,726.3224999999999,62.31349349650655,1.0,6.123233995736766e-17,0.7818314824680298,0.6234898018587336,-1
2025-05-28 19:00:00,Robotics_Lab,Lab,879.42,31.8,80.28,343,0,1,0,0.0,92,721.12,7035.34,2025,5,28,19,2,747.34,751.91,897.58,827.77,729.8487500000001,69.48111750449863,-0.9659258262890684,0.2588190451025203,0.9749279121818236,-0.2225209339563143,-1
2025-05-28 22:00:00,Robotics_Lab,Lab,687.03,22.46,65.67,36,1,0,0,0.0,80,563.36,5496.23,2025,5,28,22,2,591.28,775.98,660.93,649.4533333333333,715.9308333333333,72.65405939864256,-0.5000000000000004,0.8660254037844384,0.9749279121818236,-0.2225209339563143,-1
2025-05-31 10:00:00,Robotics_Lab,Lab,843.54,32.03,67.07,366,0,0,1,28.58,94,691.7,6748.3,2025,5,31,10,5,712.65,631.93,786.28,740.8699999999999,707.1275,58.45399523296663,0.4999999999999999,-0.8660254037844387,-0.9749279121818236,-0.2225209339563146,-1
2025-05-31 22:00:00,Robotics_Lab,Lab,752.19,29.99,62.56,372,0,1,1,0.0,20,616.8,6017.53,2025,5,31,22,5,701.36,666.58,772.93,749.3666666666667,710.1733333333333,66.71753772869425,-0.5000000000000004,0.8660254037844384,-0.9749279121818236,-0.2225209339563146,-1
2025-06-01 05:00:00,Robotics_Lab,Lab,809.64,23.63,66.01,344,1,0,1,0.0,86,663.91,6477.16,2025,6,1,5,6,819.83,794.97,791.48,782.6,715.3633333333333,64.23729640384464,0.9659258262890684,0.2588190451025207,-0.7818314824680299,0.6234898018587334,-1
2025-06-01 09:00:00,Robotics_Lab,Lab,679.31,26.8,69.6,53,1,0,1,15.69,96,557.04,5434.5,2025,6,1,9,6,727.84,712.65,715.43,720.0,721.1345833333334,63.855948140031145,0.7071067811865476,-0.7071067811865475,-0.7818314824680299,0.6234898018587334,-1
2025-06-03 21:00:00,Robotics_Lab,Lab,878.37,36.3,69.36,369,0,0,0,0.0,89,720.26,7026.96,2025,6,3,21,1,874.21,800.97,809.64,804.25,734.9729166666666,79.5942563734654,-0.7071067811865477,0.7071067811865474,0.7818314824680298,0.6234898018587336,-1
2025-06-06 00:00:00,Robotics_Lab,Lab,735.24,24.41,70.91,302,1,0,0,0.0,65,602.9,5881.91,2025,6,6,0,4,776.17,668.62,626.77,769.39,735.5212500000001,61.85136308733127,0.0,1.0,-0.433883739117558,-0.9009688679024191,-1
2025-06-07 02:00:00,Robotics_Lab,Lab,812.38,30.35,71.94,372,0,1,1,0.0,72,666.15,6499.07,2025,6,7,2,5,803.43,739.15,813.6,791.0799999999999,726.8970833333333,77.9301640254673,0.4999999999999999,0.8660254037844387,-0.9749279121818236,-0.2225209339563146,-1
2025-06-07 13:00:00,Robotics_Lab,Lab,666.66,37.55,79.08,56,0,1,1,50.49,99,546.66,5333.24,2025,6,7,13,5,779.3,575.04,616.7,725.3466666666667,720.84,72.05223069292232,-0.2588190451025208,-0.9659258262890684,-0.9749279121818236,-0.2225209339563146,-1
2025-06-07 19:00:00,Robotics_Lab,Lab,816.43,22.46,76.85,308,0,1,1,0.0,75,669.48,6531.47,2025,6,7,19,5,795.79,768.26,658.17,767.0233333333332,726.2512500000001,75.97719493731977,-0.9659258262890684,0.2588190451025203,-0.9749279121818236,-0.2225209339563146,-1
2025-06-08 11:00:00,Robotics_Lab,Lab,827.06,28.78,56.88,386,0,1,1,25.72,82,678.19,6616.5,2025,6,8,11,6,678.53,730.08,674.47,692.5133333333333,709.0545833333332,80.06430958538309,0.258819045102521,-0.9659258262890682,-0.7818314824680299,0.6234898018587334,-1
2025-06-08 14:00:00,Robotics_Lab,Lab,830.48,35.0,67.08,378,0,0,1,16.68,63,681.0,6643.86,2025,6,8,14,6,723.59,693.7,735.77,779.8633333333333,717.3849999999999,83.3030459801154,-0.4999999999999997,-0.8660254037844388,-0.7818314824680299,0.6234898018587334,-1
2025-06-08 16:00:00,Robotics_Lab,Lab,707.71,30.1,48.86,340,1,0,1,44.11,33,580.33,5661.71,2025,6,8,16,6,670.03,790.83,621.78,736.0733333333333,707.5954166666667,78.94218776113632,-0.8660254037844385,-0.5000000000000004,-0.7818314824680299,0.6234898018587334,-1
2025-06-08 19:00:00,Robotics_Lab,Lab,676.73,24.77,42.03,65,0,1,1,0.0,66,554.92,5413.82,2025,6,8,19,6,664.92,816.43,782.23,665.4666666666667,694.9008333333333,73.73784055496992,-0.9659258262890684,0.2588190451025203,-0.7818314824680299,0.6234898018587334,-1
2025-06-08 21:00:00,Robotics_Lab,Lab,808.97,27.93,46.06,276,0,0,1,0.0,80,663.35,6471.74,2025,6,8,21,6,807.13,669.38,763.95,764.2766666666666,706.8091666666666,79.52438482556197,-0.7071067811865477,0.7071067811865474,-0.7818314824680299,0.6234898018587334,-1
2025-06-14 01:00:00,Robotics_Lab,Lab,750.12,25.94,72.42,135,1,0,1,0.0,87,615.1,6000.96,2025,6,14,1,5,784.11,748.73,803.43,756.0333333333333,700.5625,57.02016738953341,0.2588190451025207,0.9659258262890684,-0.9749279121818236,-0.2225209339563146,-1
2025-06-14 09:00:00,Robotics_Lab,Lab,838.6,35.45,43.68,263,0,1,1,34.69,96,687.65,6708.76,2025,6,14,9,5,765.68,763.12,689.02,743.5533333333333,719.7170833333334,61.25050136292874,0.7071067811865476,-0.7071067811865475,-0.9749279121818236,-0.2225209339563146,-1
2025-06-21 17:00:00,Robotics_Lab,Lab,808.79,38.78,62.92,303,1,0,1,51.46,84,663.21,6470.34,2025,6,21,17,5,762.68,774.16,742.37,752.1899999999999,711.3766666666667,64.5117406683307,-0.9659258262890684,-0.2588190451025206,-0.9749279121818236,-0.2225209339563146,-1
2025-06-22 23:00:00,Robotics_Lab,Lab,858.06,25.13,56.8,352,0,0,1,0.0,88,703.61,6864.48,2025,6,22,23,6,800.85,679.28,602.71,785.9066666666666,735.4312500000001,61.56956993391984,-0.2588190451025215,0.965925826289068,-0.7818314824680299,0.6234898018587334,-1
2025-06-23 05:00:00,Robotics_Lab,Lab,619.09,24.52,62.27,60,1,0,0,0.0,40,507.66,4952.75,2025,6,23,5,0,827.98,808.05,673.96,763.3433333333334,737.3474999999999,69.93905963796982,0.9659258262890684,0.2588190451025207,0.0,1.0,-1
2025-06-23 17:00:00,Robotics_Lab,Lab,806.75,22.34,50.36,372,0,1,0,41.66,99,661.54,6454.02,2025,6,23,17,0,697.63,739.64,784.97,722.8533333333334,728.6608333333334,72.75860098068591,-0.9659258262890684,-0.2588190451025206,0.0,1.0,-1
2025-06-25 22:00:00,Robotics_Lab,Lab,755.03,30.44,72.54,257,1,0,0,0.0,85,619.12,6040.24,2025,6,25,22,2,774.7,791.15,679.63,738.63,703.0658333333334,64.34893992009923,-0.5000000000000004,0.8660254037844384,0.9749279121818236,-0.2225209339563143,-1
2025-06-27 00:00:00,Robotics_Lab,Lab,854.54,27.63,76.89,303,0,0,0,0.0,97,700.73,6836.36,2025,6,27,0,4,810.67,804.19,827.41,788.5066666666667,729.4366666666666,62.90458438168011,0.0,1.0,-0.433883739117558,-0.9009688679024191,-1
2025-06-27 01:00:00,Robotics_Lab,Lab,709.9,26.64,68.36,162,1,0,0,0.0,85,582.12,5679.21,2025,6,27,1,4,854.54,740.06,666.09,791.7033333333334,728.18,62.98433897820763,0.2588190451025207,0.9659258262890684,-0.433883739117558,-0.9009688679024191,-1
2025-06-28 00:00:00,Robotics_Lab,Lab,779.19,29.94,47.24,259,0,1,1,0.0,83,638.94,6233.54,2025,6,28,0,5,642.77,854.54,699.12,714.7333333333335,721.6204166666666,60.27613209072765,0.0,1.0,-0.9749279121818236,-0.2225209339563146,-1
2025-06-28 23:00:00,Robotics_Lab,Lab,720.01,24.38,76.21,269,1,0,1,0.0,31,590.41,5760.08,2025,6,28,23,5,677.32,642.77,679.28,668.17,705.36875,72.61503918446112,-0.2588190451025215,0.965925826289068,-0.9749279121818236,-0.2225209339563146,-1
2025-06-29 07:00:00,Robotics_Lab,Lab,788.48,17.9,72.12,274,0,0,1,33.75,83,646.55,6307.84,2025,6,29,7,6,832.57,837.99,655.79,815.4933333333333,715.5041666666666,71.6492112227383,0.9659258262890684,-0.2588190451025206,-0.7818314824680299,0.6234898018587334,-1
2025-06-29 12:00:00,Robotics_Lab,Lab,826.58,26.55,53.62,357,0,0,1,47.69,49,677.79,6612.62,2025,6,29,12,6,749.74,717.11,832.73,757.52,717.7508333333334,76.42375569191799,1.2246467991473532e-16,-1.0,-0.7818314824680299,0.6234898018587334,-1
2025-06-29 23:00:00,Robotics_Lab,Lab,735.3,25.25,84.27,158,0,0,1,0.0,96,602.94,5882.37,2025,6,29,23,6,775.6,720.01,858.06,756.1333333333333,735.9733333333334,74.61865879644152,-0.2588190451025215,0.965925826289068,-0.7818314824680299,0.6234898018587334,-1
2025-06-30 04:00:00,Robotics_Lab,Lab,825.0,28.32,64.79,373,1,0,0,0.0,56,676.5,6599.99,2025,6,30,4,0,804.87,772.83,827.98,741.3433333333332,726.9766666666666,83.75997376908094,0.8660254037844386,0.5000000000000001,0.0,1.0,-1
2025-06-30 20:00:00,Robotics_Lab,Lab,658.4,28.24,52.73,58,1,0,0,0.0,77,539.89,5267.24,2025,6,30,20,0,812.35,613.74,624.18,768.3166666666666,722.2612499999999,66.67025093127472,-0.8660254037844386,0.5000000000000001,0.0,1.0,-1
2025-07-01 22:00:00,Robotics_Lab,Lab,786.97,32.03,50.4,194,0,0,0,0.0,94,645.32,6295.76,2025,7,1,22,1,826.87,822.96,791.15,791.27,710.2758333333333,66.7471705257114,-0.5000000000000004,0.8660254037844384,0.7818314824680298,0.6234898018587336,-1
2025-07-02 00:00:00,Robotics_Lab,Lab,827.27,16.4,76.38,399,0,0,0,0.0,93,678.36,6618.14,2025,7,2,0,2,793.05,662.99,772.46,802.43,718.7895833333333,71.38612960385824,0.0,1.0,0.9749279121818236,-0.2225209339563143,-1
2025-07-02 20:00:00,Robotics_Lab,Lab,747.83,26.02,64.25,127,0,1,0,0.0,99,613.22,5982.64,2025,7,2,20,2,821.09,759.97,686.16,768.9466666666667,732.9658333333333,85.64109090529672,-0.8660254037844386,0.5000000000000001,0.9749279121818236,-0.2225209339563143,-1
2025-07-02 22:00:00,Robotics_Lab,Lab,686.33,31.14,67.96,65,1,0,0,0.0,72,562.79,5490.62,2025,7,2,22,2,789.67,786.97,755.03,741.2766666666666,727.2225,83.81015769349624,-0.5000000000000004,0.8660254037844384,0.9749279121818236,-0.2225209339563143,-1
2025-07-03 00:00:00,Robotics_Lab,Lab,840.11,23.05,72.99,374,0,0,0,0.0,72,688.89,6720.89,2025,7,3,0,3,670.94,827.27,804.19,732.46,722.6695833333333,84.08751303044305,0.0,1.0,0.4338837391175582,-0.900968867902419,-1
2025-07-04 09:00:00,Robotics_Lab,Lab,741.75,25.89,54.15,227,1,0,0,20.74,93,608.24,5934.0,2025,7,4,9,4,571.8,686.38,763.49,665.6,735.7395833333334,72.39886069720741,0.7071067811865476,-0.7071067811865475,-0.433883739117558,-0.9009688679024191,-1
2025-07-05 00:00:00,Robotics_Lab,Lab,775.79,27.67,62.28,269,0,1,1,0.0,60,636.15,6206.34,2025,7,5,0,5,768.62,757.9,779.19,777.5966666666667,716.8616666666667,78.09956881619361,0.0,1.0,-0.9749279121818236,-0.2225209339563146,-1
2025-07-06 06:00:00,Robotics_Lab,Lab,835.09,26.43,58.32,310,0,1,1,0.0,70,684.77,6680.7,2025,7,6,6,6,799.53,706.69,832.57,805.4200000000001,753.7708333333334,62.39061272176381,1.0,6.123233995736766e-17,-0.7818314824680299,0.6234898018587334,-1
2025-07-06 07:00:00,Robotics_Lab,Lab,769.4,23.55,67.52,309,0,0,1,54.4,78,630.91,6155.21,2025,7,6,7,6,835.09,844.35,788.48,801.34,750.6479166666667,59.46689235848277,0.9659258262890684,-0.2588190451025206,-0.7818314824680299,0.6234898018587334,-1
2025-07-06 08:00:00,Robotics_Lab,Lab,792.36,21.93,56.87,386,1,0,1,50.3,73,649.74,6338.9,2025,7,6,8,6,769.4,681.25,607.0,798.9499999999999,755.2775,58.13948506749142,0.8660254037844387,-0.4999999999999998,-0.7818314824680299,0.6234898018587334,-1
2025-07-06 14:00:00,Robotics_Lab,Lab,548.63,32.44,58.34,28,1,0,1,45.88,21,449.88,4389.08,2025,7,6,14,6,771.94,672.16,697.27,650.62,740.5825,77.70824807937208,-0.4999999999999997,-0.8660254037844388,-0.7818314824680299,0.6234898018587334,-1
2025-07-06 15:00:00,Robotics_Lab,Lab,600.01,19.24,68.24,20,0,0,1,52.82,91,492.01,4800.08,2025,7,6,15,6,548.63,762.19,796.19,640.1933333333333,733.8249999999999,82.64248938756585,-0.7071067811865471,-0.7071067811865479,-0.7818314824680299,0.6234898018587334,-1
2025-07-06 22:00:00,Robotics_Lab,Lab,777.77,24.09,71.58,293,0,0,1,0.0,77,637.77,6222.13,2025,7,6,22,6,769.44,826.16,775.6,743.5766666666667,729.5870833333333,78.22438235915345,-0.5000000000000004,0.8660254037844384,-0.7818314824680299,0.6234898018587334,-1
2025-07-09 01:00:00,Robotics_Lab,Lab,845.52,27.6,65.06,383,1,1,0,0.0,69,693.32,6764.13,2025,7,9,1,2,749.88,699.13,813.01,745.4066666666668,733.3416666666667,69.91729335539921,0.2588190451025207,0.9659258262890684,0.9749279121818236,-0.2225209339563143,-1
2025-07-12 01:00:00,Robotics_Lab,Lab,629.31,25.56,50.19,21,1,1,1,0.0,30,516.03,5034.45,2025,7,12,1,5,669.32,770.88,741.35,664.46,727.6445833333333,63.61983488758208,0.2588190451025207,0.9659258262890684,-0.9749279121818236,-0.2225209339563146,-1
2025-07-12 05:00:00,Robotics_Lab,Lab,808.7,20.53,76.22,312,0,1,1,0.0,80,663.14,6469.63,2025,7,12,5,5,677.27,738.27,783.92,771.5600000000001,733.0279166666666,68.0608215833564,0.9659258262890684,0.2588190451025207,-0.9749279121818236,-0.2225209339563146,-1
2025-07-12 13:00:00,Robotics_Lab,Lab,783.61,27.99,73.33,231,1,0,1,48.0,76,642.56,6268.84,2025,7,12,13,5,589.17,786.28,761.17,674.1533333333333,710.6829166666666,73.2426328973221,-0.2588190451025208,-0.9659258262890684,-0.9749279121818236,-0.2225209339563146,-1
2025-07-12 14:00:00,Robotics_Lab,Lab,790.54,27.29,55.9,383,1,0,1,40.56,35,648.24,6324.31,2025,7,12,14,5,783.61,677.21,672.16,721.1066666666666,715.4050000000001,74.63088275552938,-0.4999999999999997,-0.8660254037844388,-0.9749279121818236,-0.2225209339563146,-1
2025-07-13 05:00:00,Robotics_Lab,Lab,747.46,33.44,64.61,290,0,1,1,0.0,21,612.92,5979.71,2025,7,13,5,6,835.14,808.7,799.53,758.0733333333334,710.6341666666666,65.93098347426694,0.9659258262890684,0.2588190451025207,-0.7818314824680299,0.6234898018587334,-1
2025-07-13 18:00:00,Robotics_Lab,Lab,794.15,27.83,84.08,360,1,0,1,0.0,40,651.2,6353.17,2025,7,13,18,6,792.39,642.0,753.23,771.63,744.2350000000001,53.013614494195245,-1.0,-1.8369701987210292e-16,-0.7818314824680299,0.6234898018587334,-1
2025-07-13 19:00:00,Robotics_Lab,Lab,835.85,27.42,79.61,364,0,0,1,0.0,88,685.4,6686.8,2025,7,13,19,6,794.15,639.39,783.2,807.4633333333335,752.4208333333332,51.25929047640971,-0.9659258262890684,0.2588190451025203,-0.7818314824680299,0.6234898018587334,-1
2025-07-13 21:00:00,Robotics_Lab,Lab,879.2,29.56,80.43,362,0,0,1,0.0,98,720.94,7033.6,2025,7,13,21,6,700.51,724.78,769.44,805.1866666666666,758.7095833333333,57.15835352841902,-0.7071067811865477,0.7071067811865474,-0.7818314824680299,0.6234898018587334,-1
2025-07-14 00:00:00,Robotics_Lab,Lab,705.88,22.7,77.75,189,1,0,0,0.0,47,578.82,5647.02,2025,7,14,0,0,837.38,838.64,662.15,768.9166666666666,760.8908333333333,55.73446602976662,0.0,1.0,0.0,1.0,-1
2025-07-14 15:00:00,Robotics_Lab,Lab,827.86,34.5,67.96,288,1,0,0,14.95,91,678.84,6622.84,2025,7,14,15,0,630.75,772.74,689.39,735.2199999999999,774.8245833333334,63.17610018512918,-0.7071067811865471,-0.7071067811865479,0.0,1.0,-1
2025-07-15 00:00:00,Robotics_Lab,Lab,826.71,40.26,75.59,394,1,1,0,0.0,58,677.91,6613.72,2025,7,15,0,1,663.0,705.88,791.98,729.1333333333333,761.6745833333334,61.81528184344131,0.0,1.0,0.7818314824680298,0.6234898018587336,-1
2025-07-15 06:00:00,Robotics_Lab,Lab,785.86,27.87,56.66,330,1,0,0,0.0,64,644.4,6286.87,2025,7,15,6,1,805.68,832.41,722.51,784.39,755.4158333333334,51.39734715846296,1.0,6.123233995736766e-17,0.7818314824680298,0.6234898018587336,-1
2025-07-20 08:00:00,Robotics_Lab,Lab,772.93,28.69,70.25,385,0,1,1,27.95,66,633.8,6183.45,2025,7,20,8,6,796.05,680.72,790.86,748.0799999999999,725.0258333333335,75.23718523943893,0.8660254037844387,-0.4999999999999998,-0.7818314824680299,0.6234898018587334,-1
2025-07-20 22:00:00,Robotics_Lab,Lab,842.83,33.0,55.02,354,0,0,1,0.0,87,691.12,6742.64,2025,7,20,22,6,721.66,624.09,763.49,764.39,710.1025,76.83471708804556,-0.5000000000000004,0.8660254037844384,-0.7818314824680299,0.6234898018587334,-1
2025-07-20 23:00:00,Robotics_Lab,Lab,740.38,34.02,49.25,238,0,0,1,0.0,50,607.11,5923.02,2025,7,20,23,6,842.83,813.52,837.38,768.29,707.055,73.95087964317935,-0.2588190451025215,0.965925826289068,-0.7818314824680299,0.6234898018587334,-1
2025-07-24 03:00:00,Robotics_Lab,Lab,715.96,19.66,70.16,160,1,0,0,0.0,68,587.09,5727.67,2025,7,24,3,3,772.85,712.3,800.49,778.5600000000001,720.8066666666667,69.62658123513428,0.7071067811865476,0.7071067811865476,0.4338837391175582,-0.900968867902419,-1
2025-07-26 00:00:00,Robotics_Lab,Lab,833.45,29.17,56.17,368,0,0,1,0.0,77,683.43,6667.6,2025,7,26,0,5,740.98,806.93,672.82,751.9466666666667,696.7158333333333,55.90288690660517,0.0,1.0,-0.9749279121818236,-0.2225209339563146,-1
2025-07-26 02:00:00,Robotics_Lab,Lab,784.78,19.96,61.99,295,0,0,1,0.0,63,643.52,6278.22,2025,7,26,2,5,831.15,703.87,817.01,816.46,708.9129166666667,61.88899413846521,0.4999999999999999,0.8660254037844387,-0.9749279121818236,-0.2225209339563146,-1
2025-07-26 11:00:00,Robotics_Lab,Lab,781.3,27.87,75.95,349,0,1,1,40.01,58,640.67,6250.39,2025,7,26,11,5,683.08,739.59,753.65,698.7333333333332,721.9283333333333,71.2018817940544,0.258819045102521,-0.9659258262890682,-0.9749279121818236,-0.2225209339563146,-1
2025-07-27 00:00:00,Robotics_Lab,Lab,806.5,33.37,60.31,223,0,0,1,0.0,80,661.33,6451.99,2025,7,27,0,6,715.9,833.45,796.37,749.1966666666667,723.1529166666666,68.98677437704478,0.0,1.0,-0.7818314824680299,0.6234898018587334,-1
2025-07-27 01:00:00,Robotics_Lab,Lab,840.23,28.8,67.54,372,0,0,1,0.0,95,688.99,6721.87,2025,7,27,1,6,806.5,831.15,714.3,787.5433333333334,723.53125,69.62672652218875,0.2588190451025207,0.9659258262890684,-0.7818314824680299,0.6234898018587334,-1
2025-07-27 02:00:00,Robotics_Lab,Lab,638.8,30.21,76.47,61,0,1,1,0.0,40,523.82,5110.42,2025,7,27,2,6,840.23,784.78,827.78,761.8433333333332,717.44875,70.41532567327869,0.4999999999999999,0.8660254037844387,-0.7818314824680299,0.6234898018587334,-1
2025-07-27 20:00:00,Robotics_Lab,Lab,828.45,29.27,72.28,347,1,0,1,0.0,58,679.33,6627.61,2025,7,27,20,6,812.24,765.4,728.68,780.4699999999999,735.2329166666667,74.20487142564939,-0.8660254037844386,0.5000000000000001,-0.7818314824680299,0.6234898018587334,-1
2025-07-27 21:00:00,Robotics_Lab,Lab,843.54,26.96,59.35,339,0,0,1,0.0,79,691.7,6748.34,2025,7,27,21,6,828.45,666.03,721.66,828.0766666666667,742.6291666666667,75.8358696772855,-0.7071067811865477,0.7071067811865474,-0.7818314824680299,0.6234898018587334,-1
2025-07-27 22:00:00,Robotics_Lab,Lab,829.11,26.55,72.42,332,0,0,1,0.0,80,679.87,6632.87,2025,7,27,22,6,843.54,725.19,842.83,833.6999999999999,746.9591666666666,77.73971521053184,-0.5000000000000004,0.8660254037844384,-0.7818314824680299,0.6234898018587334,-1
2025-07-27 23:00:00,Robotics_Lab,Lab,664.69,26.45,67.04,137,0,1,1,0.0,47,545.04,5317.51,2025,7,27,23,6,829.11,715.9,740.38,779.1133333333333,744.8254166666667,79.31607956826791,-0.2588190451025215,0.965925826289068,-0.7818314824680299,0.6234898018587334,-1
2025-07-28 09:00:00,Robotics_Lab,Lab,756.64,29.0,75.14,232,1,0,0,58.7,78,620.45,6053.13,2025,7,28,9,0,637.04,837.06,671.48,697.92,735.44625,77.50372304171033,0.7071067811865476,-0.7071067811865475,0.0,1.0,-1
2025-07-28 13:00:00,Robotics_Lab,Lab,818.34,31.96,52.15,389,1,0,0,31.58,50,671.04,6546.71,2025,7,28,13,0,850.51,660.52,693.52,778.86,744.5895833333334,79.13362466103044,-0.2588190451025208,-0.9659258262890684,0.0,1.0,-1
2025-07-29 01:00:00,Robotics_Lab,Lab,805.35,24.36,49.39,336,1,0,0,0.0,78,660.39,6442.79,2025,7,29,1,1,696.32,806.62,750.26,718.8766666666667,731.69125,72.81237444475114,0.2588190451025207,0.9659258262890684,0.7818314824680298,0.6234898018587336,-1
2025-07-29 09:00:00,Robotics_Lab,Lab,841.85,43.92,82.95,334,0,0,0,53.71,99,690.32,6734.8,2025,7,29,9,1,739.05,756.64,765.28,745.4833333333332,729.6495833333333,76.39224889426426,0.7071067811865476,-0.7071067811865475,0.7818314824680298,0.6234898018587336,-1
2025-08-01 01:00:00,Robotics_Lab,Lab,886.85,28.44,65.22,382,0,1,0,0.0,99,727.22,7094.79,2025,8,1,1,4,696.05,691.73,619.33,771.14,721.785,61.013477342234,0.2588190451025207,0.9659258262890684,-0.433883739117558,-0.9009688679024191,-1
2025-08-01 02:00:00,Robotics_Lab,Lab,805.15,24.6,71.23,368,0,1,0,0.0,84,660.22,6441.21,2025,8,1,2,4,886.85,738.33,703.87,796.0166666666668,724.5691666666667,63.283616185678255,0.4999999999999999,0.8660254037844387,-0.433883739117558,-0.9009688679024191,-1
2025-08-02 09:00:00,Robotics_Lab,Lab,701.11,26.9,91.05,151,1,0,1,44.1,88,574.91,5608.85,2025,8,2,9,5,633.31,694.37,631.82,696.5333333333333,712.4041666666666,65.01959516789584,0.7071067811865476,-0.7071067811865475,-0.9749279121818236,-0.2225209339563146,-1
2025-08-03 01:00:00,Robotics_Lab,Lab,694.4,24.0,64.62,93,0,0,1,0.0,94,569.41,5555.23,2025,8,3,1,6,761.07,655.86,840.23,713.89,711.6195833333333,56.61084275304608,0.2588190451025207,0.9659258262890684,-0.7818314824680299,0.6234898018587334,-1
2025-08-03 07:00:00,Robotics_Lab,Lab,641.49,29.25,54.85,114,0,1,1,21.0,25,526.02,5131.89,2025,8,3,7,6,737.55,755.18,810.47,724.6733333333333,718.5325000000001,55.166405597262994,0.9659258262890684,-0.2588190451025206,-0.7818314824680299,0.6234898018587334,-1
2025-08-03 08:00:00,Robotics_Lab,Lab,673.9,27.39,55.47,108,0,1,1,20.9,79,552.6,5391.18,2025,8,3,8,6,641.49,633.31,764.55,684.3133333333332,720.22375,53.020578762237264,0.8660254037844387,-0.4999999999999998,-0.7818314824680299,0.6234898018587334,-1
2025-08-03 10:00:00,Robotics_Lab,Lab,676.29,33.32,64.03,130,0,1,1,37.42,21,554.56,5410.33,2025,8,3,10,6,728.82,818.26,807.66,693.0033333333332,715.4629166666667,49.40552516885257,0.4999999999999999,-0.8660254037844387,-0.7818314824680299,0.6234898018587334,-1
2025-08-03 22:00:00,Robotics_Lab,Lab,686.41,23.99,59.24,23,0,0,1,0.0,72,562.85,5491.24,2025,8,3,22,6,762.06,765.49,829.11,739.2966666666666,701.72375,54.40552727774531,-0.5000000000000004,0.8660254037844384,-0.7818314824680299,0.6234898018587334,-1
2025-08-04 08:00:00,Robotics_Lab,Lab,657.08,24.57,69.27,60,1,0,0,34.78,73,538.81,5256.63,2025,8,4,8,0,680.63,673.9,637.04,699.2933333333334,696.7445833333333,58.67753254786452,0.8660254037844387,-0.4999999999999998,0.0,1.0,-1
2025-08-06 00:00:00,Robotics_Lab,Lab,790.06,28.9,80.94,304,1,0,0,0.0,65,647.85,6320.52,2025,8,6,0,2,759.86,768.27,722.55,745.7233333333334,703.4562500000001,68.00307223318747,0.0,1.0,0.9749279121818236,-0.2225209339563143,-1
2025-08-06 01:00:00,Robotics_Lab,Lab,872.68,25.96,76.46,361,0,1,0,0.0,99,715.6,6981.47,2025,8,6,1,2,790.06,706.97,635.79,807.5333333333333,710.3608333333333,76.2837331749136,0.2588190451025207,0.9659258262890684,0.9749279121818236,-0.2225209339563143,-1
2025-08-06 03:00:00,Robotics_Lab,Lab,781.29,33.71,73.76,341,1,0,0,0.0,21,640.66,6250.34,2025,8,6,3,2,829.67,767.8,639.94,827.88,717.15625,80.15809101326764,0.7071067811865476,0.7071067811865476,0.9749279121818236,-0.2225209339563143,-1
2025-08-07 21:00:00,Robotics_Lab,Lab,826.25,30.42,51.9,379,1,0,0,0.0,73,677.53,6610.04,2025,8,7,21,3,658.24,655.18,679.67,751.39,714.66375,76.56607296188244,-0.7071067811865477,0.7071067811865474,0.4338837391175582,-0.900968867902419,-1
2025-08-08 01:00:00,Robotics_Lab,Lab,816.79,25.51,54.56,378,0,0,0,0.0,68,669.76,6534.28,2025,8,8,1,4,752.16,790.3,886.85,788.1166666666667,714.5229166666667,70.46127005724254,0.2588190451025207,0.9659258262890684,-0.433883739117558,-0.9009688679024191,-1
2025-08-09 00:00:00,Robotics_Lab,Lab,657.29,33.0,62.94,138,1,0,1,0.0,35,538.98,5258.35,2025,8,9,0,5,802.29,752.16,668.1,703.9166666666666,725.7924999999999,61.1721937577071,0.0,1.0,-0.9749279121818236,-0.2225209339563146,-1
2025-08-09 01:00:00,Robotics_Lab,Lab,748.79,23.85,55.14,298,1,0,1,0.0,35,614.01,5990.34,2025,8,9,1,5,657.29,816.79,655.86,736.1233333333333,722.9591666666666,58.28062955977797,0.2588190451025207,0.9659258262890684,-0.9749279121818236,-0.2225209339563146,-1
2025-08-09 05:00:00,Robotics_Lab,Lab,791.14,28.94,55.32,394,1,0,1,0.0,27,648.74,6329.14,2025,8,9,5,5,645.29,684.98,676.78,734.39,725.3066666666667,60.989501068460406,0.9659258262890684,0.2588190451025207,-0.9749279121818236,-0.2225209339563146,-1
2025-08-09 12:00:00,Robotics_Lab,Lab,811.71,32.57,76.15,387,0,0,1,66.5,89,665.61,6493.72,2025,8,9,12,5,767.85,787.77,663.74,761.4333333333334,731.2820833333334,58.77967010123656,1.2246467991473532e-16,-1.0,-0.9749279121818236,-0.2225209339563146,-1
2025-08-10 11:00:00,Robotics_Lab,Lab,641.91,27.21,51.21,113,1,0,1,14.6,46,526.37,5135.31,2025,8,10,11,6,608.16,767.85,593.09,647.23,716.6308333333333,53.06983085615979,0.258819045102521,-0.9659258262890682,-0.7818314824680299,0.6234898018587334,-1
2025-08-10 18:00:00,Robotics_Lab,Lab,706.03,17.81,73.71,295,1,0,1,0.0,24,578.95,5648.27,2025,8,10,18,6,795.37,806.78,764.5,714.9866666666667,708.3866666666667,54.94938047414784,-1.0,-1.8369701987210292e-16,-0.7818314824680299,0.6234898018587334,-1
2025-08-14 12:00:00,Robotics_Lab,Lab,831.89,31.28,57.07,370,1,0,0,47.24,80,682.15,6655.13,2025,8,14,12,3,764.65,635.0,792.64,758.7799999999999,733.7216666666667,44.53204929590407,1.2246467991473532e-16,-1.0,0.4338837391175582,-0.900968867902419,-1
2025-08-15 21:00:00,Robotics_Lab,Lab,667.96,29.14,64.09,20,1,1,0,0.0,47,547.73,5343.67,2025,8,15,21,4,771.04,804.23,766.11,748.63,726.9183333333334,65.12911622085907,-0.7071067811865477,0.7071067811865474,-0.433883739117558,-0.9009688679024191,-1
2025-08-17 03:00:00,Robotics_Lab,Lab,702.01,27.19,54.15,255,1,0,1,0.0,81,575.65,5616.09,2025,8,17,3,6,719.46,655.33,748.21,730.41,705.5791666666668,72.06958152982382,0.7071067811865476,0.7071067811865476,-0.7818314824680299,0.6234898018587334,-1
2025-08-17 12:00:00,Robotics_Lab,Lab,854.14,34.66,78.74,392,0,0,1,46.82,91,700.4,6833.15,2025,8,17,12,6,759.57,772.87,771.19,785.3733333333333,708.4825000000001,66.76582347865181,1.2246467991473532e-16,-1.0,-0.7818314824680299,0.6234898018587334,-1
2025-08-21 21:00:00,Robotics_Lab,Lab,869.0,21.32,65.4,391,0,1,0,0.0,92,712.58,6952.02,2025,8,21,21,3,729.17,656.48,804.23,817.5600000000001,730.0879166666665,73.1993928449025,-0.7071067811865477,0.7071067811865474,0.4338837391175582,-0.900968867902419,-1
2025-08-22 02:00:00,Robotics_Lab,Lab,816.99,25.48,57.48,247,0,0,0,0.0,98,669.93,6535.93,2025,8,22,2,4,702.6,742.8,895.74,720.6133333333333,714.4204166666667,79.68394636634424,0.4999999999999999,0.8660254037844387,-0.433883739117558,-0.9009688679024191,-1
2025-08-23 01:00:00,Robotics_Lab,Lab,851.48,30.23,69.35,374,0,0,1,0.0,94,698.22,6811.86,2025,8,23,1,5,828.72,702.6,762.21,807.4633333333335,736.6795833333332,67.58692866158285,0.2588190451025207,0.9659258262890684,-0.9749279121818236,-0.2225209339563146,-1
2025-08-23 23:00:00,Robotics_Lab,Lab,843.66,23.81,59.59,340,0,1,1,0.0,74,691.8,6749.27,2025,8,23,23,5,815.64,742.19,666.79,769.7399999999999,710.3891666666667,76.2199755237463,-0.2588190451025215,0.965925826289068,-0.9749279121818236,-0.2225209339563146,-1
2025-08-24 00:00:00,Robotics_Lab,Lab,703.07,21.78,41.89,153,0,0,1,0.0,56,576.52,5624.54,2025,8,24,0,6,843.66,828.72,728.51,787.4566666666666,705.1537500000001,71.93345395829003,0.0,1.0,-0.7818314824680299,0.6234898018587334,-1
2025-08-24 20:00:00,Robotics_Lab,Lab,761.9,31.97,56.67,183,1,0,1,0.0,67,624.76,6095.18,2025,8,24,20,6,757.71,717.96,772.41,784.11,717.7333333333335,72.27283022274523,-0.8660254037844386,0.5000000000000001,-0.7818314824680299,0.6234898018587334,-1
2025-08-24 23:00:00,Robotics_Lab,Lab,803.85,36.96,79.63,211,0,0,1,0.0,94,659.16,6430.82,2025,8,24,23,6,797.78,843.66,771.17,792.7833333333333,720.61375,68.2703352608614,-0.2588190451025215,0.965925826289068,-0.7818314824680299,0.6234898018587334,-1
2025-08-30 03:00:00,Robotics_Lab,Lab,740.14,22.74,51.92,226,0,0,1,0.0,68,606.92,5921.15,2025,8,30,3,5,743.29,751.53,801.8,731.9399999999999,699.7725,69.4916720847197,0.7071067811865476,0.7071067811865476,-0.9749279121818236,-0.2225209339563146,-1
2025-08-30 04:00:00,Robotics_Lab,Lab,865.99,27.44,49.15,384,0,1,1,0.0,83,710.11,6927.9,2025,8,30,4,5,740.14,679.48,687.27,783.14,707.5437499999999,77.13234903679924,0.8660254037844386,0.5000000000000001,-0.9749279121818236,-0.2225209339563146,-1
2025-08-30 07:00:00,Robotics_Lab,Lab,625.23,20.26,69.83,59,0,0,1,43.13,82,512.68,5001.8,2025,8,30,7,5,819.76,622.44,672.72,716.1166666666667,712.1645833333333,80.31734865812552,0.9659258262890684,-0.2588190451025206,-0.9749279121818236,-0.2225209339563146,-1
2025-08-30 12:00:00,Robotics_Lab,Lab,817.62,30.87,65.33,325,0,0,1,59.23,94,670.45,6540.99,2025,8,30,12,5,573.08,716.89,609.8,678.5766666666667,715.3220833333334,83.3662551885748,1.2246467991473532e-16,-1.0,-0.9749279121818236,-0.2225209339563146,-1
2025-08-30 13:00:00,Robotics_Lab,Lab,715.14,31.03,59.99,250,0,1,1,29.74,53,586.42,5721.16,2025,8,30,13,5,817.62,627.68,668.76,701.9466666666667,718.96625,81.25339515648845,-0.2588190451025208,-0.9659258262890684,-0.9749279121818236,-0.2225209339563146,-1
2025-08-30 16:00:00,Robotics_Lab,Lab,757.28,24.5,65.63,339,0,1,1,38.78,66,620.97,6058.24,2025,8,30,16,5,715.84,697.64,756.92,703.43,722.9679166666666,79.80008897124621,-0.8660254037844385,-0.5000000000000004,-0.9749279121818236,-0.2225209339563146,-1
2025-08-30 18:00:00,Robotics_Lab,Lab,810.53,29.84,73.02,292,1,0,1,0.0,85,664.63,6484.23,2025,8,30,18,5,704.16,738.0,656.84,757.3233333333333,723.4554166666667,81.4244328238667,-1.0,-1.8369701987210292e-16,-0.9749279121818236,-0.2225209339563146,-1
2025-08-31 00:00:00,Robotics_Lab,Lab,717.57,23.8,46.29,266,0,1,1,0.0,66,588.41,5740.54,2025,8,31,0,6,755.83,621.51,703.07,725.3000000000001,723.5983333333334,67.3710429775585,0.0,1.0,-0.7818314824680299,0.6234898018587334,-1
2025-08-31 11:00:00,Robotics_Lab,Lab,614.79,25.6,43.16,24,0,1,1,33.3,51,504.13,4918.35,2025,8,31,11,6,823.44,573.08,635.69,773.2433333333333,734.9370833333334,60.46655464183223,0.258819045102521,-0.9659258262890682,-0.7818314824680299,0.6234898018587334,-1
2025-08-31 12:00:00,Robotics_Lab,Lab,853.12,28.97,89.58,371,0,0,1,43.02,84,699.56,6824.96,2025,8,31,12,6,614.79,817.62,713.46,763.7833333333334,736.4162500000001,62.95993341610949,1.2246467991473532e-16,-1.0,-0.7818314824680299,0.6234898018587334,-1
2025-08-31 13:00:00,Robotics_Lab,Lab,802.46,31.0,71.46,383,0,1,1,54.02,73,658.01,6419.65,2025,8,31,13,6,853.12,715.14,762.9,756.79,740.0545833333332,64.18801283045991,-0.2588190451025208,-0.9659258262890684,-0.7818314824680299,0.6234898018587334,-1
2025-08-31 17:00:00,Robotics_Lab,Lab,755.72,20.8,60.34,393,1,1,1,29.57,33,619.69,6045.75,2025,8,31,17,6,615.8,704.16,754.99,674.5533333333334,736.3925,68.04020117612107,-0.9659258262890684,-0.2588190451025206,-0.7818314824680299,0.6234898018587334,-1
2025-09-01 23:00:00,Robotics_Lab,Lab,843.29,29.88,69.3,376,0,0,0,0.0,82,691.5,6746.31,2025,9,1,23,0,783.22,763.27,795.89,758.7400000000001,738.04875,56.83448710472016,-0.2588190451025215,0.965925826289068,0.0,1.0,-1
2025-09-02 03:00:00,Robotics_Lab,Lab,698.37,31.45,90.66,49,0,0,0,0.0,98,572.66,5586.97,2025,9,2,3,1,832.92,769.45,765.95,746.32,728.285,61.04570746579976,0.7071067811865476,0.7071067811865476,0.7818314824680298,0.6234898018587336,-1
2025-09-02 14:00:00,Robotics_Lab,Lab,773.26,29.26,64.73,319,1,0,0,46.1,98,634.08,6186.12,2025,9,2,14,1,711.1,709.9,635.75,754.5566666666667,729.4345833333333,64.63636733625694,-0.4999999999999997,-0.8660254037844388,0.7818314824680298,0.6234898018587336,-1
2025-09-02 23:00:00,Robotics_Lab,Lab,846.08,29.14,59.82,393,0,0,0,0.0,66,693.78,6768.62,2025,9,2,23,1,847.24,843.29,775.28,784.4333333333334,725.2029166666666,71.01434499783116,-0.2588190451025215,0.965925826289068,0.7818314824680298,0.6234898018587336,-1
2025-09-04 21:00:00,Robotics_Lab,Lab,813.72,23.19,57.49,353,1,0,0,0.0,61,667.25,6509.73,2025,9,4,21,3,768.81,754.69,784.17,778.6633333333334,713.0704166666668,60.43100424229076,-0.7071067811865477,0.7071067811865474,0.4338837391175582,-0.900968867902419,-1
2025-09-05 06:00:00,Robotics_Lab,Lab,781.15,29.59,94.77,383,1,0,0,0.0,31,640.54,6249.2,2025,9,5,6,4,817.85,795.97,700.56,793.4033333333333,718.07875,65.59894758650054,1.0,6.123233995736766e-17,-0.433883739117558,-0.9009688679024191,-1
2025-09-05 08:00:00,Robotics_Lab,Lab,674.42,23.03,58.48,95,1,0,0,30.81,84,553.03,5395.38,2025,9,5,8,4,702.34,763.5,633.73,719.3033333333333,715.1025,65.18782456670134,0.8660254037844387,-0.4999999999999998,-0.433883739117558,-0.9009688679024191,-1
2025-09-05 23:00:00,Robotics_Lab,Lab,829.09,22.8,62.54,351,0,0,0,0.0,97,679.85,6632.7,2025,9,5,23,4,755.35,808.3,852.31,761.59,722.0225,68.89063798640471,-0.2588190451025215,0.965925826289068,-0.433883739117558,-0.9009688679024191,-1
2025-09-06 04:00:00,Robotics_Lab,Lab,730.49,22.18,54.99,176,0,1,1,0.0,76,599.0,5843.94,2025,9,6,4,5,684.85,781.21,865.99,719.08,729.1695833333334,71.02212756716513,0.8660254037844386,0.5000000000000001,-0.9749279121818236,-0.2225209339563146,-1
2025-09-06 23:00:00,Robotics_Lab,Lab,833.21,25.48,62.03,367,0,0,1,0.0,72,683.23,6665.7,2025,9,6,23,5,650.99,829.09,755.83,745.48,720.745,71.9229677895185,-0.2588190451025215,0.965925826289068,-0.9749279121818236,-0.2225209339563146,-1
2025-09-07 01:00:00,Robotics_Lab,Lab,777.31,28.29,33.31,300,0,0,1,0.0,57,637.39,6218.48,2025,9,7,1,6,710.71,858.08,786.57,773.7433333333333,714.6729166666668,65.77787512789139,0.2588190451025207,0.9659258262890684,-0.7818314824680299,0.6234898018587334,-1
2025-09-07 10:00:00,Robotics_Lab,Lab,848.3,28.79,56.67,383,0,0,1,41.34,69,695.61,6786.42,2025,9,7,10,6,740.37,660.99,823.44,777.3766666666667,738.48,51.535770608132,0.4999999999999999,-0.8660254037844387,-0.7818314824680299,0.6234898018587334,-1
2025-09-07 13:00:00,Robotics_Lab,Lab,705.45,22.84,81.16,214,0,0,1,58.78,95,578.47,5643.64,2025,9,7,13,6,707.44,631.93,802.46,716.1066666666667,741.5995833333333,47.01928489452882,-0.2588190451025208,-0.9659258262890684,-0.7818314824680299,0.6234898018587334,-1
2025-09-07 17:00:00,Robotics_Lab,Lab,770.06,36.32,56.66,280,0,1,1,70.9,98,631.45,6160.49,2025,9,7,17,6,771.65,676.73,755.72,760.2033333333334,747.6820833333333,43.2489832983475,-0.9659258262890684,-0.2588190451025206,-0.7818314824680299,0.6234898018587334,-1
2025-09-07 21:00:00,Robotics_Lab,Lab,801.4,25.49,71.31,316,0,1,1,0.0,73,657.15,6411.2,2025,9,7,21,6,700.67,752.24,737.28,733.8366666666667,751.4029166666666,44.89966141822458,-0.7071067811865477,0.7071067811865474,-0.7818314824680299,0.6234898018587334,-1
2025-09-08 03:00:00,Robotics_Lab,Lab,757.38,27.5,46.73,287,1,0,0,0.0,81,621.05,6059.05,2025,9,8,3,0,658.97,759.31,769.45,723.5466666666666,740.8579166666667,52.09823221395279,0.7071067811865476,0.7071067811865476,0.0,1.0,-1
2025-09-10 06:00:00,Robotics_Lab,Lab,695.06,29.67,74.91,51,1,0,0,0.0,77,569.95,5560.47,2025,9,10,6,2,803.85,789.84,626.11,766.7533333333332,701.7225,74.69155165833837,1.0,6.123233995736766e-17,0.9749279121818236,-0.2225209339563143,-1
2025-09-12 00:00:00,Robotics_Lab,Lab,688.44,29.77,51.8,76,1,0,0,0.0,97,564.52,5507.52,2025,9,12,0,4,799.09,798.47,726.53,735.21,698.82875,60.82138656415793,0.0,1.0,-0.433883739117558,-0.9009688679024191,-1
2025-09-13 06:00:00,Robotics_Lab,Lab,834.98,30.99,63.17,358,0,1,1,0.0,46,684.68,6679.82,2025,9,13,6,5,588.45,770.04,878.56,744.6333333333333,726.9350000000001,76.66015800979666,1.0,6.123233995736766e-17,-0.9749279121818236,-0.2225209339563146,-1
2025-09-13 15:00:00,Robotics_Lab,Lab,759.55,38.49,65.14,380,1,0,1,39.89,39,622.83,6076.36,2025,9,13,15,5,761.49,752.36,771.56,748.0833333333334,735.39875,69.81804085481392,-0.7071067811865471,-0.7071067811865479,-0.9749279121818236,-0.2225209339563146,-1
2025-09-15 03:00:00,Robotics_Lab,Lab,710.47,29.43,72.7,169,1,0,0,0.0,80,582.59,5683.76,2025,9,15,3,0,695.24,842.86,757.38,747.09,741.5558333333333,60.47082831859024,0.7071067811865476,0.7071067811865476,0.0,1.0,-1
2025-09-16 02:00:00,Robotics_Lab,Lab,678.01,29.19,35.79,65,1,0,0,0.0,67,555.97,5424.08,2025,9,16,2,1,719.03,695.24,753.66,681.7366666666667,716.6558333333332,55.7053388992833,0.4999999999999999,0.8660254037844387,0.7818314824680298,0.6234898018587336,-1
2025-09-19 01:00:00,Robotics_Lab,Lab,703.78,25.47,68.65,307,1,0,0,0.0,22,577.1,5630.21,2025,9,19,1,4,652.21,700.07,854.26,697.09,708.61625,82.99230052357584,0.2588190451025207,0.9659258262890684,-0.433883739117558,-0.9009688679024191,-1
2025-09-19 20:00:00,Robotics_Lab,Lab,805.71,25.58,69.37,336,0,1,0,0.0,53,660.68,6445.68,2025,9,19,20,4,787.69,830.01,800.12,769.62,709.8208333333333,63.02961463482367,-0.8660254037844386,0.5000000000000001,-0.433883739117558,-0.9009688679024191,-1
2025-09-20 04:00:00,Robotics_Lab,Lab,869.06,32.63,54.15,396,0,0,1,0.0,75,712.63,6952.45,2025,9,20,4,5,694.73,699.89,810.47,777.4933333333333,718.1424999999999,77.28090693105847,0.8660254037844386,0.5000000000000001,-0.9749279121818236,-0.2225209339563146,-1
2025-09-20 06:00:00,Robotics_Lab,Lab,816.64,21.55,61.35,372,0,0,1,0.0,98,669.65,6533.12,2025,9,20,6,5,750.95,725.82,834.98,812.2166666666667,727.0083333333332,77.52931914789582,1.0,6.123233995736766e-17,-0.9749279121818236,-0.2225209339563146,-1
2025-09-21 04:00:00,Robotics_Lab,Lab,709.6,34.01,96.4,149,0,0,1,0.0,62,581.87,5676.76,2025,9,21,4,6,766.51,869.06,787.23,725.7800000000001,738.09875,47.04002942106804,0.8660254037844386,0.5000000000000001,-0.7818314824680299,0.6234898018587334,-1
2025-09-21 17:00:00,Robotics_Lab,Lab,690.64,29.77,54.03,122,0,1,1,62.29,84,566.32,5525.09,2025,9,21,17,6,811.44,668.5,821.31,737.5833333333334,725.3166666666667,53.04824552822864,-0.9659258262890684,-0.2588190451025206,-0.7818314824680299,0.6234898018587334,-1
2025-09-22 19:00:00,Robotics_Lab,Lab,818.19,30.06,68.63,395,1,0,0,0.0,75,670.92,6545.53,2025,9,22,19,0,815.07,754.18,763.22,806.0300000000001,722.0958333333333,70.574599502424,-0.9659258262890684,0.2588190451025203,0.0,1.0,-1
2025-09-27 00:00:00,Robotics_Lab,Lab,738.81,22.23,56.23,203,0,0,1,0.0,67,605.82,5910.45,2025,9,27,0,5,738.62,804.11,769.89,772.31,725.605,68.93230781621645,0.0,1.0,-0.9749279121818236,-0.2225209339563146,-1
2025-09-27 08:00:00,Robotics_Lab,Lab,826.33,27.2,36.75,354,0,0,1,50.9,89,677.59,6610.68,2025,9,27,8,5,684.64,625.79,732.29,780.3333333333334,730.8570833333333,75.20376115011334,0.8660254037844387,-0.4999999999999998,-0.9749279121818236,-0.2225209339563146,-1
2025-09-27 12:00:00,Robotics_Lab,Lab,791.52,23.4,61.07,376,0,0,1,15.49,55,649.05,6332.17,2025,9,27,12,5,735.17,804.21,820.71,759.5566666666667,734.7433333333333,73.54779916706545,1.2246467991473532e-16,-1.0,-0.9749279121818236,-0.2225209339563146,-1
2025-09-27 13:00:00,Robotics_Lab,Lab,619.97,24.71,78.77,54,1,0,1,18.3,29,508.37,4959.75,2025,9,27,13,5,791.52,716.1,724.52,715.5533333333333,730.7379166666666,77.13729008435594,-0.2588190451025208,-0.9659258262890684,-0.9749279121818236,-0.2225209339563146,-1
2025-09-27 22:00:00,Robotics_Lab,Lab,781.73,36.05,71.93,227,0,0,1,0.0,64,641.02,6253.87,2025,9,27,22,5,687.8,839.5,771.64,754.0833333333334,718.0429166666668,68.29516664285492,-0.5000000000000004,0.8660254037844384,-0.9749279121818236,-0.2225209339563146,-1
2025-09-28 05:00:00,Robotics_Lab,Lab,731.93,31.72,63.14,307,1,0,1,0.0,24,600.18,5855.46,2025,9,28,5,6,728.5,780.08,674.57,724.6166666666667,727.4012499999999,69.61679165961564,0.9659258262890684,0.2588190451025207,-0.7818314824680299,0.6234898018587334,-1
2025-09-28 08:00:00,Robotics_Lab,Lab,821.09,25.84,59.83,396,0,0,1,30.78,87,673.3,6568.75,2025,9,28,8,6,745.08,826.33,761.66,729.4166666666666,721.0366666666665,68.69335134378417,0.8660254037844387,-0.4999999999999998,-0.7818314824680299,0.6234898018587334,-1
2025-09-28 10:00:00,Robotics_Lab,Lab,874.17,28.67,67.25,386,0,0,1,23.57,86,716.82,6993.39,2025,9,28,10,6,767.52,751.98,786.04,820.9266666666667,731.8925,72.80618250443905,0.4999999999999999,-0.8660254037844387,-0.7818314824680299,0.6234898018587334,-1
2025-09-28 12:00:00,Robotics_Lab,Lab,671.99,34.17,80.1,47,1,0,1,29.96,95,551.03,5375.88,2025,9,28,12,6,686.57,791.52,649.06,744.2433333333333,724.8870833333334,73.0739535752872,1.2246467991473532e-16,-1.0,-0.7818314824680299,0.6234898018587334,-1
2025-09-29 23:00:00,Robotics_Lab,Lab,781.23,24.67,59.51,274,0,1,0,0.0,74,640.61,6249.87,2025,9,29,23,0,746.3,791.0,736.89,785.8166666666666,714.2529166666667,53.18873176505795,-0.2588190451025215,0.965925826289068,0.0,1.0,-1
2025-09-30 16:00:00,Robotics_Lab,Lab,795.06,32.34,51.3,350,1,0,0,38.07,71,651.95,6360.5,2025,9,30,16,1,789.11,722.24,714.31,778.1233333333333,704.44875,62.77214165483438,-0.8660254037844385,-0.5000000000000004,0.7818314824680298,0.6234898018587336,-1
2025-10-02 00:00:00,Robotics_Lab,Lab,698.2,26.02,51.38,165,1,0,0,0.0,72,572.53,5585.64,2025,10,2,0,3,790.49,735.99,690.65,722.3033333333333,717.77375,62.083845676807904,0.0,1.0,0.4338837391175582,-0.900968867902419,-1
2025-10-02 05:00:00,Robotics_Lab,Lab,698.24,31.95,64.02,50,1,0,0,0.0,95,572.55,5585.89,2025,10,2,5,3,729.68,753.32,619.49,694.5499999999998,700.32,60.82572675095937,0.9659258262890684,0.2588190451025207,0.4338837391175582,-0.900968867902419,-1
2025-10-03 00:00:00,Robotics_Lab,Lab,822.85,23.34,73.21,328,0,0,0,0.0,95,674.74,6582.79,2025,10,3,0,4,753.39,698.2,804.11,782.8466666666667,721.6554166666668,60.99071190721803,0.0,1.0,-0.433883739117558,-0.9009688679024191,-1
2025-10-03 23:00:00,Robotics_Lab,Lab,848.74,29.89,65.3,380,0,0,0,0.0,91,695.97,6789.93,2025,10,3,23,4,621.59,753.39,738.62,705.9333333333334,745.4708333333333,79.86954003475017,-0.2588190451025215,0.965925826289068,-0.433883739117558,-0.9009688679024191,-1
2025-10-04 02:00:00,Robotics_Lab,Lab,770.44,30.56,73.85,327,1,0,1,0.0,35,631.76,6163.53,2025,10,4,2,5,647.66,866.82,639.11,682.6266666666667,729.1308333333333,78.89179000194015,0.4999999999999999,0.8660254037844387,-0.9749279121818236,-0.2225209339563146,-1
2025-10-04 05:00:00,Robotics_Lab,Lab,773.34,26.97,80.92,240,0,1,1,0.0,96,634.14,6186.71,2025,10,4,5,5,701.39,824.68,780.08,729.8233333333334,721.65625,73.76720160852096,0.9659258262890684,0.2588190451025207,-0.9749279121818236,-0.2225209339563146,-1
2025-10-04 12:00:00,Robotics_Lab,Lab,819.08,26.91,81.39,381,1,0,1,21.36,72,671.64,6552.62,2025,10,4,12,5,691.4,812.69,791.52,747.9,716.2175000000001,72.48125000421739,1.2246467991473532e-16,-1.0,-0.9749279121818236,-0.2225209339563146,-1
2025-10-04 19:00:00,Robotics_Lab,Lab,643.46,32.82,68.15,31,1,0,1,0.0,42,527.64,5147.69,2025,10,4,19,5,650.05,807.94,679.73,684.0866666666667,709.7600000000001,67.00576957637026,-0.9659258262890684,0.2588190451025203,-0.9749279121818236,-0.2225209339563146,-1
2025-10-05 08:00:00,Robotics_Lab,Lab,685.62,28.4,55.64,292,1,1,1,39.03,20,562.21,5484.98,2025,10,5,8,6,704.55,741.79,821.09,736.0833333333334,691.0566666666667,62.559464488606,0.8660254037844387,-0.4999999999999998,-0.7818314824680299,0.6234898018587334,-1
2025-10-05 12:00:00,Robotics_Lab,Lab,780.45,29.81,73.44,329,1,0,1,26.29,45,639.97,6243.56,2025,10,5,12,6,707.96,819.08,671.99,705.19,683.7083333333334,63.141116464673225,1.2246467991473532e-16,-1.0,-0.7818314824680299,0.6234898018587334,-1
2025-10-07 14:00:00,Robotics_Lab,Lab,725.42,22.77,75.21,286,1,0,0,51.52,53,594.84,5803.34,2025,10,7,14,1,797.19,820.95,750.2,760.3100000000001,717.5733333333333,58.41170956659912,-0.4999999999999997,-0.8660254037844388,0.7818314824680298,0.6234898018587336,-1
2025-10-07 20:00:00,Robotics_Lab,Lab,822.01,26.19,75.46,389,1,0,0,0.0,60,674.05,6576.08,2025,10,7,20,1,817.36,812.98,818.86,825.0233333333334,715.34,63.65424348025377,-0.8660254037844386,0.5000000000000001,0.7818314824680298,0.6234898018587336,-1
2025-10-10 00:00:00,Robotics_Lab,Lab,837.8,23.32,55.74,369,0,0,0,0.0,87,687.0,6702.43,2025,10,10,0,4,791.1,675.71,822.85,785.4533333333334,725.42,69.97516621599831,0.0,1.0,-0.433883739117558,-0.9009688679024191,-1
2025-10-10 21:00:00,Robotics_Lab,Lab,848.64,19.56,58.59,394,0,0,0,0.0,82,695.89,6789.14,2025,10,10,21,4,786.75,841.28,647.47,800.0833333333334,728.3379166666667,68.38884996707391,-0.7071067811865477,0.7071067811865474,-0.433883739117558,-0.9009688679024191,-1
2025-10-11 04:00:00,Robotics_Lab,Lab,780.41,35.07,85.61,179,0,1,1,0.0,81,639.94,6243.28,2025,10,11,4,5,803.15,789.76,701.39,761.7333333333332,714.7770833333334,60.230808271483205,0.8660254037844386,0.5000000000000001,-0.9749279121818236,-0.2225209339563146,-1
2025-10-12 03:00:00,Robotics_Lab,Lab,839.38,26.51,73.66,383,0,1,1,0.0,75,688.29,6715.0,2025,10,12,3,6,719.12,803.15,748.94,773.02,736.8766666666666,63.843116115698265,0.7071067811865476,0.7071067811865476,-0.7818314824680299,0.6234898018587334,-1
2025-10-12 08:00:00,Robotics_Lab,Lab,695.78,21.95,64.1,199,0,1,1,53.25,55,570.54,5566.21,2025,10,12,8,6,667.44,867.31,685.62,660.18,719.31,61.81979034468541,0.8660254037844387,-0.4999999999999998,-0.7818314824680299,0.6234898018587334,-1
2025-10-12 21:00:00,Robotics_Lab,Lab,866.63,27.59,65.19,372,1,0,1,0.0,76,710.63,6933.01,2025,10,12,21,6,739.26,813.48,625.79,786.2933333333334,739.8424999999999,73.4498318138205,-0.7071067811865477,0.7071067811865474,-0.7818314824680299,0.6234898018587334,-1
2025-10-13 03:00:00,Robotics_Lab,Lab,820.82,31.9,79.43,295,1,0,0,0.0,81,673.07,6566.57,2025,10,13,3,0,675.56,839.38,725.11,747.4533333333334,734.6429166666667,74.04974288650948,0.7071067811865476,0.7071067811865476,0.0,1.0,-1
2025-10-14 16:00:00,Robotics_Lab,Lab,650.81,26.52,72.85,38,1,0,0,30.85,85,533.66,5206.47,2025,10,14,16,1,637.5,850.14,672.15,697.1533333333333,706.3354166666667,78.67739418880382,-0.8660254037844385,-0.5000000000000004,0.7818314824680298,0.6234898018587336,-1
2025-10-16 12:00:00,Robotics_Lab,Lab,721.37,28.64,76.04,201,1,0,0,47.78,68,591.53,5770.98,2025,10,16,12,3,834.45,753.05,763.3,738.9766666666668,719.9254166666666,69.98911349999004,1.2246467991473532e-16,-1.0,0.4338837391175582,-0.900968867902419,-1
2025-10-18 12:00:00,Robotics_Lab,Lab,817.92,18.83,38.56,284,0,0,1,21.53,95,670.69,6543.33,2025,10,18,12,5,756.67,664.64,790.02,800.7199999999999,733.6791666666667,73.8930816268953,1.2246467991473532e-16,-1.0,-0.9749279121818236,-0.2225209339563146,-1
2025-10-19 14:00:00,Robotics_Lab,Lab,715.98,26.29,59.47,145,1,0,1,38.16,90,587.1,5727.85,2025,10,19,14,6,808.73,634.27,827.1,763.9566666666666,713.0358333333334,69.16954493923888,-0.4999999999999997,-0.8660254037844388,-0.7818314824680299,0.6234898018587334,-1
2025-10-21 00:00:00,Robotics_Lab,Lab,817.71,29.97,81.17,285,0,0,0,0.0,77,670.52,6541.66,2025,10,21,0,1,680.15,834.61,858.92,763.9466666666667,734.7512499999999,66.2901425101948,0.0,1.0,0.7818314824680298,0.6234898018587336,-1
2025-10-21 13:00:00,Robotics_Lab,Lab,831.72,26.52,82.22,375,0,1,0,39.08,96,682.01,6653.79,2025,10,21,13,1,753.35,791.4,655.11,803.9733333333334,737.84375,83.10592046154778,-0.2588190451025208,-0.9659258262890684,0.7818314824680298,0.6234898018587336,-1
2025-10-23 12:00:00,Robotics_Lab,Lab,770.67,29.92,68.32,254,1,0,0,51.29,96,631.95,6165.34,2025,10,23,12,3,781.48,698.47,721.37,758.0,721.3733333333333,69.47674391425946,1.2246467991473532e-16,-1.0,0.4338837391175582,-0.900968867902419,-1
2025-10-24 00:00:00,Robotics_Lab,Lab,856.61,25.17,67.84,392,0,0,0,0.0,93,702.42,6852.86,2025,10,24,0,4,648.66,798.31,741.87,770.4733333333334,733.8341666666666,74.93699086082623,0.0,1.0,-0.433883739117558,-0.9009688679024191,-1
2025-10-24 01:00:00,Robotics_Lab,Lab,839.48,32.73,53.52,309,0,0,0,0.0,91,688.38,6715.87,2025,10,24,1,4,856.61,808.0,824.56,781.5833333333334,735.1458333333334,76.54975358019523,0.2588190451025207,0.9659258262890684,-0.433883739117558,-0.9009688679024191,-1
2025-10-25 03:00:00,Robotics_Lab,Lab,793.3,18.61,65.14,377,0,0,1,0.0,60,650.5,6346.37,2025,10,25,3,5,786.58,708.14,770.33,785.5466666666666,722.4120833333333,74.05651737042659,0.7071067811865476,0.7071067811865476,-0.9749279121818236,-0.2225209339563146,-1
2025-10-25 04:00:00,Robotics_Lab,Lab,830.99,28.31,79.46,324,0,0,1,0.0,84,681.41,6647.91,2025,10,25,4,5,793.3,857.79,637.71,803.6233333333333,721.2954166666667,72.10273937865225,0.8660254037844386,0.5000000000000001,-0.9749279121818236,-0.2225209339563146,-1
2025-10-25 22:00:00,Robotics_Lab,Lab,718.55,32.57,60.83,51,0,1,1,0.0,91,589.21,5748.4,2025,10,25,22,5,725.41,674.43,768.34,711.6733333333333,724.6125000000001,67.8900054916205,-0.5000000000000004,0.8660254037844384,-0.9749279121818236,-0.2225209339563146,-1
2025-10-26 03:00:00,Robotics_Lab,Lab,819.68,28.74,59.37,372,0,1,1,0.0,69,672.14,6557.46,2025,10,26,3,6,708.41,793.3,761.12,752.5966666666667,722.4362500000001,73.12320501327268,0.7071067811865476,0.7071067811865476,-0.7818314824680299,0.6234898018587334,-1
2025-10-26 15:00:00,Robotics_Lab,Lab,845.62,32.61,76.85,350,0,0,1,50.89,69,693.41,6764.93,2025,10,26,15,6,803.2,691.65,796.27,764.8333333333334,723.0595833333333,76.9755304134217,-0.7071067811865471,-0.7071067811865479,-0.7818314824680299,0.6234898018587334,-1
2025-10-26 22:00:00,Robotics_Lab,Lab,806.71,33.67,66.21,339,0,1,1,0.0,53,661.5,6453.69,2025,10,26,22,6,664.14,718.55,731.96,722.0533333333333,714.08,77.22194630611382,-0.5000000000000004,0.8660254037844384,-0.7818314824680299,0.6234898018587334,-1
2025-10-26 23:00:00,Robotics_Lab,Lab,715.42,31.09,81.36,104,0,0,1,0.0,99,586.64,5723.32,2025,10,26,23,6,806.71,831.47,797.99,728.7566666666667,709.2445833333333,73.07366747385569,-0.2588190451025215,0.965925826289068,-0.7818314824680299,0.6234898018587334,-1
2025-10-27 22:00:00,Robotics_Lab,Lab,841.48,24.37,54.33,331,0,0,0,0.0,77,690.01,6731.8,2025,10,27,22,0,791.6,806.71,793.98,779.16,706.3545833333334,64.35264428060194,-0.5000000000000004,0.8660254037844384,0.0,1.0,-1
2025-10-28 21:00:00,Robotics_Lab,Lab,649.51,18.16,76.1,24,0,0,0,0.0,85,532.6,5196.08,2025,10,28,21,1,811.4,791.6,714.72,771.9,724.7583333333333,81.99917786791892,-0.7071067811865477,0.7071067811865474,0.7818314824680298,0.6234898018587336,-1
2025-10-28 22:00:00,Robotics_Lab,Lab,716.1,30.33,52.15,123,0,0,0,0.0,99,587.2,5728.8,2025,10,28,22,1,649.51,841.48,807.07,725.6700000000001,719.5341666666667,78.14282135750022,-0.5000000000000004,0.8660254037844384,0.7818314824680298,0.6234898018587336,-1
2025-10-30 12:00:00,Robotics_Lab,Lab,734.81,24.87,55.82,352,1,0,0,59.25,51,602.54,5878.47,2025,10,30,12,3,688.73,773.55,770.67,750.6266666666667,721.4895833333334,64.75465445612349,1.2246467991473532e-16,-1.0,0.4338837391175582,-0.900968867902419,-1
2025-10-31 04:00:00,Robotics_Lab,Lab,627.24,17.48,38.96,26,0,0,0,0.0,85,514.34,5017.94,2025,10,31,4,4,775.83,733.45,857.79,710.69,726.7674999999999,55.09214646548129,0.8660254037844386,0.5000000000000001,-0.433883739117558,-0.9009688679024191,-1
2025-11-01 08:00:00,Robotics_Lab,Lab,858.27,35.61,75.13,387,0,0,1,35.52,94,703.78,6866.16,2025,11,1,8,5,714.6,741.26,698.42,752.4933333333333,712.34375,72.04138688598725,0.8660254037844387,-0.4999999999999998,-0.9749279121818236,-0.2225209339563146,-1
2025-11-01 22:00:00,Robotics_Lab,Lab,632.76,31.93,65.14,27,0,1,1,0.0,50,518.86,5062.1,2025,11,1,22,5,685.29,704.13,718.55,721.91,697.0500000000001,76.29994068035631,-0.5000000000000004,0.8660254037844384,-0.9749279121818236,-0.2225209339563146,-1
2025-11-02 00:00:00,Robotics_Lab,Lab,741.97,26.06,54.99,145,0,1,1,0.0,77,608.42,5935.79,2025,11,2,0,6,649.38,803.6,625.67,674.7033333333333,691.2454166666666,73.75834749982906,0.0,1.0,-0.7818314824680299,0.6234898018587334,-1
2025-11-02 03:00:00,Robotics_Lab,Lab,870.05,28.3,65.72,365,0,0,1,0.0,98,713.44,6960.39,2025,11,2,3,6,648.35,643.58,819.68,753.0766666666667,702.69875,80.29960421757922,0.7071067811865476,0.7071067811865476,-0.7818314824680299,0.6234898018587334,-1
2025-11-02 07:00:00,Robotics_Lab,Lab,771.41,32.18,57.54,355,0,0,1,45.78,71,632.56,6171.29,2025,11,2,7,6,806.94,714.6,687.89,739.1199999999999,700.2937499999999,80.83219385607937,0.9659258262890684,-0.2588190451025206,-0.7818314824680299,0.6234898018587334,-1
2025-11-02 12:00:00,Robotics_Lab,Lab,609.76,24.36,51.7,36,0,1,1,38.46,51,500.0,4878.04,2025,11,2,12,6,666.31,607.01,771.55,685.2733333333334,696.7604166666666,76.37260859298249,1.2246467991473532e-16,-1.0,-0.7818314824680299,0.6234898018587334,-1
2025-11-02 22:00:00,Robotics_Lab,Lab,762.9,28.73,53.28,125,0,0,1,0.0,74,625.58,6103.22,2025,11,2,22,6,706.2,632.76,806.71,735.5166666666668,712.2408333333333,65.54399112953361,-0.5000000000000004,0.8660254037844384,-0.7818314824680299,0.6234898018587334,-1
2025-11-02 23:00:00,Robotics_Lab,Lab,760.24,30.11,45.73,243,0,0,1,0.0,90,623.4,6081.9,2025,11,2,23,6,762.9,649.38,715.42,743.1133333333333,716.86,64.82373914332437,-0.2588190451025215,0.965925826289068,-0.7818314824680299,0.6234898018587334,-1
2025-11-03 15:00:00,Robotics_Lab,Lab,658.26,32.32,96.3,96,1,0,0,30.89,93,539.77,5266.07,2025,11,3,15,0,636.04,766.85,711.22,699.2366666666667,716.1062499999999,67.93511589953036,-0.7071067811865471,-0.7071067811865479,0.0,1.0,-1
2025-11-03 23:00:00,Robotics_Lab,Lab,850.83,25.82,55.43,370,0,0,0,0.0,93,697.68,6806.63,2025,11,3,23,0,741.62,760.24,704.35,772.68,718.8925,73.31639630663356,-0.2588190451025215,0.965925826289068,0.0,1.0,-1
2025-11-05 08:00:00,Robotics_Lab,Lab,669.78,29.08,65.74,53,1,0,0,63.8,93,549.22,5358.24,2025,11,5,8,2,795.67,676.01,666.22,731.3266666666665,730.6766666666667,64.49608944442582,0.8660254037844387,-0.4999999999999998,0.9749279121818236,-0.2225209339563143,-1
2025-11-05 10:00:00,Robotics_Lab,Lab,726.51,29.25,54.71,175,1,0,0,49.18,93,595.74,5812.08,2025,11,5,10,2,842.13,805.4,651.31,746.14,733.315,66.40349191970746,0.4999999999999999,-0.8660254037844387,0.9749279121818236,-0.2225209339563143,-1
2025-11-08 11:00:00,Robotics_Lab,Lab,728.03,23.0,49.54,101,1,0,1,36.79,68,596.99,5824.25,2025,11,8,11,5,737.04,689.19,636.48,724.88,735.12,53.892373179855134,0.258819045102521,-0.9659258262890682,-0.9749279121818236,-0.2225209339563146,-1
2025-11-09 03:00:00,Robotics_Lab,Lab,767.27,27.03,50.7,160,0,1,1,0.0,80,629.17,6138.2,2025,11,9,3,6,591.17,786.34,870.05,709.8366666666666,718.12125,68.19427473817169,0.7071067811865476,0.7071067811865476,-0.7818314824680299,0.6234898018587334,-1
2025-11-09 20:00:00,Robotics_Lab,Lab,737.15,31.07,48.49,182,0,1,1,0.0,67,604.46,5897.18,2025,11,9,20,6,823.75,769.26,737.45,746.7866666666667,684.34375,66.02405805346567,-0.8660254037844386,0.5000000000000001,-0.7818314824680299,0.6234898018587334,-1
2025-11-09 21:00:00,Robotics_Lab,Lab,688.5,29.0,45.56,68,0,0,1,0.0,97,564.57,5508.03,2025,11,9,21,6,737.15,817.64,706.2,749.8000000000001,678.9629166666667,59.64225118073015,-0.7071067811865477,0.7071067811865474,-0.7818314824680299,0.6234898018587334,-1
2025-11-10 02:00:00,Robotics_Lab,Lab,858.55,22.45,65.64,354,0,0,0,0.0,89,704.01,6868.42,2025,11,10,2,0,674.63,591.17,801.58,772.52,695.0454166666667,64.66825872694486,0.4999999999999999,0.8660254037844387,0.0,1.0,-1
2025-11-12 02:00:00,Robotics_Lab,Lab,851.63,28.33,81.76,365,0,0,0,0.0,92,698.33,6813.02,2025,11,12,2,2,736.92,856.67,803.22,754.6133333333333,723.7541666666666,55.8480551930025,0.4999999999999999,0.8660254037844387,0.9749279121818236,-0.2225209339563143,-1
2025-11-13 05:00:00,Robotics_Lab,Lab,699.78,27.65,64.63,149,1,1,0,0.0,51,573.82,5598.21,2025,11,13,5,3,783.66,652.38,798.13,767.4733333333334,711.7683333333333,71.61199442081931,0.9659258262890684,0.2588190451025207,0.4338837391175582,-0.900968867902419,-1
2025-11-14 13:00:00,Robotics_Lab,Lab,760.98,25.83,59.17,363,1,0,0,63.12,48,624.01,6087.87,2025,11,14,13,4,657.61,727.33,778.62,730.5366666666667,716.6729166666668,73.18523149184182,-0.2588190451025208,-0.9659258262890684,-0.433883739117558,-0.9009688679024191,-1
2025-11-15 16:00:00,Robotics_Lab,Lab,763.88,33.23,55.07,340,1,1,1,45.21,70,626.38,6111.07,2025,11,15,16,5,782.03,785.37,671.87,731.7133333333335,745.0625,63.8183745688423,-0.8660254037844385,-0.5000000000000004,-0.9749279121818236,-0.2225209339563146,-1
2025-11-16 00:00:00,Robotics_Lab,Lab,808.23,34.06,51.25,263,0,0,1,0.0,88,662.75,6465.82,2025,11,16,0,6,624.69,816.71,598.42,735.2833333333333,749.2654166666667,70.0059751474187,0.0,1.0,-0.7818314824680299,0.6234898018587334,-1
2025-11-16 07:00:00,Robotics_Lab,Lab,679.64,25.34,77.11,249,0,1,1,68.57,30,557.31,5437.14,2025,11,16,7,6,663.94,828.92,683.97,716.2866666666667,731.8454166666667,68.46247509016293,0.9659258262890684,-0.2588190451025206,-0.7818314824680299,0.6234898018587334,-1
2025-11-16 23:00:00,Robotics_Lab,Lab,820.71,28.25,76.71,336,0,0,1,0.0,71,672.98,6565.7,2025,11,16,23,6,819.63,624.69,697.99,783.6166666666667,712.1104166666668,70.74979904590614,-0.2588190451025215,0.965925826289068,-0.7818314824680299,0.6234898018587334,-1
2025-11-17 12:00:00,Robotics_Lab,Lab,713.77,28.57,55.06,233,1,1,0,70.55,82,585.29,5710.18,2025,11,17,12,0,856.92,592.07,675.59,768.7600000000001,728.8479166666666,76.10566493107837,1.2246467991473532e-16,-1.0,0.0,1.0,-1
2025-11-17 23:00:00,Robotics_Lab,Lab,779.32,31.03,70.7,188,0,0,0,0.0,99,639.04,6234.58,2025,11,17,23,0,733.08,820.71,742.66,775.6766666666667,736.6133333333333,63.6469038603979,-0.2588190451025215,0.965925826289068,0.0,1.0,-1
2025-11-18 09:00:00,Robotics_Lab,Lab,853.83,23.89,82.7,391,0,0,0,33.67,88,700.14,6830.62,2025,11,18,9,1,720.36,827.5,717.22,770.5466666666667,754.2970833333334,62.8930745118926,0.7071067811865476,-0.7071067811865475,0.7818314824680298,0.6234898018587336,-1
2025-11-18 11:00:00,Robotics_Lab,Lab,653.05,21.39,55.69,42,0,1,0,27.73,84,535.5,5224.38,2025,11,18,11,1,753.35,856.92,663.58,753.41,746.5425,62.17249435520672,0.258819045102521,-0.9659258262890682,0.7818314824680298,0.6234898018587336,-1
2025-11-19 07:00:00,Robotics_Lab,Lab,645.8,25.55,59.55,44,1,0,0,59.17,91,529.56,5166.41,2025,11,19,7,2,684.2,737.45,690.58,701.07,735.0075,62.20420908797957,0.9659258262890684,-0.2588190451025206,0.9749279121818236,-0.2225209339563143,-1
2025-11-19 19:00:00,Robotics_Lab,Lab,729.71,29.65,42.38,138,1,0,0,0.0,72,598.36,5837.66,2025,11,19,19,2,821.21,623.03,769.32,762.2266666666668,728.1124999999998,66.34893277540255,-0.9659258262890684,0.2588190451025203,0.9749279121818236,-0.2225209339563143,-1
2025-11-19 23:00:00,Robotics_Lab,Lab,822.45,24.29,35.59,351,1,0,0,0.0,91,674.41,6579.6,2025,11,19,23,2,763.84,815.65,685.58,779.1866666666668,733.2641666666667,67.15059551140568,-0.2588190451025215,0.965925826289068,0.9749279121818236,-0.2225209339563143,-1
2025-11-21 12:00:00,Robotics_Lab,Lab,833.13,31.84,44.0,338,0,1,0,49.58,77,683.17,6665.08,2025,11,21,12,4,735.09,738.12,657.61,751.7566666666667,741.6437500000001,62.51076768550165,1.2246467991473532e-16,-1.0,-0.433883739117558,-0.9009688679024191,-1
2025-11-22 01:00:00,Robotics_Lab,Lab,877.25,32.46,64.61,352,0,0,1,0.0,93,719.34,7017.96,2025,11,22,1,5,620.02,784.99,746.96,758.2433333333333,729.9945833333333,75.78299390388568,0.2588190451025207,0.9659258262890684,-0.9749279121818236,-0.2225209339563146,-1
2025-11-22 03:00:00,Robotics_Lab,Lab,850.31,28.57,67.89,389,0,0,1,0.0,70,697.26,6802.5,2025,11,22,3,5,787.74,728.83,762.42,838.4333333333334,739.9124999999999,79.147815880768,0.7071067811865476,0.7071067811865476,-0.9749279121818236,-0.2225209339563146,-1
2025-11-22 06:00:00,Robotics_Lab,Lab,785.05,30.52,43.81,177,0,0,1,0.0,95,643.74,6280.42,2025,11,22,6,5,622.57,654.88,842.71,726.4966666666666,739.1583333333333,80.57877974335317,1.0,6.123233995736766e-17,-0.9749279121818236,-0.2225209339563146,-1
2025-11-22 07:00:00,Robotics_Lab,Lab,732.17,31.07,56.02,244,0,0,1,31.79,61,600.38,5857.39,2025,11,22,7,5,785.05,817.11,828.92,713.2633333333333,735.6191666666667,78.8530200638418,0.9659258262890684,-0.2588190451025206,-0.9749279121818236,-0.2225209339563146,-1
2025-11-22 09:00:00,Robotics_Lab,Lab,720.24,32.85,66.58,168,0,1,1,54.01,77,590.6,5761.94,2025,11,22,9,5,749.46,791.64,668.56,733.9566666666666,729.32625,75.35767165080517,0.7071067811865476,-0.7071067811865475,-0.9749279121818236,-0.2225209339563146,-1
2025-11-22 10:00:00,Robotics_Lab,Lab,812.33,25.45,66.5,351,0,0,1,43.25,94,666.11,6498.62,2025,11,22,10,5,720.24,687.05,801.14,760.6766666666667,734.54625,76.63019303986061,0.4999999999999999,-0.8660254037844387,-0.9749279121818236,-0.2225209339563146,-1
2025-11-22 12:00:00,Robotics_Lab,Lab,763.55,30.89,82.8,285,0,1,1,38.61,76,626.11,6108.39,2025,11,22,12,5,661.07,833.13,784.9,745.65,728.5629166666666,75.38942605358211,1.2246467991473532e-16,-1.0,-0.9749279121818236,-0.2225209339563146,-1
2025-11-22 16:00:00,Robotics_Lab,Lab,611.57,24.94,54.18,181,0,1,1,68.32,27,501.49,4892.59,2025,11,22,16,5,804.27,715.09,763.88,724.7866666666667,735.7908333333335,80.24668216989157,-0.8660254037844385,-0.5000000000000004,-0.9749279121818236,-0.2225209339563146,-1
2025-11-22 18:00:00,Robotics_Lab,Lab,827.44,30.02,71.0,387,0,0,1,0.0,72,678.5,6619.53,2025,11,22,18,5,705.71,618.65,800.17,714.9066666666668,744.9254166666666,78.0320805811252,-1.0,-1.8369701987210292e-16,-0.9749279121818236,-0.2225209339563146,-1
2025-11-23 00:00:00,Robotics_Lab,Lab,770.98,24.17,65.88,352,0,0,1,0.0,49,632.2,6167.83,2025,11,23,0,6,827.08,620.02,808.23,784.93,754.6791666666668,68.33983509012485,0.0,1.0,-0.7818314824680299,0.6234898018587334,-1
2025-11-23 01:00:00,Robotics_Lab,Lab,752.05,24.03,74.86,199,1,0,1,0.0,85,616.68,6016.42,2025,11,23,1,6,770.98,877.25,720.64,783.37,749.4625000000001,63.158818810034056,0.2588190451025207,0.9659258262890684,-0.7818314824680299,0.6234898018587334,-1
2025-11-23 03:00:00,Robotics_Lab,Lab,820.47,24.66,61.36,321,0,0,1,0.0,96,672.79,6563.78,2025,11,23,3,6,718.74,850.31,770.34,763.7533333333334,745.3441666666668,61.03859533946436,0.7071067811865476,0.7071067811865476,-0.7818314824680299,0.6234898018587334,-1
2025-11-23 05:00:00,Robotics_Lab,Lab,763.78,27.23,59.57,170,0,0,1,0.0,98,626.3,6110.23,2025,11,23,5,6,738.58,622.57,805.28,774.2766666666666,749.8408333333333,55.09461055601808,0.9659258262890684,0.2588190451025207,-0.7818314824680299,0.6234898018587334,-1
2025-11-24 14:00:00,Robotics_Lab,Lab,592.27,26.72,85.72,32,1,0,0,62.98,80,485.66,4738.12,2025,11,24,14,0,650.34,643.46,782.07,628.5766666666667,685.1862500000001,62.47130887976958,-0.4999999999999997,-0.8660254037844388,0.0,1.0,-1
2025-11-25 00:00:00,Robotics_Lab,Lab,738.19,19.55,45.66,176,0,0,0,0.0,74,605.31,5905.51,2025,11,25,0,1,635.42,763.92,855.17,708.1833333333334,676.6525,54.17077699677243,0.0,1.0,0.7818314824680298,0.6234898018587336,-1
2025-11-27 04:00:00,Robotics_Lab,Lab,818.58,27.77,68.41,262,0,1,0,0.0,97,671.24,6548.64,2025,11,27,4,3,849.65,635.75,811.96,809.0333333333333,753.1770833333334,57.807459536639136,0.8660254037844386,0.5000000000000001,0.4338837391175582,-0.900968867902419,-1
2025-11-29 01:00:00,Robotics_Lab,Lab,811.65,31.83,59.28,378,0,0,1,0.0,37,665.55,6493.19,2025,11,29,1,5,810.74,765.39,877.25,783.6066666666666,741.065,62.12673904485973,0.2588190451025207,0.9659258262890684,-0.9749279121818236,-0.2225209339563146,-1
2025-11-29 02:00:00,Robotics_Lab,Lab,777.08,26.2,51.86,241,0,0,1,0.0,81,637.21,6216.68,2025,11,29,2,5,811.65,757.2,787.74,799.8233333333334,741.8933333333333,62.48272941671646,0.4999999999999999,0.8660254037844387,-0.9749279121818236,-0.2225209339563146,-1
2025-11-29 12:00:00,Robotics_Lab,Lab,783.48,23.82,70.94,277,0,0,1,49.79,92,642.45,6267.85,2025,11,29,12,5,672.87,676.34,763.55,673.5666666666667,729.8829166666666,77.71488003001622,1.2246467991473532e-16,-1.0,-0.9749279121818236,-0.2225209339563146,-1
2025-11-29 13:00:00,Robotics_Lab,Lab,782.36,37.58,72.17,245,0,0,1,45.79,91,641.54,6258.9,2025,11,29,13,5,783.48,633.88,793.24,746.2366666666667,736.0695833333333,75.62192783435408,-0.2588190451025208,-0.9659258262890684,-0.9749279121818236,-0.2225209339563146,-1
2025-11-29 19:00:00,Robotics_Lab,Lab,832.62,28.38,74.3,361,0,0,1,0.0,78,682.75,6661.0,2025,11,29,19,5,751.43,825.15,723.85,755.52,721.0420833333334,69.20148119671144,-0.9659258262890684,0.2588190451025203,-0.9749279121818236,-0.2225209339563146,-1
2025-11-30 00:00:00,Robotics_Lab,Lab,814.75,24.64,61.88,255,0,0,1,0.0,98,668.1,6518.02,2025,11,30,0,6,738.4,810.74,770.98,788.27,728.3754166666668,69.69248047387556,0.0,1.0,-0.7818314824680299,0.6234898018587334,-1
2025-11-30 01:00:00,Robotics_Lab,Lab,819.65,33.64,59.43,261,0,0,1,0.0,94,672.11,6557.21,2025,11,30,1,6,814.75,811.65,752.05,790.9333333333334,728.7087499999999,70.12587715098995,0.2588190451025207,0.9659258262890684,-0.7818314824680299,0.6234898018587334,-1
2025-11-30 03:00:00,Robotics_Lab,Lab,864.38,30.03,62.87,339,0,0,1,0.0,97,708.79,6915.02,2025,11,30,3,6,696.38,673.31,820.47,793.4699999999999,733.3075,74.20335210112565,0.7071067811865476,0.7071067811865476,-0.7818314824680299,0.6234898018587334,-1
2025-11-30 05:00:00,Robotics_Lab,Lab,813.82,33.03,76.35,327,0,0,1,0.0,77,667.33,6510.53,2025,11,30,5,6,773.28,645.17,763.78,817.16,745.7837499999999,70.70183582958967,0.9659258262890684,0.2588190451025207,-0.7818314824680299,0.6234898018587334,-1
2025-11-30 06:00:00,Robotics_Lab,Lab,749.97,33.94,55.84,216,0,1,1,0.0,40,614.98,5999.79,2025,11,30,6,6,813.82,703.71,802.25,779.0233333333332,747.71125,70.13322684053246,1.0,6.123233995736766e-17,-0.7818314824680299,0.6234898018587334,-1
2025-11-30 07:00:00,Robotics_Lab,Lab,796.13,36.02,67.52,301,0,1,1,12.36,75,652.83,6369.04,2025,11,30,7,6,749.97,767.09,630.39,786.64,748.92125,70.73007467539773,0.9659258262890684,-0.2588190451025206,-0.7818314824680299,0.6234898018587334,-1
2025-11-30 09:00:00,Robotics_Lab,Lab,776.71,25.08,62.29,292,0,1,1,20.34,53,636.91,6213.72,2025,11,30,9,6,620.39,764.1,712.7,731.0766666666667,741.8633333333333,74.62100017198205,0.7071067811865476,-0.7071067811865475,-0.7818314824680299,0.6234898018587334,-1
2025-11-30 22:00:00,Robotics_Lab,Lab,727.81,28.23,63.71,168,1,0,1,0.0,78,596.8,5822.48,2025,11,30,22,6,760.93,811.66,664.7,706.92,731.9004166666667,70.98481255073126,-0.5000000000000004,0.8660254037844384,-0.7818314824680299,0.6234898018587334,-1
2025-12-02 02:00:00,Robotics_Lab,Lab,777.0,24.48,64.7,309,1,0,0,0.0,73,637.14,6216.02,2025,12,2,2,1,787.66,670.78,740.39,754.8499999999999,733.0320833333334,72.22831011748569,0.4999999999999999,0.8660254037844387,0.7818314824680298,0.6234898018587336,-1
2025-12-02 23:00:00,Robotics_Lab,Lab,853.96,31.3,76.62,265,0,0,0,0.0,98,700.24,6831.65,2025,12,2,23,1,644.34,787.24,722.1,739.5300000000001,708.26375,67.95322450118529,-0.2588190451025215,0.965925826289068,0.7818314824680298,0.6234898018587336,-1
2025-12-03 04:00:00,Robotics_Lab,Lab,834.56,29.2,67.84,329,1,0,0,0.0,98,684.34,6676.48,2025,12,3,4,2,705.56,638.84,635.75,735.1166666666667,709.2624999999999,72.80686889775897,0.8660254037844386,0.5000000000000001,0.9749279121818236,-0.2225209339563143,-1
2025-12-03 10:00:00,Robotics_Lab,Lab,706.72,30.44,67.76,274,1,0,0,34.48,32,579.51,5653.79,2025,12,3,10,2,806.03,796.29,665.25,718.1933333333333,711.4474999999999,77.06080249020657,0.4999999999999999,-0.8660254037844387,0.9749279121818236,-0.2225209339563143,-1
2025-12-03 18:00:00,Robotics_Lab,Lab,797.42,26.55,66.11,257,1,0,0,0.0,86,653.89,6379.38,2025,12,3,18,2,690.39,733.09,701.25,698.7233333333334,708.4316666666667,80.93334947949958,-1.0,-1.8369701987210292e-16,0.9749279121818236,-0.2225209339563143,-1
2025-12-04 09:00:00,Robotics_Lab,Lab,715.43,34.1,70.41,110,1,0,0,33.19,80,586.65,5723.41,2025,12,4,9,3,587.5,806.03,783.01,662.4166666666666,709.3650000000001,64.04221107987932,0.7071067811865476,-0.7071067811865475,0.4338837391175582,-0.900968867902419,-1
2025-12-06 00:00:00,Robotics_Lab,Lab,753.77,36.88,42.13,310,0,0,1,0.0,38,618.09,6030.19,2025,12,6,0,5,829.62,757.54,810.74,778.07,713.5733333333333,71.4247262426708,0.0,1.0,-0.9749279121818236,-0.2225209339563146,-1
2025-12-06 05:00:00,Robotics_Lab,Lab,762.17,32.27,45.64,249,0,1,1,0.0,55,624.98,6097.33,2025,12,6,5,5,685.67,722.34,645.17,744.4899999999999,708.4208333333332,76.81497668263293,0.9659258262890684,0.2588190451025207,-0.9749279121818236,-0.2225209339563146,-1
2025-12-06 08:00:00,Robotics_Lab,Lab,767.99,36.35,66.85,233,0,0,1,62.69,63,629.75,6143.89,2025,12,6,8,5,769.94,746.97,802.39,761.0933333333332,709.8695833333333,77.81964664637397,0.8660254037844387,-0.4999999999999998,-0.9749279121818236,-0.2225209339563146,-1
2025-12-06 23:00:00,Robotics_Lab,Lab,826.49,27.88,57.84,373,0,0,1,0.0,61,677.72,6611.92,2025,12,6,23,5,799.3,829.62,738.4,806.8333333333334,736.36875,57.51413938158654,-0.2588190451025215,0.965925826289068,-0.9749279121818236,-0.2225209339563146,-1
2025-12-07 02:00:00,Robotics_Lab,Lab,840.38,29.09,77.38,393,0,0,1,0.0,55,689.11,6723.04,2025,12,7,2,6,806.49,661.21,696.38,786.5066666666667,751.0529166666666,51.26432995666894,0.4999999999999999,0.8660254037844387,-0.7818314824680299,0.6234898018587334,-1
2025-12-07 03:00:00,Robotics_Lab,Lab,716.28,31.92,65.12,45,0,0,1,0.0,93,587.35,5730.25,2025,12,7,3,6,840.38,785.63,864.38,787.7166666666666,748.1633333333333,51.18504941932122,0.7071067811865476,0.7071067811865476,-0.7818314824680299,0.6234898018587334,-1
2025-12-07 05:00:00,Robotics_Lab,Lab,747.85,22.43,60.94,326,0,1,1,0.0,21,613.24,5982.8,2025,12,7,5,6,733.73,762.17,813.82,732.62,749.5691666666667,49.48310936389554,0.9659258262890684,0.2588190451025207,-0.7818314824680299,0.6234898018587334,-1
2025-12-07 11:00:00,Robotics_Lab,Lab,770.39,26.06,81.09,386,1,0,1,38.46,64,631.72,6163.1,2025,12,7,11,6,693.24,659.84,717.77,728.8166666666667,747.0841666666666,57.167291265023934,0.258819045102521,-0.9659258262890682,-0.7818314824680299,0.6234898018587334,-1
2025-12-07 15:00:00,Robotics_Lab,Lab,705.41,27.92,61.16,214,1,0,1,21.45,26,578.43,5643.26,2025,12,7,15,6,780.62,710.39,646.08,741.9166666666666,744.0383333333333,58.58519657704787,-0.7071067811865471,-0.7071067811865479,-0.7818314824680299,0.6234898018587334,-1
2025-12-07 23:00:00,Robotics_Lab,Lab,801.41,31.8,49.82,305,0,0,1,0.0,61,657.16,6411.31,2025,12,7,23,6,782.28,826.49,756.45,754.8800000000001,731.4329166666666,62.68983049622217,-0.2588190451025215,0.965925826289068,-0.7818314824680299,0.6234898018587334,-1
2025-12-08 17:00:00,Robotics_Lab,Lab,828.89,31.76,38.86,281,1,0,0,37.36,99,679.69,6631.15,2025,12,8,17,0,780.35,641.85,741.18,734.5300000000001,735.4383333333332,72.33388313422392,-0.9659258262890684,-0.2588190451025206,0.0,1.0,-1
2025-12-08 22:00:00,Robotics_Lab,Lab,748.38,20.93,60.55,341,0,1,0,0.0,77,613.67,5987.07,2025,12,8,22,0,844.8,782.28,799.51,751.8366666666667,733.78875,72.98984118191413,-0.5000000000000004,0.8660254037844384,0.0,1.0,-1
2025-12-08 23:00:00,Robotics_Lab,Lab,785.25,23.05,54.12,268,0,0,0,0.0,84,643.9,6281.98,2025,12,8,23,0,748.38,801.41,787.24,792.8100000000001,733.1154166666665,72.41115539684452,-0.2588190451025215,0.965925826289068,0.0,1.0,-1
2025-12-09 01:00:00,Robotics_Lab,Lab,594.01,25.81,66.31,27,1,0,0,0.0,25,487.09,4752.07,2025,12,9,1,1,778.77,692.67,787.66,719.3433333333332,732.6750000000001,77.6253659796746,0.2588190451025207,0.9659258262890684,0.7818314824680298,0.6234898018587336,-1
2025-12-09 06:00:00,Robotics_Lab,Lab,746.64,33.31,72.17,296,1,0,0,0.0,30,612.25,5973.13,2025,12,9,6,1,778.89,753.31,608.48,788.3766666666667,734.8820833333333,76.23318118026108,1.0,6.123233995736766e-17,0.7818314824680298,0.6234898018587336,-1
2025-12-09 13:00:00,Robotics_Lab,Lab,759.6,26.61,48.71,165,0,1,0,35.08,99,622.87,6076.78,2025,12,9,13,1,572.07,795.5,642.81,701.0133333333333,717.61875,83.10323445348187,-0.2588190451025208,-0.9659258262890684,0.7818314824680298,0.6234898018587336,-1
2025-12-11 08:00:00,Robotics_Lab,Lab,781.39,27.05,51.32,325,1,0,0,41.01,89,640.74,6251.11,2025,12,11,8,3,602.76,796.42,587.5,744.0133333333333,731.2895833333333,78.83614677893276,0.8660254037844387,-0.4999999999999998,0.4338837391175582,-0.900968867902419,-1
2025-12-14 01:00:00,Robotics_Lab,Lab,650.47,31.66,44.52,26,0,0,1,0.0,71,533.39,5203.8,2025,12,14,1,6,702.61,832.67,806.49,725.4033333333333,712.4579166666667,64.75562523687594,0.2588190451025207,0.9659258262890684,-0.7818314824680299,0.6234898018587334,-1
2025-12-14 04:00:00,Robotics_Lab,Lab,775.71,30.06,49.4,313,1,0,1,0.0,58,636.09,6205.71,2025,12,14,4,6,731.27,764.08,733.73,752.0733333333334,715.1379166666667,59.09851325865975,0.8660254037844386,0.5000000000000001,-0.7818314824680299,0.6234898018587334,-1
2025-12-14 07:00:00,Robotics_Lab,Lab,775.93,23.95,67.58,298,0,1,1,62.91,81,636.27,6207.48,2025,12,14,7,6,792.6,713.86,666.99,758.4333333333334,716.3379166666667,60.529598866581104,0.9659258262890684,-0.2588190451025206,-0.7818314824680299,0.6234898018587334,-1
2025-12-14 13:00:00,Robotics_Lab,Lab,781.3,32.29,48.28,322,0,1,1,34.27,90,640.66,6250.39,2025,12,14,13,6,724.16,783.41,739.72,722.0333333333333,710.4558333333334,60.511456976032015,-0.2588190451025208,-0.9659258262890684,-0.7818314824680299,0.6234898018587334,-1
2025-12-14 23:00:00,Robotics_Lab,Lab,817.19,25.49,60.72,257,0,0,1,0.0,98,670.09,6537.49,2025,12,14,23,6,731.47,823.13,801.41,755.0533333333333,722.9770833333333,64.7925489193862,-0.2588190451025215,0.965925826289068,-0.7818314824680299,0.6234898018587334,-1
2025-12-20 03:00:00,Robotics_Lab,Lab,842.54,30.18,48.88,372,0,1,1,0.0,99,690.88,6740.3,2025,12,20,3,5,777.38,694.07,811.33,803.1,732.28375,62.91011267380318,0.7071067811865476,0.7071067811865476,-0.9749279121818236,-0.2225209339563146,-1
2025-12-20 23:00:00,Robotics_Lab,Lab,809.18,22.61,51.98,346,0,1,1,0.0,68,663.53,6473.42,2025,12,20,23,5,772.56,749.62,823.13,782.3966666666666,727.045,66.22235646405423,-0.2588190451025215,0.965925826289068,-0.9749279121818236,-0.2225209339563146,-1
2025-12-21 04:00:00,Robotics_Lab,Lab,817.6,24.62,62.06,299,1,0,1,0.0,79,670.43,6540.83,2025,12,21,4,6,666.59,648.82,775.71,752.0733333333334,723.4379166666666,62.46325048129053,0.8660254037844386,0.5000000000000001,-0.7818314824680299,0.6234898018587334,-1
2025-12-21 17:00:00,Robotics_Lab,Lab,683.08,22.96,70.36,72,1,0,1,37.0,94,560.12,5464.62,2025,12,21,17,6,737.56,789.22,571.58,730.7633333333333,729.6241666666666,50.05491878854336,-0.9659258262890684,-0.2588190451025206,-0.7818314824680299,0.6234898018587334,-1
2025-12-21 19:00:00,Robotics_Lab,Lab,844.03,28.55,62.66,372,0,0,1,0.0,89,692.11,6752.26,2025,12,21,19,6,788.89,687.94,779.54,772.0,741.2366666666667,53.25943857291187,-0.9659258262890684,0.2588190451025203,-0.7818314824680299,0.6234898018587334,-1
2025-12-21 20:00:00,Robotics_Lab,Lab,815.39,26.03,65.32,364,0,0,1,0.0,92,668.62,6523.15,2025,12,21,20,6,844.03,711.33,809.61,816.1033333333334,745.5724999999999,54.92848340461284,-0.8660254037844386,0.5000000000000001,-0.7818314824680299,0.6234898018587334,-1
2025-12-21 23:00:00,Robotics_Lab,Lab,808.42,32.38,46.08,309,0,0,1,0.0,96,662.9,6467.33,2025,12,21,23,6,845.44,809.18,817.19,749.6333333333333,741.4770833333333,66.07164994084926,-0.2588190451025215,0.965925826289068,-0.7818314824680299,0.6234898018587334,-1
2025-12-22 12:00:00,Robotics_Lab,Lab,681.15,25.24,61.96,186,1,0,0,39.42,68,558.54,5449.21,2025,12,22,12,0,775.31,685.15,705.07,749.5733333333334,740.7754166666667,69.9870384881436,1.2246467991473532e-16,-1.0,0.0,1.0,-1
2025-12-22 22:00:00,Robotics_Lab,Lab,778.0,34.0,63.87,222,0,0,0,0.0,97,637.96,6223.98,2025,12,22,22,0,828.21,845.44,784.91,758.11,718.1641666666668,60.06702827868072,-0.5000000000000004,0.8660254037844384,0.0,1.0,-1
2025-12-23 16:00:00,Robotics_Lab,Lab,662.8,27.72,74.18,93,1,0,0,37.17,67,543.5,5302.43,2025,12,23,16,1,569.43,702.22,619.03,612.42,710.5566666666667,80.88528971792987,-0.8660254037844385,-0.5000000000000004,0.7818314824680298,0.6234898018587336,-1
2025-12-24 04:00:00,Robotics_Lab,Lab,825.83,28.5,76.77,382,0,0,0,0.0,84,677.18,6606.67,2025,12,24,4,2,788.11,766.81,755.26,787.8933333333334,707.3249999999999,82.17263921027718,0.8660254037844386,0.5000000000000001,0.9749279121818236,-0.2225209339563143,-1
2025-12-24 06:00:00,Robotics_Lab,Lab,742.69,31.8,54.25,188,0,1,0,0.0,84,609.0,5941.51,2025,12,24,6,2,658.36,812.37,741.61,742.2933333333334,701.0649999999999,79.6674983098892,1.0,6.123233995736766e-17,0.9749279121818236,-0.2225209339563143,-1
2025-12-24 08:00:00,Robotics_Lab,Lab,806.79,28.36,54.89,342,0,1,0,38.33,99,661.57,6454.3,2025,12,24,8,2,723.51,818.4,680.59,757.6633333333333,703.1633333333334,78.63650284511549,0.8660254037844387,-0.4999999999999998,0.9749279121818236,-0.2225209339563143,-1
2025-12-24 10:00:00,Robotics_Lab,Lab,740.17,27.36,54.27,213,0,1,0,48.94,91,606.94,5921.36,2025,12,24,10,2,619.62,632.32,763.99,722.1933333333333,706.545,78.58767930871988,0.4999999999999999,-0.8660254037844387,0.9749279121818236,-0.2225209339563143,-1
2025-12-26 01:00:00,Robotics_Lab,Lab,807.39,25.83,65.02,288,0,0,0,0.0,90,662.06,6459.11,2025,12,26,1,4,872.04,642.42,763.16,797.8699999999999,743.90875,62.95512827904314,0.2588190451025207,0.9659258262890684,-0.433883739117558,-0.9009688679024191,-1
2025-12-26 18:00:00,Robotics_Lab,Lab,694.81,25.56,49.51,20,0,0,0,0.0,94,569.74,5558.47,2025,12,26,18,4,629.44,802.3,749.41,686.5,721.52625,78.48607862226265,-1.0,-1.8369701987210292e-16,-0.433883739117558,-0.9009688679024191,-1
2025-12-26 23:00:00,Robotics_Lab,Lab,715.4,20.51,74.13,131,0,0,0,0.0,96,586.63,5723.2,2025,12,26,23,4,848.37,714.18,749.62,713.8133333333334,717.1866666666666,87.39772858786874,-0.2588190451025215,0.965925826289068,-0.433883739117558,-0.9009688679024191,-1
2025-12-27 00:00:00,Robotics_Lab,Lab,676.87,25.98,69.22,142,0,0,1,0.0,52,555.03,5414.92,2025,12,27,0,5,715.4,872.04,722.2,746.88,709.0545833333334,81.22461829525547,0.0,1.0,-0.9749279121818236,-0.2225209339563146,-1
2025-12-27 02:00:00,Robotics_Lab,Lab,760.92,29.17,60.18,134,0,0,1,0.0,78,623.96,6087.4,2025,12,27,2,5,668.74,661.26,777.38,702.1766666666666,707.43,79.13633156719374,0.4999999999999999,0.8660254037844387,-0.9749279121818236,-0.2225209339563146,-1
2025-12-27 03:00:00,Robotics_Lab,Lab,796.42,25.32,48.55,290,0,0,1,0.0,96,653.07,6371.37,2025,12,27,3,5,760.92,773.28,842.54,742.0266666666666,708.3941666666666,80.10849794343555,0.7071067811865476,0.7071067811865476,-0.9749279121818236,-0.2225209339563146,-1
2025-12-27 08:00:00,Robotics_Lab,Lab,731.03,25.36,79.37,300,0,0,1,59.6,56,599.44,5848.21,2025,12,27,8,5,653.64,689.66,634.9,720.9066666666666,712.5295833333333,81.26382228804017,0.8660254037844387,-0.4999999999999998,-0.9749279121818236,-0.2225209339563146,-1
2025-12-27 10:00:00,Robotics_Lab,Lab,821.81,31.76,60.83,392,0,0,1,39.58,77,673.89,6574.49,2025,12,27,10,5,555.42,616.45,674.05,702.7533333333332,717.0487499999999,87.26934923420016,0.4999999999999999,-0.8660254037844387,-0.9749279121818236,-0.2225209339563146,-1
2025-12-27 11:00:00,Robotics_Lab,Lab,715.17,35.4,46.74,133,0,0,1,28.63,48,586.44,5721.4,2025,12,27,11,5,821.81,920.07,822.88,697.4666666666667,708.51125,75.81532834073093,0.258819045102521,-0.9659258262890682,-0.9749279121818236,-0.2225209339563146,-1
2025-12-27 21:00:00,Robotics_Lab,Lab,649.79,30.27,50.79,23,0,0,1,0.0,58,532.83,5198.36,2025,12,27,21,5,580.76,577.67,765.45,653.2566666666667,707.6158333333333,77.99729102969408,-0.7071067811865477,0.7071067811865474,-0.9749279121818236,-0.2225209339563146,-1
2025-12-27 23:00:00,Robotics_Lab,Lab,680.24,20.23,66.11,22,0,0,1,0.0,84,557.79,5441.89,2025,12,27,23,5,636.99,715.4,809.18,655.6733333333333,697.3433333333332,73.2045419514286,-0.2588190451025215,0.965925826289068,-0.9749279121818236,-0.2225209339563146,-1
2025-12-28 00:00:00,Robotics_Lab,Lab,831.92,32.93,67.8,295,0,0,1,0.0,88,682.17,6655.34,2025,12,28,0,6,680.24,676.87,741.91,716.3833333333333,703.80375,78.00358084380643,0.0,1.0,-0.7818314824680299,0.6234898018587334,-1
2025-12-28 01:00:00,Robotics_Lab,Lab,809.45,32.35,58.35,372,0,0,1,0.0,83,663.75,6475.61,2025,12,28,1,6,831.92,668.74,695.62,773.87,709.6666666666666,80.50156383394025,0.2588190451025207,0.9659258262890684,-0.7818314824680299,0.6234898018587334,-1
2025-12-28 04:00:00,Robotics_Lab,Lab,740.06,30.37,60.33,241,0,0,1,0.0,95,606.85,5920.49,2025,12,28,4,6,702.72,631.61,817.6,703.2366666666667,706.3649999999999,76.71020061413367,0.8660254037844386,0.5000000000000001,-0.7818314824680299,0.6234898018587334,-1
2025-12-28 07:00:00,Robotics_Lab,Lab,600.66,29.5,73.49,86,0,0,1,54.92,41,492.54,4805.28,2025,12,28,7,6,588.24,653.64,758.14,640.92,697.17625,81.09388942896386,0.9659258262890684,-0.2588190451025206,-0.7818314824680299,0.6234898018587334,-1
2025-12-28 10:00:00,Robotics_Lab,Lab,818.25,34.25,73.05,331,0,0,1,40.63,61,670.97,6546.02,2025,12,28,10,6,764.15,821.81,720.82,748.9733333333334,702.95375,76.2969630036915,0.4999999999999999,-0.8660254037844387,-0.7818314824680299,0.6234898018587334,-1
2025-12-28 11:00:00,Robotics_Lab,Lab,621.11,31.95,71.32,54,0,1,1,39.15,74,509.31,4968.9,2025,12,28,11,6,818.25,715.17,735.78,734.5033333333334,699.0345833333334,78.03810016959255,0.258819045102521,-0.9659258262890682,-0.7818314824680299,0.6234898018587334,-1
2025-12-28 15:00:00,Robotics_Lab,Lab,838.79,30.53,85.37,346,0,0,1,40.07,75,687.81,6710.3,2025,12,28,15,6,715.9,776.54,771.65,787.2066666666666,712.1133333333333,80.58974919530503,-0.7071067811865471,-0.7071067811865479,-0.7818314824680299,0.6234898018587334,-1
2025-12-28 16:00:00,Robotics_Lab,Lab,779.54,26.5,64.73,205,0,0,1,38.5,93,639.22,6236.29,2025,12,28,16,6,838.79,738.92,737.56,778.0766666666667,713.8058333333333,81.5974437961009,-0.8660254037844385,-0.5000000000000004,-0.7818314824680299,0.6234898018587334,-1
2025-12-28 18:00:00,Robotics_Lab,Lab,686.43,33.28,58.46,87,0,0,1,0.0,63,562.88,5491.47,2025,12,28,18,6,643.97,823.75,788.89,703.3133333333332,707.5749999999999,78.69166637275842,-1.0,-1.8369701987210292e-16,-0.7818314824680299,0.6234898018587334,-1
2025-12-28 19:00:00,Robotics_Lab,Lab,780.63,23.97,73.14,322,0,0,1,0.0,49,640.12,6245.05,2025,12,28,19,6,686.43,729.22,844.03,703.6766666666666,709.7170833333333,79.99540875298896,-0.9659258262890684,0.2588190451025203,-0.7818314824680299,0.6234898018587334,-1
2025-12-28 20:00:00,Robotics_Lab,Lab,772.35,24.46,50.73,265,0,0,1,0.0,81,633.33,6178.83,2025,12,28,20,6,780.63,580.76,815.39,746.4699999999999,717.7000000000002,76.02820146097918,-0.8660254037844386,0.5000000000000001,-0.7818314824680299,0.6234898018587334,-1
2025-12-28 23:00:00,Robotics_Lab,Lab,805.41,25.37,62.97,334,0,1,1,0.0,60,660.43,6443.26,2025,12,28,23,6,729.62,680.24,808.42,748.5300000000001,729.3070833333335,73.74167947045483,-0.2588190451025215,0.965925826289068,-0.7818314824680299,0.6234898018587334,-1
2025-12-29 06:00:00,Robotics_Lab,Lab,694.92,25.84,58.76,200,1,0,0,0.0,44,569.83,5559.33,2025,12,29,6,0,748.88,588.24,604.07,746.16,734.8545833333334,64.04254000470166,1.0,6.123233995736766e-17,0.0,1.0,-1
2025-12-30 12:00:00,Robotics_Lab,Lab,861.63,28.7,51.05,379,1,0,0,21.95,86,706.54,6893.07,2025,12,30,12,1,793.31,632.36,820.51,786.8866666666667,733.9983333333334,78.0844133345272,1.2246467991473532e-16,-1.0,0.7818314824680298,0.6234898018587336,-1
2025-12-31 00:00:00,Robotics_Lab,Lab,840.61,32.05,66.13,366,0,0,0,0.0,93,689.3,6724.88,2025,12,31,0,2,775.88,774.05,674.96,811.9833333333332,737.4195833333333,69.62836337855144,0.0,1.0,0.9749279121818236,-0.2225209339563143,-1
2025-01-11 13:00:00,Sports_Complex,Sports,345.19,23.85,75.22,221,1,0,1,35.19,6,283.06,2761.55,2025,1,11,13,5,451.89,399.3,347.61,409.7133333333333,407.1325,56.99538877228879,-0.2588190451025208,-0.9659258262890684,-0.9749279121818236,-0.2225209339563146,-1
2025-01-13 13:00:00,Sports_Complex,Sports,267.63,27.27,74.6,36,1,0,0,51.97,27,219.45,2141.01,2025,1,13,13,0,317.12,426.91,409.91,338.47,404.1425,78.57044954246058,-0.2588190451025208,-0.9659258262890684,0.0,1.0,-1
2025-01-24 10:00:00,Sports_Complex,Sports,341.75,27.93,48.96,133,1,0,0,47.16,19,280.23,2733.99,2025,1,24,10,4,343.96,238.38,304.49,351.66333333333324,414.6775,51.90167746723652,0.4999999999999999,-0.8660254037844387,-0.433883739117558,-0.9009688679024191,-1
2025-01-25 05:00:00,Sports_Complex,Sports,348.33,22.47,48.88,94,1,1,1,0.0,27,285.63,2786.62,2025,1,25,5,5,420.92,454.61,436.35,366.47,384.03958333333327,45.29538228495887,0.9659258262890684,0.2588190451025207,-0.9749279121818236,-0.2225209339563146,-1
2025-01-29 10:00:00,Sports_Complex,Sports,277.64,19.8,77.67,91,1,0,0,28.01,9,227.67,2221.13,2025,1,29,10,2,274.23,369.96,319.06,321.3333333333334,415.5754166666666,66.04464148879951,0.4999999999999999,-0.8660254037844387,0.9749279121818236,-0.2225209339563143,-1
2025-01-30 23:00:00,Sports_Complex,Sports,309.04,26.53,77.47,60,1,0,0,0.0,10,253.42,2472.36,2025,1,30,23,3,411.2,446.55,398.79,408.3500000000001,393.28625,59.76937079580213,-0.2588190451025215,0.965925826289068,0.4338837391175582,-0.900968867902419,-1
2025-02-03 11:00:00,Sports_Complex,Sports,273.03,32.78,83.45,28,0,1,0,69.69,5,223.89,2184.27,2025,2,3,11,0,461.7,457.16,402.63,384.51666666666665,403.20875,71.6764036918402,0.258819045102521,-0.9659258262890682,0.0,1.0,-1
2025-02-15 15:00:00,Sports_Complex,Sports,269.56,29.28,57.68,24,1,0,1,39.61,17,221.04,2156.46,2025,2,15,15,5,275.91,272.28,432.69,319.68,409.6216666666666,66.73044534717175,-0.7071067811865471,-0.7071067811865479,-0.9749279121818236,-0.2225209339563146,-1
2025-02-16 20:00:00,Sports_Complex,Sports,429.16,23.08,46.7,251,1,0,1,0.0,27,351.91,3433.24,2025,2,16,20,6,300.33,552.33,308.93,379.04333333333335,382.43875,59.782071059044846,-0.8660254037844386,0.5000000000000001,-0.7818314824680299,0.6234898018587334,-1
2025-03-01 16:00:00,Sports_Complex,Sports,365.6,19.57,53.38,120,1,0,1,40.08,38,299.79,2924.8,2025,3,1,16,5,466.56,333.36,461.86,431.56,403.3225,78.88674883213498,-0.8660254037844385,-0.5000000000000004,-0.9749279121818236,-0.2225209339563146,-1
2025-03-30 03:00:00,Sports_Complex,Sports,377.63,20.15,75.06,107,1,0,1,0.0,19,309.66,3021.06,2025,3,30,3,6,304.29,367.98,488.46,365.6266666666668,384.5516666666667,66.6025750688149,0.7071067811865476,0.7071067811865476,-0.7818314824680299,0.6234898018587334,-1
2025-04-01 09:00:00,Sports_Complex,Sports,278.92,20.85,54.55,45,0,1,0,47.4,7,228.72,2231.38,2025,4,1,9,1,458.54,304.31,310.98,348.1466666666668,385.0154166666667,55.9420079367265,0.7071067811865476,-0.7071067811865475,0.7818314824680298,0.6234898018587336,-1
2025-04-20 11:00:00,Sports_Complex,Sports,355.41,34.54,67.81,271,1,0,1,62.16,5,291.43,2843.25,2025,4,20,11,6,344.34,417.04,367.02,341.3866666666668,391.1270833333333,48.86049319717322,0.258819045102521,-0.9659258262890682,-0.7818314824680299,0.6234898018587334,-1
2025-04-25 09:00:00,Sports_Complex,Sports,363.64,31.91,60.91,191,1,1,0,60.07,20,298.19,2909.13,2025,4,25,9,4,313.13,324.72,302.86,354.65000000000026,369.65833333333336,43.012123737450935,0.7071067811865476,-0.7071067811865475,-0.433883739117558,-0.9009688679024191,-1
2025-04-26 16:00:00,Sports_Complex,Sports,396.79,31.53,62.8,181,1,0,1,54.82,38,325.37,3174.33,2025,4,26,16,5,373.16,337.98,336.94,406.3133333333335,414.4495833333333,66.16224087204232,-0.8660254037844385,-0.5000000000000004,-0.9749279121818236,-0.2225209339563146,-1
2025-04-30 08:00:00,Sports_Complex,Sports,343.35,32.89,45.58,80,1,1,0,34.94,29,281.55,2746.83,2025,4,30,8,2,349.58,300.54,375.17,370.0566666666669,379.82708333333335,55.30668891688652,0.8660254037844387,-0.4999999999999998,0.9749279121818236,-0.2225209339563143,-1
2025-05-02 11:00:00,Sports_Complex,Sports,402.19,21.73,42.04,377,1,1,0,24.57,12,329.8,3217.53,2025,5,2,11,4,364.24,401.42,393.69,363.8800000000001,398.8479166666666,55.44723578629125,0.258819045102521,-0.9659258262890682,-0.433883739117558,-0.9009688679024191,-1
2025-05-04 10:00:00,Sports_Complex,Sports,255.27,28.57,76.14,24,1,0,1,63.11,9,209.32,2042.13,2025,5,4,10,6,401.26,417.82,325.13,353.7933333333335,397.55,69.70314514767799,0.4999999999999999,-0.8660254037844387,-0.7818314824680299,0.6234898018587334,-1
2025-05-11 10:00:00,Sports_Complex,Sports,312.75,27.21,75.65,63,1,0,1,43.96,18,256.45,2502.0,2025,5,11,10,6,338.13,387.9,255.27,311.0100000000001,390.3954166666667,68.4649140216561,0.4999999999999999,-0.8660254037844387,-0.7818314824680299,0.6234898018587334,-1
2025-05-24 22:00:00,Sports_Complex,Sports,450.51,27.15,68.66,286,1,1,1,0.0,8,369.42,3604.05,2025,5,24,22,5,468.3,326.78,397.45,418.9333333333335,402.7533333333333,65.56410362430024,-0.5000000000000004,0.8660254037844384,-0.9749279121818236,-0.2225209339563146,-1
2025-06-01 05:00:00,Sports_Complex,Sports,278.71,23.63,66.01,30,1,0,1,0.0,8,228.54,2229.69,2025,6,1,5,6,378.22,452.47,359.86,326.4166666666668,392.1425,54.72306065445632,0.9659258262890684,0.2588190451025207,-0.7818314824680299,0.6234898018587334,-1
2025-06-01 09:00:00,Sports_Complex,Sports,411.61,26.8,69.6,360,1,0,1,68.63,5,337.52,3292.87,2025,6,1,9,6,340.67,326.48,470.13,359.06666666666683,394.8141666666667,53.976646634299726,0.7071067811865476,-0.7071067811865475,-0.7818314824680299,0.6234898018587334,-1
2025-06-07 13:00:00,Sports_Complex,Sports,275.27,37.55,79.08,64,0,1,1,33.43,10,225.72,2202.14,2025,6,7,13,5,238.24,460.58,445.38,316.8233333333335,399.02291666666673,75.25017512498286,-0.2588190451025208,-0.9659258262890684,-0.9749279121818236,-0.2225209339563146,-1
2025-06-08 11:00:00,Sports_Complex,Sports,268.32,28.78,56.88,41,0,1,1,65.24,27,220.02,2146.55,2025,6,8,11,6,464.9,436.96,356.1,389.0533333333335,371.7141666666666,68.70582994797876,0.258819045102521,-0.9659258262890682,-0.7818314824680299,0.6234898018587334,-1
2025-06-21 17:00:00,Sports_Complex,Sports,337.36,38.78,62.92,99,1,0,1,50.35,7,276.64,2698.88,2025,6,21,17,5,294.54,319.85,457.72,335.14666666666693,398.0308333333333,53.37969886997559,-0.9659258262890684,-0.2588190451025206,-0.9749279121818236,-0.2225209339563146,-1
2025-06-28 23:00:00,Sports_Complex,Sports,470.18,24.38,76.21,333,1,0,1,0.0,8,385.55,3761.42,2025,6,28,23,5,330.34,462.69,334.98,436.3733333333336,405.4579166666667,61.8677860250788,-0.2588190451025215,0.965925826289068,-0.9749279121818236,-0.2225209339563146,-1
2025-07-12 01:00:00,Sports_Complex,Sports,491.48,25.56,50.19,384,1,1,1,0.0,18,403.02,3931.86,2025,7,12,1,5,400.11,439.0,460.54,448.1966666666669,398.1375000000001,56.9127267993647,0.2588190451025207,0.9659258262890684,-0.9749279121818236,-0.2225209339563146,-1
2025-08-01 10:00:00,Sports_Complex,Sports,253.35,26.86,60.74,47,1,0,0,67.49,5,207.75,2026.8,2025,8,1,10,4,409.45,333.8,378.01,313.0333333333337,372.6875,62.150706194175925,0.4999999999999999,-0.8660254037844387,-0.433883739117558,-0.9009688679024191,-1
2025-08-02 09:00:00,Sports_Complex,Sports,436.66,26.9,91.05,289,1,0,1,48.61,35,358.06,3493.26,2025,8,2,9,5,284.4,409.45,299.0,360.6433333333337,387.1395833333333,71.12403944360412,0.7071067811865476,-0.7071067811865475,-0.9749279121818236,-0.2225209339563146,-1
2025-08-10 18:00:00,Sports_Complex,Sports,324.7,17.81,73.71,43,1,0,1,0.0,31,266.25,2597.59,2025,8,10,18,6,429.59,356.44,458.29,344.1866666666671,404.26875,61.82699729100327,-1.0,-1.8369701987210292e-16,-0.7818314824680299,0.6234898018587334,-1
2025-08-24 20:00:00,Sports_Complex,Sports,327.02,31.97,56.67,22,1,0,1,0.0,10,268.15,2616.14,2025,8,24,20,6,327.96,390.13,475.59,379.5566666666671,400.3216666666667,73.29402601355275,-0.8660254037844386,0.5000000000000001,-0.7818314824680299,0.6234898018587334,-1
2025-08-31 17:00:00,Sports_Complex,Sports,252.57,20.8,60.34,25,1,1,1,42.94,16,207.11,2020.56,2025,8,31,17,6,309.81,368.86,470.88,289.1866666666671,379.6670833333333,58.76877235544968,-0.9659258262890684,-0.2588190451025206,-0.7818314824680299,0.6234898018587334,-1
2025-09-27 13:00:00,Sports_Complex,Sports,288.16,24.71,78.77,59,1,0,1,42.25,18,236.29,2305.28,2025,9,27,13,5,301.59,448.81,445.34,330.2066666666672,386.41291666666666,56.74504402639912,-0.2588190451025208,-0.9659258262890684,-0.9749279121818236,-0.2225209339563146,-1
2025-09-28 12:00:00,Sports_Complex,Sports,350.4,34.17,80.1,97,1,0,1,45.1,17,287.33,2803.18,2025,9,28,12,6,401.91,301.59,342.84,343.8566666666672,400.9975,68.91570466881954,1.2246467991473532e-16,-1.0,-0.7818314824680299,0.6234898018587334,-1
2025-10-04 02:00:00,Sports_Complex,Sports,484.22,30.56,73.85,380,1,0,1,0.0,17,397.06,3873.73,2025,10,4,2,5,402.86,500.46,472.37,410.16333333333387,387.5195833333334,62.58850647920185,0.4999999999999999,0.8660254037844387,-0.9749279121818236,-0.2225209339563146,-1
2025-10-04 12:00:00,Sports_Complex,Sports,325.87,26.91,81.39,190,1,0,1,50.3,21,267.21,2606.96,2025,10,4,12,5,337.24,370.83,301.59,340.76000000000056,387.2170833333333,63.28243608782879,1.2246467991473532e-16,-1.0,-0.9749279121818236,-0.2225209339563146,-1
2025-10-04 19:00:00,Sports_Complex,Sports,353.55,32.82,68.15,39,1,0,1,0.0,23,289.91,2828.37,2025,10,4,19,5,369.13,447.25,438.86,342.2900000000005,393.7558333333333,61.58373034132956,-0.9659258262890684,0.2588190451025203,-0.9749279121818236,-0.2225209339563146,-1
2025-10-05 08:00:00,Sports_Complex,Sports,355.99,28.4,55.64,139,1,1,1,16.93,18,291.91,2847.88,2025,10,5,8,6,379.89,445.41,407.62,356.04666666666725,377.11375,53.201934568658686,0.8660254037844387,-0.4999999999999998,-0.7818314824680299,0.6234898018587334,-1
2025-10-05 12:00:00,Sports_Complex,Sports,456.3,29.81,73.44,360,1,0,1,82.84,30,374.17,3650.43,2025,10,5,12,6,385.04,325.87,350.4,387.8966666666672,378.29125,50.41284009253656,1.2246467991473532e-16,-1.0,-0.7818314824680299,0.6234898018587334,-1
2025-10-19 14:00:00,Sports_Complex,Sports,310.51,26.29,59.47,110,1,0,1,44.19,38,254.62,2484.09,2025,10,19,14,6,450.42,457.34,469.76,405.39000000000055,389.0579166666667,67.20867341666177,-0.4999999999999997,-0.8660254037844388,-0.7818314824680299,0.6234898018587334,-1
2025-10-25 15:00:00,Sports_Complex,Sports,251.65,20.24,55.78,22,0,1,1,35.67,15,206.36,2013.22,2025,10,25,15,5,315.32,338.27,357.21,299.17666666666724,382.6,59.5106232387196,-0.7071067811865471,-0.7071067811865479,-0.9749279121818236,-0.2225209339563146,-1
2025-11-08 11:00:00,Sports_Complex,Sports,332.26,23.0,49.54,134,1,0,1,37.15,19,272.45,2658.09,2025,11,8,11,5,394.66,465.77,423.6,346.9333333333339,385.62958333333336,53.10416298093538,0.258819045102521,-0.9659258262890682,-0.9749279121818236,-0.2225209339563146,-1
2025-11-15 16:00:00,Sports_Complex,Sports,279.47,33.23,55.07,31,1,1,1,45.87,35,229.16,2235.74,2025,11,15,16,5,351.8,450.08,422.31,325.3400000000006,381.84875000000005,60.8453179444467,-0.8660254037844385,-0.5000000000000004,-0.9749279121818236,-0.2225209339563146,-1
2025-11-17 12:00:00,Sports_Complex,Sports,294.28,28.57,55.06,128,1,1,0,24.23,5,241.31,2354.27,2025,11,17,12,0,350.51,309.48,323.21,307.733333333334,384.22083333333336,65.13744417812165,1.2246467991473532e-16,-1.0,0.0,1.0,-1
2025-11-23 01:00:00,Sports_Complex,Sports,471.09,24.03,74.86,393,1,0,1,0.0,9,386.29,3768.72,2025,11,23,1,6,405.31,486.21,481.71,446.0900000000006,412.1575,60.11899361664545,0.2588190451025207,0.9659258262890684,-0.7818314824680299,0.6234898018587334,-1
2025-11-27 17:00:00,Sports_Complex,Sports,351.95,29.8,66.71,61,1,1,0,22.8,34,288.6,2815.58,2025,11,27,17,3,327.27,298.21,449.93,352.83333333333394,395.7145833333333,59.561080229288045,-0.9659258262890684,-0.2588190451025206,0.4338837391175582,-0.900968867902419,-1
2025-11-30 22:00:00,Sports_Complex,Sports,439.48,28.23,63.71,267,1,0,1,0.0,30,360.37,3515.82,2025,11,30,22,6,443.29,470.49,445.6,461.1266666666673,412.79333333333335,69.64847366639111,-0.5000000000000004,0.8660254037844384,-0.7818314824680299,0.6234898018587334,-1
2025-12-07 11:00:00,Sports_Complex,Sports,317.58,26.06,81.09,95,1,0,1,47.97,6,260.42,2540.64,2025,12,7,11,6,402.94,283.72,516.35,372.8666666666672,408.87875,66.9380712698392,0.258819045102521,-0.9659258262890682,-0.7818314824680299,0.6234898018587334,-1
2025-12-07 15:00:00,Sports_Complex,Sports,423.26,27.92,61.16,315,1,0,1,69.05,33,347.07,3386.05,2025,12,7,15,6,276.4,272.18,363.73,378.84333333333393,411.3683333333333,63.6909892382346,-0.7071067811865471,-0.7071067811865479,-0.7818314824680299,0.6234898018587334,-1
2025-12-13 17:00:00,Sports_Complex,Sports,337.6,27.56,73.06,166,1,0,1,64.44,9,276.83,2700.77,2025,12,13,17,5,355.95,416.87,377.51,349.93666666666724,382.9616666666666,54.861863658263765,-0.9659258262890684,-0.2588190451025206,-0.9749279121818236,-0.2225209339563146,-1
2025-12-14 04:00:00,Sports_Complex,Sports,382.93,30.06,49.4,132,1,0,1,0.0,36,314.0,3063.44,2025,12,14,4,6,404.07,450.85,392.94,383.40666666666726,395.5279166666666,50.26560791385341,0.8660254037844386,0.5000000000000001,-0.7818314824680299,0.6234898018587334,-1
2025-12-21 04:00:00,Sports_Complex,Sports,296.84,24.62,62.06,43,1,0,1,0.0,29,243.41,2374.75,2025,12,21,4,6,425.62,327.45,382.93,405.5866666666673,383.4875,64.26760934459537,0.8660254037844386,0.5000000000000001,-0.7818314824680299,0.6234898018587334,-1
2025-12-24 08:00:00,Sports_Complex,Sports,274.6,28.36,54.89,71,0,1,0,41.5,9,225.17,2196.81,2025,12,24,8,2,271.09,418.42,452.93,360.43666666666735,410.6170833333333,68.56199121196265,0.8660254037844387,-0.4999999999999998,0.9749279121818236,-0.2225209339563143,-1
